,"(42.125, -75.125)","(42.125, -74.875)","(42.125, -74.625)","(42.375, -75.125)","(42.375, -74.875)","(42.375, -74.625)"
1990-01-01,4.728809356689453,4.726686000823975,4.758174419403076,4.903003692626953,4.895274639129639,4.899739742279053
1990-01-02,2.7228901386260986,2.9150390625,3.1982219219207764,2.822377920150757,2.9976744651794434,3.2453198432922363
1990-01-03,3.47184419631958,3.6694374084472656,3.9479784965515137,3.523170232772827,3.6810224056243896,3.8912155628204346
1990-01-04,3.4846436977386475,3.5271201133728027,3.6889095306396484,3.6243438720703125,3.6274843215942383,3.7007486820220947
1990-01-05,3.0661025047302246,3.357853889465332,3.7556040287017822,3.068427085876465,3.336782455444336,3.6891987323760986
1990-01-06,5.504543304443359,5.398806571960449,5.318073749542236,5.511979103088379,5.370443344116211,5.233824729919434
1990-01-07,8.489027976989746,8.644482612609863,8.948070526123047,8.669395446777344,8.791363716125488,9.024069786071777
1990-01-08,11.235701560974121,11.343585968017578,11.480412483215332,11.270418167114258,11.398187637329102,11.527849197387695
1990-01-09,7.184191703796387,7.337923049926758,7.658131122589111,6.857998847961426,7.012358665466309,7.300553321838379
1990-01-10,2.636115550994873,2.725025177001953,2.9448812007904053,2.8144474029541016,2.8639070987701416,3.0305070877075195
1990-01-11,2.329763412475586,2.306422233581543,2.358339786529541,2.6675636768341064,2.6157140731811523,2.6145403385162354
1990-01-12,3.35023832321167,3.337590456008911,3.3519115447998047,3.4680309295654297,3.436373710632324,3.427177667617798
1990-01-13,3.7789690494537354,3.810668468475342,3.8925509452819824,3.801555633544922,3.821057081222534,3.88201642036438
1990-01-14,5.0497589111328125,5.220404624938965,5.449707984924316,5.07353401184082,5.223167419433594,5.417934894561768
1990-01-15,1.6667438745498657,1.7969307899475098,2.0306236743927,1.6971741914749146,1.8001269102096558,1.9877960681915283
1990-01-16,4.469010353088379,4.41026496887207,4.406527519226074,4.62590217590332,4.57517147064209,4.5603251457214355
1990-01-17,3.428226947784424,3.4535417556762695,3.5820047855377197,3.3834621906280518,3.399556875228882,3.4900412559509277
1990-01-18,6.572686672210693,6.6429266929626465,6.782318592071533,6.313745021820068,6.359889030456543,6.45899772644043
1990-01-19,4.883581638336182,5.003371715545654,5.237364768981934,4.894134044647217,4.974429130554199,5.146905899047852
1990-01-20,5.063358783721924,5.170943260192871,5.262658596038818,4.907240390777588,4.960197448730469,5.001485347747803
1990-01-21,5.963886737823486,6.155082702636719,6.417621612548828,5.914505481719971,6.042346477508545,6.222194671630859
1990-01-22,6.942797660827637,7.148931980133057,7.3868865966796875,6.949015140533447,7.099981307983398,7.257364273071289
1990-01-23,3.1836228370666504,3.316375494003296,3.587416172027588,3.269235134124756,3.342282295227051,3.509643316268921
1990-01-24,4.606783390045166,4.768142223358154,4.984036445617676,4.674739360809326,4.792821884155273,4.957168102264404
1990-01-25,6.309882640838623,6.430099010467529,6.605315208435059,6.55368709564209,6.650535583496094,6.76839542388916
1990-01-26,6.541390895843506,6.6926727294921875,6.92816686630249,6.565277099609375,6.680782794952393,6.871701717376709
1990-01-27,4.935927391052246,5.106200218200684,5.268482685089111,5.132600784301758,5.267536640167236,5.3950724601745605
1990-01-28,5.3738555908203125,5.422601222991943,5.550990581512451,5.404292106628418,5.419381141662598,5.502818584442139
1990-01-29,9.354887962341309,9.443286895751953,9.608360290527344,9.151468276977539,9.213394165039062,9.341649055480957
1990-01-30,4.350667953491211,4.6708221435546875,5.094820022583008,3.946734666824341,4.2148942947387695,4.571146011352539
1990-01-31,2.404923915863037,2.57273006439209,2.7731683254241943,2.1759891510009766,2.2922232151031494,2.4260284900665283
1990-02-01,2.808203935623169,2.982835054397583,3.2093088626861572,2.6001505851745605,2.750236749649048,2.960911989212036
1990-02-02,3.2447543144226074,3.300327777862549,3.43660044670105,3.2580883502960205,3.295351982116699,3.396909475326538
1990-02-03,4.683882236480713,4.760919570922852,4.882411956787109,4.561574459075928,4.614777088165283,4.698287487030029
1990-02-04,5.599233627319336,5.570426940917969,5.588002681732178,5.702978134155273,5.665192604064941,5.704761981964111
1990-02-05,3.699848175048828,3.6530518531799316,3.614229202270508,3.5883941650390625,3.5201761722564697,3.453284502029419
1990-02-06,6.07592248916626,6.243837356567383,6.409679889678955,6.087436199188232,6.230997562408447,6.348841667175293
1990-02-07,3.69230580329895,3.9019367694854736,4.1187872886657715,3.672267198562622,3.916107177734375,4.140540599822998
1990-02-08,4.239834308624268,4.449065685272217,4.628045082092285,4.023128509521484,4.206506252288818,4.3552327156066895
1990-02-09,3.44956374168396,3.394226551055908,3.368377447128296,3.4049153327941895,3.3477559089660645,3.3408043384552
1990-02-10,2.9456818103790283,3.004953622817993,3.1056604385375977,3.142603874206543,3.178797721862793,3.256618022918701
1990-02-11,5.410360336303711,5.561974048614502,5.79699182510376,5.323795795440674,5.456087589263916,5.633054256439209
1990-02-12,3.170762538909912,3.176424503326416,3.1953251361846924,3.039228916168213,3.0108895301818848,2.990440845489502
1990-02-13,5.950709819793701,5.974895000457764,5.9536004066467285,6.1162848472595215,6.115549087524414,6.090329647064209
1990-02-14,1.8561720848083496,1.9019311666488647,2.021139621734619,1.9054462909698486,1.9384347200393677,2.0352272987365723
1990-02-15,5.4588236808776855,5.513000965118408,5.607907295227051,5.574819087982178,5.597052097320557,5.661802768707275
1990-02-16,3.180921792984009,3.226855993270874,3.3213980197906494,3.219330310821533,3.238396167755127,3.29152250289917
1990-02-17,3.422581911087036,3.4302544593811035,3.5107123851776123,3.4645440578460693,3.4490604400634766,3.503194808959961
1990-02-18,1.9464842081069946,2.0687777996063232,2.2698240280151367,1.815750002861023,1.8892133235931396,2.0320699214935303
1990-02-19,5.182046413421631,5.175070285797119,5.216494083404541,5.292092800140381,5.277020454406738,5.289482116699219
1990-02-20,6.5987043380737305,6.591861724853516,6.583848476409912,6.744976043701172,6.741666793823242,6.731661319732666
1990-02-21,5.259408473968506,5.424408912658691,5.685670852661133,5.246588706970215,5.37840461730957,5.590609550476074
1990-02-22,2.514695405960083,2.647020101547241,2.793766498565674,2.836003541946411,2.966841220855713,3.1101367473602295
1990-02-23,4.094974994659424,4.148714542388916,4.250699043273926,4.397927284240723,4.448575496673584,4.514441013336182
1990-02-24,2.9073009490966797,3.010634183883667,3.1843807697296143,2.8008251190185547,2.8755078315734863,2.9991343021392822
1990-02-25,5.279410362243652,5.3910603523254395,5.580869674682617,5.153811931610107,5.243107318878174,5.386908054351807
1990-02-26,5.271134376525879,5.376240253448486,5.514026641845703,5.262088298797607,5.354895114898682,5.4755964279174805
1990-02-27,2.7065658569335938,2.7853426933288574,2.907221794128418,2.79317045211792,2.877957820892334,2.994600296020508
1990-02-28,6.507987022399902,6.538427352905273,6.623889446258545,6.626660346984863,6.628493785858154,6.679144382476807
1990-03-01,5.494640350341797,5.555221080780029,5.638692855834961,5.6346893310546875,5.690379619598389,5.767816543579102
1990-03-02,1.5809524059295654,1.500436544418335,1.4871758222579956,1.7926356792449951,1.7056410312652588,1.6604455709457397
1990-03-03,4.37654447555542,4.382789611816406,4.50333833694458,4.485353946685791,4.458419322967529,4.537359714508057
1990-03-04,7.992590427398682,8.16895866394043,8.366250991821289,8.019149780273438,8.164619445800781,8.315825462341309
1990-03-05,4.510300159454346,4.585757255554199,4.6999945640563965,4.468822002410889,4.553286075592041,4.663584232330322
1990-03-06,1.9136810302734375,1.8844815492630005,1.8854228258132935,1.9066320657730103,1.877766489982605,1.8718668222427368
1990-03-07,5.2918548583984375,5.315944194793701,5.417916774749756,5.259842395782471,5.276369571685791,5.336289405822754
1990-03-08,6.365479469299316,6.31276273727417,6.291284561157227,6.317842960357666,6.27008581161499,6.2576775550842285
1990-03-09,6.955539226531982,7.2877326011657715,7.650554656982422,6.865315914154053,7.185232162475586,7.516057014465332
1990-03-10,4.9632954597473145,4.87856912612915,4.861485481262207,4.688004493713379,4.572282314300537,4.5061869621276855
1990-03-11,7.241588592529297,7.3124308586120605,7.456145286560059,7.29969596862793,7.339470863342285,7.419778347015381
1990-03-12,6.9539313316345215,7.188469886779785,7.512384414672852,6.874022006988525,7.080313205718994,7.352890968322754
1990-03-13,7.427475452423096,7.594524383544922,7.871913433074951,7.443420886993408,7.572658061981201,7.7815022468566895
1990-03-14,5.839913368225098,5.917479515075684,6.072316646575928,5.755356788635254,5.802052974700928,5.89088249206543
1990-03-15,1.921208381652832,1.9220293760299683,1.9507297277450562,1.8544620275497437,1.8472340106964111,1.8613779544830322
1990-03-16,3.2691421508789062,3.23010516166687,3.2083473205566406,3.084904432296753,3.034517526626587,2.983055353164673
1990-03-17,4.153409957885742,4.294917583465576,4.488309860229492,3.7777185440063477,3.890294313430786,4.032732963562012
1990-03-18,1.9610862731933594,2.082770347595215,2.2243666648864746,1.8746150732040405,1.9929314851760864,2.120225667953491
1990-03-19,3.1701865196228027,3.1374244689941406,3.1814422607421875,3.0988991260528564,3.0606813430786133,3.0754129886627197
1990-03-20,3.7817373275756836,3.8172414302825928,3.900376796722412,3.7034285068511963,3.7396399974823,3.7883284091949463
1990-03-21,5.108901500701904,5.069969654083252,5.141278266906738,5.269376277923584,5.226980209350586,5.27557897567749
1990-03-22,7.566767692565918,7.6734700202941895,7.844429016113281,7.473965167999268,7.540150165557861,7.651978969573975
1990-03-23,8.452494621276855,8.706031799316406,9.068482398986816,8.49300765991211,8.71048355102539,8.997209548950195
1990-03-24,2.523801803588867,2.772181749343872,3.182512044906616,2.5194311141967773,2.759674072265625,3.1611742973327637
1990-03-25,3.237025737762451,3.3027803897857666,3.401937961578369,3.1454110145568848,3.1830575466156006,3.265510320663452
1990-03-26,4.774234294891357,4.758347034454346,4.729791164398193,4.64768123626709,4.597813606262207,4.5340962409973145
1990-03-27,1.986920714378357,1.9849514961242676,2.0159168243408203,1.8916218280792236,1.9033818244934082,1.9454729557037354
1990-03-28,3.797062397003174,3.8087751865386963,3.7433536052703857,3.6628499031066895,3.659344434738159,3.6038968563079834
1990-03-29,3.0793404579162598,3.0302364826202393,3.026738405227661,3.045518159866333,2.968125820159912,2.935607433319092
1990-03-30,2.9483957290649414,2.9712111949920654,3.027374505996704,2.8041062355041504,2.8251004219055176,2.8877310752868652
1990-03-31,2.3481030464172363,2.370359420776367,2.458268165588379,2.243262767791748,2.272130250930786,2.372612476348877
1990-04-01,3.9047975540161133,3.9660465717315674,4.053347110748291,3.884077548980713,3.924781560897827,3.98345685005188
1990-04-02,4.967898368835449,5.156852722167969,5.371548652648926,5.151944160461426,5.323904991149902,5.5060505867004395
1990-04-03,2.17421555519104,2.232215404510498,2.33514404296875,2.2264811992645264,2.2753477096557617,2.3667328357696533
1990-04-04,4.015895843505859,4.078617095947266,4.234438896179199,3.9242868423461914,3.9680185317993164,4.093700408935547
1990-04-05,3.49989652633667,3.6935195922851562,3.930433750152588,3.5183472633361816,3.683307647705078,3.876488447189331
1990-04-06,1.6449331045150757,1.6162925958633423,1.5891073942184448,1.6926956176757812,1.6628806591033936,1.627819538116455
1990-04-07,3.5173511505126953,3.528130531311035,3.563602924346924,3.640638828277588,3.623772382736206,3.624022960662842
1990-04-08,3.5353524684906006,3.702136754989624,3.875562906265259,3.5606472492218018,3.722196102142334,3.8817169666290283
1990-04-09,1.8727086782455444,2.042158842086792,2.2172086238861084,1.8941023349761963,2.058037757873535,2.220186948776245
1990-04-10,3.1601767539978027,3.100640058517456,3.1215808391571045,3.024862051010132,2.945937156677246,2.9336421489715576
1990-04-11,4.221427917480469,4.264798641204834,4.268805027008057,4.141574382781982,4.160867214202881,4.1449666023254395
1990-04-12,1.779395580291748,1.791456699371338,1.8629333972930908,1.6766879558563232,1.6873443126678467,1.7593142986297607
1990-04-13,4.060531139373779,4.07668399810791,4.118124008178711,4.057987213134766,4.044215202331543,4.039172172546387
1990-04-14,6.688379764556885,6.699381351470947,6.7535200119018555,6.71813440322876,6.726217269897461,6.760703086853027
1990-04-15,2.1994004249572754,2.299795150756836,2.4961390495300293,2.1544559001922607,2.2455363273620605,2.425830841064453
1990-04-16,3.8595409393310547,3.7972514629364014,3.732919216156006,3.9005067348480225,3.8394477367401123,3.750823974609375
1990-04-17,5.322688102722168,5.210596084594727,5.19598388671875,5.520444869995117,5.418144702911377,5.389446258544922
1990-04-18,5.211804389953613,5.169345378875732,5.274028778076172,5.397383689880371,5.340763092041016,5.377845764160156
1990-04-19,2.733705997467041,2.762899160385132,2.8121578693389893,2.7010691165924072,2.7229714393615723,2.752903938293457
1990-04-20,2.8299124240875244,2.822580575942993,2.846256971359253,2.8688888549804688,2.8571243286132812,2.8622682094573975
1990-04-21,3.613291025161743,3.649684429168701,3.705087423324585,3.6895031929016113,3.70548939704895,3.7300496101379395
1990-04-22,3.8290345668792725,3.890526533126831,4.019172668457031,3.860048770904541,3.8868072032928467,3.9612393379211426
1990-04-23,3.2273597717285156,3.294032573699951,3.383096694946289,3.2895803451538086,3.3236467838287354,3.360933780670166
1990-04-24,5.421558856964111,5.349220275878906,5.230584621429443,5.444202899932861,5.402501106262207,5.306412696838379
1990-04-25,3.5828285217285156,3.6112873554229736,3.639930009841919,3.6072943210601807,3.6351938247680664,3.6599416732788086
1990-04-26,4.263690948486328,4.144773006439209,3.989546298980713,4.4551801681518555,4.345072269439697,4.181154251098633
1990-04-27,4.975718021392822,4.851711273193359,4.717437744140625,5.215492248535156,5.113712787628174,5.008758544921875
1990-04-28,5.695224285125732,5.739223957061768,5.8052802085876465,5.611824989318848,5.649938583374023,5.708630561828613
1990-04-29,3.437148094177246,3.6021618843078613,3.875873565673828,3.722707986831665,3.8619132041931152,4.095188617706299
1990-04-30,1.7558465003967285,1.7705527544021606,1.784117341041565,1.839918851852417,1.8492926359176636,1.861154556274414
1990-05-01,2.152130126953125,2.1696507930755615,2.233884811401367,2.2434120178222656,2.2326886653900146,2.2611496448516846
1990-05-02,2.477529525756836,2.4478983879089355,2.419170379638672,2.5240561962127686,2.461174249649048,2.4030051231384277
1990-05-03,2.0577967166900635,2.0627455711364746,2.0702905654907227,2.0097084045410156,2.003601312637329,2.0073204040527344
1990-05-04,2.7513041496276855,2.7557971477508545,2.768888235092163,2.813382625579834,2.799238681793213,2.7993874549865723
1990-05-05,3.1025583744049072,3.14399790763855,3.193390130996704,3.187116861343384,3.2206790447235107,3.2598624229431152
1990-05-06,3.2972099781036377,3.2487094402313232,3.168961524963379,3.361523151397705,3.323732376098633,3.258185863494873
1990-05-07,4.314401149749756,4.501686096191406,4.751729488372803,4.09747838973999,4.254413604736328,4.464043140411377
1990-05-08,2.005887746810913,2.0369784832000732,2.1184558868408203,2.121694803237915,2.1297414302825928,2.1718568801879883
1990-05-09,2.986069679260254,3.0096113681793213,3.058624267578125,2.9920623302459717,2.997523546218872,3.0252151489257812
1990-05-10,1.6900126934051514,1.741284728050232,1.7976775169372559,1.6874312162399292,1.7222175598144531,1.7648265361785889
1990-05-11,2.16443133354187,2.2536940574645996,2.5324299335479736,2.1897976398468018,2.257903575897217,2.5009632110595703
1990-05-12,2.0678188800811768,2.001373529434204,1.942031979560852,1.9982000589370728,1.9152610301971436,1.8372451066970825
1990-05-13,2.6025664806365967,2.577038049697876,2.5600745677948,2.6464624404907227,2.6116178035736084,2.5790555477142334
1990-05-14,2.8216447830200195,2.8250513076782227,2.8986315727233887,2.9809508323669434,2.9608583450317383,2.998183250427246
1990-05-15,2.6260156631469727,2.6952874660491943,2.8108818531036377,2.6414389610290527,2.6887590885162354,2.769347667694092
1990-05-16,2.688027858734131,2.717409610748291,2.780708074569702,2.855253219604492,2.8678910732269287,2.90254545211792
1990-05-17,3.5369832515716553,3.5964720249176025,3.627410650253296,3.577479124069214,3.6282546520233154,3.6554336547851562
1990-05-18,1.8711892366409302,1.8916314840316772,1.9497301578521729,1.872383952140808,1.869329571723938,1.8979614973068237
1990-05-19,4.135794639587402,4.201180458068848,4.281611919403076,4.15722131729126,4.207337856292725,4.267665386199951
1990-05-20,3.6542155742645264,3.6597487926483154,3.657487154006958,3.6282293796539307,3.5986006259918213,3.55175518989563
1990-05-21,4.970452785491943,5.025977611541748,5.150773048400879,4.966723918914795,4.969318866729736,5.028277397155762
1990-05-22,2.5986437797546387,2.5955138206481934,2.5701723098754883,2.6284682750701904,2.636716842651367,2.628671646118164
1990-05-23,1.626308560371399,1.724787712097168,1.917911410331726,1.6598093509674072,1.7670708894729614,1.9455167055130005
1990-05-24,2.3675310611724854,2.4907875061035156,2.675769329071045,2.395829677581787,2.507275104522705,2.662700653076172
1990-05-25,2.049442768096924,2.0546669960021973,2.08878231048584,2.0903830528259277,2.073378562927246,2.074187755584717
1990-05-26,2.992784023284912,3.0259058475494385,3.0854544639587402,2.997725248336792,3.014378309249878,3.060307025909424
1990-05-27,1.8532215356826782,1.9100780487060547,1.9730392694473267,1.8636972904205322,1.9184426069259644,1.985958218574524
1990-05-28,2.903263568878174,2.9197194576263428,2.891148090362549,2.70615816116333,2.7060561180114746,2.668854236602783
1990-05-29,3.026277542114258,2.8942627906799316,2.932316303253174,3.154597282409668,3.0229811668395996,3.048631191253662
1990-05-30,4.427461624145508,4.343760013580322,4.271247386932373,4.675235748291016,4.583868980407715,4.478325366973877
1990-05-31,2.5698840618133545,2.6299471855163574,2.6922335624694824,2.5383713245391846,2.5947375297546387,2.6449687480926514
1990-06-01,0.9666962027549744,0.9936659336090088,1.0232045650482178,0.88408362865448,0.9100241661071777,0.9413596987724304
1990-06-02,3.006042003631592,3.132910966873169,3.300429105758667,2.789355993270874,2.903106927871704,3.053629159927368
1990-06-03,2.257784605026245,2.2240805625915527,2.191528558731079,2.3678085803985596,2.334498882293701,2.3041088581085205
1990-06-04,3.254206895828247,3.281623601913452,3.282477617263794,3.225419044494629,3.2368433475494385,3.2338314056396484
1990-06-05,2.6379494667053223,2.6112165451049805,2.5626657009124756,2.738769769668579,2.708400249481201,2.6585869789123535
1990-06-06,1.151745080947876,1.2459690570831299,1.401868462562561,1.2585221529006958,1.3175935745239258,1.4114758968353271
1990-06-07,2.207627296447754,2.336743116378784,2.44301438331604,2.024773359298706,2.129092216491699,2.2190680503845215
1990-06-08,3.1407644748687744,3.299271583557129,3.494769334793091,3.02284836769104,3.1523427963256836,3.32663893699646
1990-06-09,3.7116358280181885,3.7590744495391846,3.7990710735321045,3.691399335861206,3.7350716590881348,3.7883107662200928
1990-06-10,2.5499072074890137,2.6794962882995605,2.825854539871216,2.465463161468506,2.558974027633667,2.66225004196167
1990-06-11,4.308290481567383,4.390610694885254,4.486987113952637,4.412984848022461,4.461668014526367,4.507420539855957
1990-06-12,4.96776008605957,5.122145652770996,5.271292209625244,4.937631130218506,5.070399761199951,5.201001167297363
1990-06-13,3.37568998336792,3.471508026123047,3.5686376094818115,3.43772029876709,3.5193920135498047,3.5976860523223877
1990-06-14,2.753328323364258,2.792015552520752,2.868746280670166,2.8336732387542725,2.863443374633789,2.922879934310913
1990-06-15,3.092223644256592,3.2521138191223145,3.4015281200408936,3.2059733867645264,3.3331637382507324,3.4485585689544678
1990-06-16,4.480372428894043,4.546914577484131,4.621062755584717,4.440885066986084,4.486839771270752,4.5355544090271
1990-06-17,2.592999219894409,2.5787057876586914,2.540579319000244,2.5784263610839844,2.562875986099243,2.529834747314453
1990-06-18,1.7906837463378906,1.8251041173934937,1.7976205348968506,1.7691824436187744,1.8049719333648682,1.7874501943588257
1990-06-19,2.762624979019165,2.7565858364105225,2.748572826385498,2.6845974922180176,2.6730079650878906,2.642922878265381
1990-06-20,1.9520983695983887,1.9783855676651,2.0532515048980713,2.0955097675323486,2.1069154739379883,2.15852689743042
1990-06-21,2.755145788192749,2.8300628662109375,2.8921902179718018,2.7537763118743896,2.8171286582946777,2.879391670227051
1990-06-22,3.029822826385498,3.089905261993408,3.156747817993164,3.0684683322906494,3.11625337600708,3.1739609241485596
1990-06-23,2.948312520980835,2.9811034202575684,2.982164144515991,3.004148244857788,3.0194694995880127,2.995177745819092
1990-06-24,2.6203763484954834,2.6268138885498047,2.63507080078125,2.635923385620117,2.621955633163452,2.61555814743042
1990-06-25,2.4424164295196533,2.4837088584899902,2.5253798961639404,2.43902325630188,2.4743473529815674,2.509690523147583
1990-06-26,1.4240013360977173,1.4075433015823364,1.4198977947235107,1.2962028980255127,1.2838921546936035,1.2958765029907227
1990-06-27,5.637978553771973,5.752466678619385,5.90005350112915,5.638984203338623,5.715272426605225,5.814909934997559
1990-06-28,1.8921585083007812,1.9641122817993164,2.032217502593994,1.907947301864624,1.9728212356567383,2.032987117767334
1990-06-29,4.155427932739258,4.312343597412109,4.487491607666016,4.141912937164307,4.276396751403809,4.429322719573975
1990-06-30,3.439084768295288,3.558119773864746,3.7305636405944824,3.5264978408813477,3.646306037902832,3.8066017627716064
1990-07-01,3.7924883365631104,3.8517184257507324,3.9127674102783203,3.9422781467437744,3.999063491821289,4.050652503967285
1990-07-02,3.80354642868042,3.878216505050659,3.9802908897399902,3.7841994762420654,3.832484483718872,3.9035677909851074
1990-07-03,2.859072208404541,2.920747756958008,2.9908411502838135,2.89106822013855,2.946430206298828,3.0127999782562256
1990-07-04,1.603205919265747,1.6339274644851685,1.6469136476516724,1.4769927263259888,1.5099862813949585,1.524420976638794
1990-07-05,1.5201810598373413,1.528920292854309,1.4764525890350342,1.4285609722137451,1.4338939189910889,1.392992615699768
1990-07-06,3.127664089202881,3.1853115558624268,3.2151825428009033,3.157567024230957,3.187356472015381,3.1971163749694824
1990-07-07,3.178096294403076,3.251253128051758,3.3196420669555664,3.241037368774414,3.303021192550659,3.345029354095459
1990-07-08,2.8019983768463135,2.9568305015563965,3.161848545074463,2.8761637210845947,3.0075809955596924,3.17521595954895
1990-07-09,2.028470277786255,2.1259398460388184,2.261204957962036,2.0060043334960938,2.0850720405578613,2.188408136367798
1990-07-10,1.5395103693008423,1.5199037790298462,1.548573613166809,1.5283454656600952,1.5119868516921997,1.5438214540481567
1990-07-11,3.3364129066467285,3.4500584602355957,3.6137948036193848,3.469027280807495,3.568800926208496,3.7116823196411133
1990-07-12,3.084545135498047,3.0531744956970215,3.0384860038757324,3.0582687854766846,2.998344898223877,2.958629846572876
1990-07-13,2.3489952087402344,2.4455060958862305,2.6459381580352783,2.4214725494384766,2.4787306785583496,2.6210291385650635
1990-07-14,1.8671878576278687,1.9086167812347412,2.1008567810058594,1.9359465837478638,1.9637633562088013,2.11281418800354
1990-07-15,1.3634634017944336,1.4193590879440308,1.5224826335906982,1.338980793952942,1.381370186805725,1.4646434783935547
1990-07-16,1.1200554370880127,1.1502991914749146,1.2576656341552734,1.0991443395614624,1.1182327270507812,1.2088544368743896
1990-07-17,1.5424065589904785,1.6240609884262085,1.7458915710449219,1.5131504535675049,1.5865707397460938,1.6930980682373047
1990-07-18,1.3356455564498901,1.3818285465240479,1.4515058994293213,1.3729705810546875,1.40647554397583,1.4603389501571655
1990-07-19,1.7621281147003174,1.834227204322815,1.9090080261230469,1.857759714126587,1.9160666465759277,1.9614251852035522
1990-07-20,0.8216933608055115,0.8678715229034424,0.9280544519424438,0.8935183882713318,0.9498754739761353,1.0290957689285278
1990-07-21,1.044614553451538,1.103676676750183,1.185774326324463,1.152007818222046,1.16684091091156,1.2019271850585938
1990-07-22,3.5388259887695312,3.4703688621520996,3.4139320850372314,3.772225856781006,3.6879305839538574,3.6162798404693604
1990-07-23,4.370515823364258,4.565531253814697,4.769633769989014,4.379819393157959,4.5559515953063965,4.738402366638184
1990-07-24,1.9676071405410767,1.9777997732162476,2.0177032947540283,2.1791036128997803,2.1723744869232178,2.1817705631256104
1990-07-25,2.586857557296753,2.6459224224090576,2.6836161613464355,2.590987205505371,2.64856219291687,2.6976091861724854
1990-07-26,2.1115434169769287,2.176530361175537,2.2384262084960938,1.9864425659179688,2.034008741378784,2.0894434452056885
1990-07-27,1.7735425233840942,1.8759315013885498,2.0180423259735107,1.9403862953186035,2.022047996520996,2.1249635219573975
1990-07-28,3.016044855117798,3.146430015563965,3.319749116897583,3.027843475341797,3.141608953475952,3.283100128173828
1990-07-29,2.961495876312256,2.898585081100464,2.777400255203247,3.100353479385376,3.065282106399536,2.9709298610687256
1990-07-30,3.752690076828003,3.8613739013671875,4.002482891082764,3.7094950675964355,3.7957775592803955,3.9270572662353516
1990-07-31,1.294049620628357,1.3258482217788696,1.4118037223815918,1.4582654237747192,1.4982120990753174,1.5709168910980225
1990-08-01,3.9934730529785156,4.0951032638549805,4.176840305328369,3.7426037788391113,3.837803602218628,3.9309427738189697
1990-08-02,1.7418849468231201,1.7666704654693604,1.8336381912231445,2.0711171627044678,2.0868430137634277,2.1149256229400635
1990-08-03,1.2809923887252808,1.3465758562088013,1.455629825592041,1.373426914215088,1.430030345916748,1.524775743484497
1990-08-04,2.3459219932556152,2.378934144973755,2.396434783935547,2.441840410232544,2.481889486312866,2.522310256958008
1990-08-05,2.781336784362793,2.871817111968994,2.9792702198028564,2.6297929286956787,2.7095789909362793,2.8250017166137695
1990-08-06,1.960952639579773,2.0524256229400635,2.146503210067749,1.7984669208526611,1.8734360933303833,1.9623253345489502
1990-08-07,2.562809467315674,2.699631452560425,2.918850898742676,2.4446585178375244,2.5719499588012695,2.7708828449249268
1990-08-08,3.0059728622436523,3.0421111583709717,3.1187212467193604,2.9986438751220703,3.0110576152801514,3.056925058364868
1990-08-09,3.7650437355041504,3.918070077896118,4.074202060699463,3.681506872177124,3.8125386238098145,3.94295334815979
1990-08-10,1.921399474143982,2.03788685798645,2.1771228313446045,1.8974504470825195,1.99031662940979,2.1194396018981934
1990-08-11,2.1021320819854736,2.0832109451293945,2.0310769081115723,2.2209789752960205,2.1742446422576904,2.096613883972168
1990-08-12,4.38730001449585,4.454239845275879,4.564842700958252,4.459843635559082,4.496486186981201,4.566269874572754
1990-08-13,4.583232402801514,4.680431842803955,4.818002223968506,4.570065498352051,4.640198230743408,4.743116855621338
1990-08-14,3.857835531234741,3.9747960567474365,4.1101298332214355,3.8402042388916016,3.938372850418091,4.052875518798828
1990-08-15,1.6787384748458862,1.7853336334228516,1.9032622575759888,1.5623940229415894,1.645641565322876,1.7347089052200317
1990-08-16,3.338196039199829,3.444441556930542,3.548222541809082,3.4487955570220947,3.5247395038604736,3.594215154647827
1990-08-17,4.305418968200684,4.495956897735596,4.754223823547363,4.043466091156006,4.2171854972839355,4.45443058013916
1990-08-18,4.641008377075195,4.749950408935547,4.914422988891602,4.570240020751953,4.645586967468262,4.775066375732422
1990-08-19,4.566829204559326,4.7648491859436035,4.983673095703125,4.628116607666016,4.783169746398926,4.952472686767578
1990-08-20,3.3525850772857666,3.387460947036743,3.431384801864624,3.5029895305633545,3.5149219036102295,3.531822919845581
1990-08-21,2.3419055938720703,2.346637487411499,2.3238108158111572,2.223278045654297,2.22165846824646,2.201098918914795
1990-08-22,2.313063383102417,2.3948826789855957,2.4658093452453613,2.203836441040039,2.2671144008636475,2.3315701484680176
1990-08-23,2.447295665740967,2.392350196838379,2.4571189880371094,2.4465043544769287,2.374194860458374,2.3929150104522705
1990-08-24,2.2785353660583496,2.2555530071258545,2.3117711544036865,2.429328203201294,2.385584592819214,2.4111552238464355
1990-08-25,2.460920572280884,2.4219307899475098,2.4453775882720947,2.510929584503174,2.4586668014526367,2.460787534713745
1990-08-26,2.466019868850708,2.480724334716797,2.51693058013916,2.595771551132202,2.5933899879455566,2.608179807662964
1990-08-27,3.065375328063965,3.158968687057495,3.3052799701690674,3.039485216140747,3.104753255844116,3.2107880115509033
1990-08-28,3.907597064971924,4.0334882736206055,4.176416873931885,3.944533348083496,4.046254634857178,4.162050724029541
1990-08-29,4.100034236907959,4.257288455963135,4.437246799468994,4.093155384063721,4.2240681648254395,4.366146087646484
1990-08-30,2.6527464389801025,2.728750467300415,2.8519792556762695,2.6856908798217773,2.7439441680908203,2.8386166095733643
1990-08-31,2.0915908813476562,2.1169989109039307,2.1797163486480713,2.0493950843811035,2.0709545612335205,2.1348307132720947
1990-09-01,3.344860553741455,3.4014272689819336,3.466722011566162,3.1624224185943604,3.1924691200256348,3.229124069213867
1990-09-02,4.049544811248779,4.166407585144043,4.302785873413086,4.091757774353027,4.183506488800049,4.285184860229492
1990-09-03,3.3397068977355957,3.4661080837249756,3.612222194671631,3.1935646533966064,3.295226573944092,3.4161934852600098
1990-09-04,1.9482465982437134,2.0483202934265137,2.168323278427124,1.85408353805542,1.9478216171264648,2.0531108379364014
1990-09-05,1.6132409572601318,1.6582841873168945,1.752206563949585,1.5157827138900757,1.5673298835754395,1.6698695421218872
1990-09-06,0.8355132937431335,0.9096779823303223,1.1027836799621582,0.7513629198074341,0.8066779375076294,0.998400092124939
1990-09-07,1.2908576726913452,1.3036377429962158,1.3915971517562866,1.3755465745925903,1.3624180555343628,1.4135743379592896
1990-09-08,3.7699625492095947,3.8157296180725098,3.8804001808166504,3.777578830718994,3.7961044311523438,3.843787431716919
1990-09-09,6.441338062286377,6.583966255187988,6.793856620788574,6.418863296508789,6.537598609924316,6.695579528808594
1990-09-10,3.1682851314544678,3.3117284774780273,3.4998176097869873,3.2562408447265625,3.363013744354248,3.4980430603027344
1990-09-11,2.2949466705322266,2.373547077178955,2.4860622882843018,2.3868567943573,2.4496190547943115,2.539517879486084
1990-09-12,2.001142978668213,1.9287927150726318,1.839486002922058,1.9100275039672852,1.8166701793670654,1.711900234222412
1990-09-13,3.7967138290405273,3.8579370975494385,3.958338737487793,3.903089761734009,3.9492647647857666,4.023042678833008
1990-09-14,4.7402520179748535,4.8108015060424805,4.925271511077881,4.8090362548828125,4.863089561462402,4.957861423492432
1990-09-15,2.90627121925354,3.030153751373291,3.235182046890259,2.734750986099243,2.83039927482605,2.9994430541992188
1990-09-16,3.9543652534484863,3.8634581565856934,3.771700859069824,3.7035813331604004,3.585815906524658,3.5167248249053955
1990-09-17,4.029001712799072,4.225661754608154,4.489823818206787,4.0034003257751465,4.168023586273193,4.38320779800415
1990-09-18,2.4864161014556885,2.5977063179016113,2.7453277111053467,2.6407229900360107,2.7226104736328125,2.826547145843506
1990-09-19,3.1692497730255127,3.237649917602539,3.3127949237823486,3.1634066104888916,3.2071986198425293,3.252715587615967
1990-09-20,4.9974846839904785,5.066921710968018,5.16634464263916,4.978435039520264,5.00789737701416,5.052356243133545
1990-09-21,5.081985950469971,5.163180351257324,5.311196804046631,5.1099772453308105,5.161460876464844,5.258831024169922
1990-09-22,5.30134916305542,5.34920597076416,5.454870223999023,5.374059200286865,5.4044671058654785,5.471654415130615
1990-09-23,4.272909641265869,4.317229747772217,4.423527717590332,4.317232608795166,4.327291488647461,4.379189491271973
1990-09-24,5.5022292137146,5.457433223724365,5.418298721313477,5.60053014755249,5.559098243713379,5.524569034576416
1990-09-25,2.991163969039917,3.13542103767395,3.3659725189208984,3.069882869720459,3.182701349258423,3.366875648498535
1990-09-26,1.9194152355194092,1.9774976968765259,2.047539472579956,1.969531536102295,2.0137593746185303,2.059187889099121
1990-09-27,3.176382541656494,3.1888718605041504,3.266066789627075,2.9237117767333984,2.906193256378174,2.9728598594665527
1990-09-28,1.8041355609893799,1.9457006454467773,2.128972291946411,1.746770977973938,1.866512656211853,2.023597478866577
1990-09-29,4.689943313598633,4.6979475021362305,4.754599571228027,4.83322286605835,4.820495128631592,4.84670352935791
1990-09-30,6.397678375244141,6.584136962890625,6.865178108215332,6.557474136352539,6.715023040771484,6.9296488761901855
1990-10-01,2.61494517326355,2.9124341011047363,3.3403775691986084,2.4947381019592285,2.7661292552948,3.1682372093200684
1990-10-02,3.3860511779785156,3.409186601638794,3.454366683959961,3.5116465091705322,3.5195200443267822,3.5358355045318604
1990-10-03,1.4004263877868652,1.4904582500457764,1.598441481590271,1.3747661113739014,1.441270351409912,1.523655652999878
1990-10-04,3.4140923023223877,3.4988577365875244,3.6861183643341064,3.469953775405884,3.537404775619507,3.6869330406188965
1990-10-05,3.5931713581085205,3.6988425254821777,3.81791615486145,3.601006031036377,3.689413070678711,3.7888591289520264
1990-10-06,2.440964698791504,2.49033522605896,2.6214301586151123,2.513788938522339,2.5510833263397217,2.653444290161133
1990-10-07,3.5830650329589844,3.610722541809082,3.625983953475952,3.69990873336792,3.7039794921875,3.732213258743286
1990-10-08,5.132423400878906,5.0674004554748535,5.129741191864014,5.395073413848877,5.281313896179199,5.268989562988281
1990-10-09,7.379851341247559,7.523334503173828,7.661820411682129,7.442856788635254,7.549912929534912,7.62310266494751
1990-10-10,3.896876811981201,4.0475077629089355,4.266500949859619,4.064922332763672,4.178783893585205,4.342412948608398
1990-10-11,3.8756580352783203,4.046405792236328,4.268877983093262,3.9650115966796875,4.113654136657715,4.306512832641602
1990-10-12,2.736565113067627,2.9103846549987793,3.145183563232422,2.636909246444702,2.7940890789031982,3.0169005393981934
1990-10-13,1.5674419403076172,1.5903679132461548,1.6503725051879883,1.5447882413864136,1.5514315366744995,1.5840816497802734
1990-10-14,4.246500015258789,4.3060994148254395,4.470940589904785,4.400197982788086,4.440977096557617,4.563101768493652
1990-10-15,4.846319675445557,4.867537498474121,5.0062479972839355,4.926850318908691,4.903223991394043,4.970371246337891
1990-10-16,5.421682834625244,5.552769184112549,5.705687046051025,5.3398590087890625,5.432819366455078,5.558487892150879
1990-10-17,3.7615175247192383,3.7107300758361816,3.64766001701355,3.7660040855407715,3.707184076309204,3.6416845321655273
1990-10-18,3.138988733291626,3.2347142696380615,3.34975528717041,3.052027702331543,3.1400277614593506,3.2483091354370117
1990-10-19,4.263611793518066,4.329217910766602,4.485235691070557,4.365640640258789,4.393935680389404,4.5127363204956055
1990-10-20,5.001220703125,5.046147346496582,5.129664421081543,5.2751593589782715,5.298876762390137,5.372297286987305
1990-10-21,5.402956008911133,5.426731109619141,5.535241603851318,5.660365581512451,5.682590961456299,5.744079113006592
1990-10-22,5.67128849029541,5.742928981781006,5.767767906188965,5.641513824462891,5.7051591873168945,5.719879150390625
1990-10-23,5.258213043212891,5.555791854858398,5.980994701385498,5.243833541870117,5.489648342132568,5.8469977378845215
1990-10-24,3.122627019882202,3.079930067062378,3.066585063934326,3.208458662033081,3.1433982849121094,3.1192240715026855
1990-10-25,2.6809239387512207,2.844994306564331,3.0165505409240723,2.748201847076416,2.900818347930908,3.0591065883636475
1990-10-26,2.6727964878082275,2.6787943840026855,2.7279458045959473,2.638808250427246,2.6050870418548584,2.5964465141296387
1990-10-27,5.6938300132751465,5.738760948181152,5.782410144805908,5.377849578857422,5.400247573852539,5.436055660247803
1990-10-28,7.007457733154297,7.3064351081848145,7.637936115264893,6.804089069366455,7.066611289978027,7.3888139724731445
1990-10-29,3.9609384536743164,4.166974067687988,4.495760440826416,3.849691867828369,4.020633220672607,4.313044548034668
1990-10-30,3.993631601333618,3.9779410362243652,4.018819332122803,3.9808175563812256,3.9287269115448,3.920910596847534
1990-10-31,4.326379776000977,4.39180326461792,4.536538600921631,4.447230339050293,4.476758003234863,4.562500953674316
1990-11-01,4.331628799438477,4.448818206787109,4.6004204750061035,4.367774963378906,4.450083255767822,4.5540900230407715
1990-11-02,4.641955852508545,4.588353157043457,4.5022292137146,4.880488395690918,4.8281755447387695,4.727313041687012
1990-11-03,4.453123569488525,4.603456020355225,4.830838680267334,4.521882057189941,4.630502700805664,4.793028354644775
1990-11-04,4.834296703338623,4.94645357131958,5.11777400970459,4.7538042068481445,4.814528942108154,4.923567295074463
1990-11-05,3.3251922130584717,3.4919514656066895,3.754624366760254,3.3933403491973877,3.518122911453247,3.7051076889038086
1990-11-06,3.232355833053589,3.1577203273773193,3.1381258964538574,3.280379056930542,3.18680477142334,3.118929386138916
1990-11-07,2.360715389251709,2.3999974727630615,2.426503896713257,2.2507643699645996,2.271890878677368,2.293039560317993
1990-11-08,3.903406858444214,4.010074615478516,4.1472063064575195,3.930305242538452,4.012075424194336,4.117001056671143
1990-11-09,3.5335347652435303,3.594295024871826,3.6346006393432617,3.499598264694214,3.556541919708252,3.5988831520080566
1990-11-10,1.0418442487716675,1.0561656951904297,1.1281343698501587,1.0640941858291626,1.0792112350463867,1.148282527923584
1990-11-11,3.991072177886963,4.098062515258789,4.206175804138184,4.0074591636657715,4.087642192840576,4.135773658752441
1990-11-12,2.233672857284546,2.3361711502075195,2.4880475997924805,1.994662880897522,2.0763020515441895,2.1934854984283447
1990-11-13,3.674003839492798,3.6540515422821045,3.7217891216278076,3.8261263370513916,3.768261432647705,3.801135301589966
1990-11-14,8.511336326599121,8.635164260864258,8.826139450073242,8.658989906311035,8.73548412322998,8.86121654510498
1990-11-15,5.080709457397461,5.437687873840332,5.899078845977783,5.143782615661621,5.459664821624756,5.8637614250183105
1990-11-16,4.288508415222168,4.379458904266357,4.4467644691467285,4.259247303009033,4.328487396240234,4.385791778564453
1990-11-17,6.452332496643066,6.532378673553467,6.672755241394043,6.353488445281982,6.404438018798828,6.504971027374268
1990-11-18,5.391486644744873,5.368229389190674,5.297053813934326,5.501825332641602,5.477712631225586,5.411108493804932
1990-11-19,5.160857677459717,5.284121513366699,5.443126201629639,5.049797058105469,5.11953592300415,5.242990493774414
1990-11-20,4.558577537536621,4.547118186950684,4.5550127029418945,4.627662658691406,4.564525604248047,4.499297142028809
1990-11-21,6.914764881134033,7.1619062423706055,7.462043762207031,7.134397983551025,7.310779571533203,7.492751121520996
1990-11-22,5.740659236907959,5.662757873535156,5.563020706176758,6.0774102210998535,5.968740940093994,5.818184852600098
1990-11-23,4.877793788909912,5.204994201660156,5.484720706939697,4.965646266937256,5.236400604248047,5.453491687774658
1990-11-24,1.3791645765304565,1.405022382736206,1.4671450853347778,1.630706548690796,1.63564932346344,1.633804202079773
1990-11-25,3.2863571643829346,3.2459568977355957,3.154099941253662,3.634058952331543,3.591447353363037,3.4501562118530273
1990-11-26,7.242337226867676,7.435158729553223,7.701354503631592,7.549548625946045,7.678781032562256,7.808615207672119
1990-11-27,6.162446975708008,6.461596965789795,6.899147987365723,6.232176303863525,6.475128173828125,6.814321041107178
1990-11-28,4.314908504486084,4.639305114746094,5.038516521453857,3.769587993621826,4.038183689117432,4.395756721496582
1990-11-29,2.067007303237915,2.157884120941162,2.267794132232666,1.926585078239441,1.9848206043243408,2.079639196395874
1990-11-30,4.027447700500488,4.01461935043335,4.056086540222168,4.2008256912231445,4.183919906616211,4.214846134185791
1990-12-01,2.9150760173797607,2.865750789642334,2.8427090644836426,2.9611825942993164,2.908921718597412,2.8661084175109863
1990-12-02,4.6417036056518555,4.861264705657959,5.29382848739624,4.452883720397949,4.6195268630981445,4.944005489349365
1990-12-03,4.239425182342529,4.408027172088623,4.732078552246094,4.347009658813477,4.47100305557251,4.727705955505371
1990-12-04,6.530411720275879,6.606379985809326,6.741709232330322,6.542995929718018,6.574670791625977,6.660770893096924
1990-12-05,4.930595397949219,5.156276702880859,5.506771087646484,5.208385467529297,5.3997297286987305,5.680798053741455
1990-12-06,4.2864580154418945,4.582215785980225,4.940578460693359,4.323385715484619,4.58439302444458,4.887901782989502
1990-12-07,4.385795593261719,4.2993621826171875,4.177103519439697,4.6851301193237305,4.588031768798828,4.439737796783447
1990-12-08,5.100881099700928,5.2226243019104,5.376815319061279,4.949955463409424,5.058401584625244,5.195810794830322
1990-12-09,4.169877529144287,4.375213623046875,4.605222702026367,4.2598042488098145,4.438993453979492,4.632533073425293
1990-12-10,1.4016262292861938,1.4029426574707031,1.5202475786209106,1.4165974855422974,1.4318490028381348,1.5386966466903687
1990-12-11,7.417978763580322,7.4564900398254395,7.606082439422607,7.39536714553833,7.425297260284424,7.5386857986450195
1990-12-12,10.372308731079102,10.581306457519531,10.908119201660156,10.22223949432373,10.39756965637207,10.709848403930664
1990-12-13,4.690195083618164,4.753690242767334,4.997635841369629,4.580182075500488,4.619418621063232,4.865878582000732
1990-12-14,5.400809288024902,5.4396138191223145,5.552529335021973,5.270971298217773,5.313567161560059,5.458369731903076
1990-12-15,4.014811992645264,4.016402721405029,4.065687656402588,4.05583381652832,4.0562849044799805,4.105075836181641
1990-12-16,5.902205467224121,5.910336494445801,5.968662261962891,5.936867713928223,5.941426753997803,5.989895820617676
1990-12-17,2.6516313552856445,2.7730791568756104,2.9760546684265137,2.6807332038879395,2.7847087383270264,2.9536352157592773
1990-12-18,3.4461734294891357,3.5088515281677246,3.6892831325531006,3.6584279537200928,3.6797964572906494,3.76021409034729
1990-12-19,4.619564533233643,4.702552318572998,4.786637306213379,4.19674825668335,4.248047351837158,4.3101935386657715
1990-12-20,6.238661766052246,6.315223693847656,6.507645130157471,6.155787944793701,6.181251049041748,6.306761741638184
1990-12-21,7.267645835876465,7.431471347808838,7.682367324829102,7.221676349639893,7.350290298461914,7.528615474700928
1990-12-22,5.89507532119751,5.882798671722412,5.909341812133789,5.9573774337768555,5.923494338989258,5.9078216552734375
1990-12-23,7.41431999206543,7.487909317016602,7.613119602203369,7.392073154449463,7.458049774169922,7.562697887420654
1990-12-24,3.7100417613983154,3.7252891063690186,3.776644706726074,3.6877896785736084,3.7212839126586914,3.775538444519043
1990-12-25,3.1445915699005127,3.219219207763672,3.3623549938201904,3.275444269180298,3.328526735305786,3.4122986793518066
1990-12-26,2.1295201778411865,2.1867315769195557,2.371473550796509,2.2213966846466064,2.2370424270629883,2.3363568782806396
1990-12-27,4.243692398071289,4.310065746307373,4.500598907470703,4.459465980529785,4.4921064376831055,4.619474411010742
1990-12-28,5.233200550079346,5.294878959655762,5.57116174697876,5.377328872680664,5.436110496520996,5.699760437011719
1990-12-29,3.6944358348846436,3.5960443019866943,3.510406017303467,3.783607244491577,3.677628517150879,3.6076321601867676
1990-12-30,4.332531452178955,4.436908721923828,4.699882984161377,4.648858547210693,4.714588165283203,4.897946834564209
1990-12-31,4.634578704833984,4.636073589324951,4.675543308258057,4.836420059204102,4.833965301513672,4.8406805992126465
1991-01-01,5.6782402992248535,5.579063415527344,5.443155765533447,5.744680404663086,5.671571254730225,5.561461925506592
1991-01-02,10.146597862243652,10.21786117553711,10.24691104888916,10.234246253967285,10.298108100891113,10.337518692016602
1991-01-03,5.271032333374023,5.378715991973877,5.620637893676758,5.282498836517334,5.359842300415039,5.5491862297058105
1991-01-04,4.390769958496094,4.377344131469727,4.385874271392822,4.5138983726501465,4.51359748840332,4.531101703643799
1991-01-05,5.150624752044678,5.188066482543945,5.23439359664917,5.094313621520996,5.115437984466553,5.1481170654296875
1991-01-06,4.555288791656494,4.547335624694824,4.577048301696777,4.591591835021973,4.5961713790893555,4.621198654174805
1991-01-07,9.20407772064209,9.195955276489258,9.27961540222168,9.466804504394531,9.431574821472168,9.453522682189941
1991-01-08,8.251408576965332,8.575332641601562,8.991890907287598,8.308774948120117,8.586652755737305,8.937332153320312
1991-01-09,4.556970596313477,4.562010288238525,4.705275058746338,4.69797945022583,4.69495964050293,4.792566299438477
1991-01-10,6.573023319244385,6.542695045471191,6.6109490394592285,6.802968978881836,6.756840229034424,6.783895969390869
1991-01-11,9.193046569824219,9.402359962463379,9.763516426086426,9.202109336853027,9.359564781188965,9.629555702209473
1991-01-12,7.107844829559326,7.450559616088867,7.877044200897217,7.138967037200928,7.441809177398682,7.79501485824585
1991-01-13,3.1623072624206543,3.4683122634887695,3.9741573333740234,3.2897565364837646,3.5572314262390137,3.973574161529541
1991-01-14,2.3916101455688477,2.3966317176818848,2.460618019104004,2.4203035831451416,2.410848379135132,2.4666826725006104
1991-01-15,6.048001766204834,6.164422512054443,6.277719497680664,6.06375789642334,6.153130054473877,6.207364082336426
1991-01-16,4.324303150177002,4.369932174682617,4.554765224456787,4.179749011993408,4.164802551269531,4.253894329071045
1991-01-17,7.470003128051758,7.361954212188721,7.330449104309082,7.62141752243042,7.485136985778809,7.427603244781494
1991-01-18,7.598230838775635,7.827304363250732,8.151174545288086,7.628145694732666,7.831877708435059,8.106980323791504
1991-01-19,4.117064476013184,4.2351813316345215,4.445277690887451,4.334597587585449,4.433722019195557,4.61624813079834
1991-01-20,6.361478328704834,6.478035926818848,6.717902660369873,6.249153137207031,6.359399795532227,6.603847980499268
1991-01-21,7.737247943878174,7.820168972015381,7.97211217880249,7.632894515991211,7.706463813781738,7.812802314758301
1991-01-22,7.124331951141357,7.35383415222168,7.657402515411377,6.727451801300049,6.956684589385986,7.224342346191406
1991-01-23,3.0779097080230713,3.247751235961914,3.592496871948242,3.0994627475738525,3.222937822341919,3.4689483642578125
1991-01-24,4.757319450378418,4.675044059753418,4.629647731781006,4.9050374031066895,4.827854156494141,4.7672553062438965
1991-01-25,3.8043408393859863,3.783778429031372,3.783623456954956,3.868288278579712,3.846724033355713,3.8478968143463135
1991-01-26,5.72737979888916,5.7231526374816895,5.80304479598999,5.851931571960449,5.835639953613281,5.88006067276001
1991-01-27,3.061323642730713,3.307405471801758,3.5266716480255127,2.6368775367736816,2.8470356464385986,3.0617871284484863
1991-01-28,2.6553823947906494,2.717750072479248,2.8573906421661377,2.697087287902832,2.7558939456939697,2.873448133468628
1991-01-29,5.002808094024658,5.152365207672119,5.383862495422363,5.039118766784668,5.1735076904296875,5.359281539916992
1991-01-30,4.04660701751709,4.109006881713867,4.225764274597168,3.8928983211517334,3.9483749866485596,4.024428367614746
1991-01-31,6.767472743988037,6.914474010467529,7.1608381271362305,6.6162495613098145,6.773860454559326,6.977271556854248
1991-02-01,5.452998161315918,5.446413040161133,5.497564315795898,5.546541690826416,5.521691799163818,5.525166988372803
1991-02-02,7.586220741271973,7.606688976287842,7.700428009033203,7.648020267486572,7.654797077178955,7.702569484710693
1991-02-03,4.29154634475708,4.341079235076904,4.435018062591553,4.330465793609619,4.366512298583984,4.442826271057129
1991-02-04,1.245397686958313,1.285836100578308,1.4319390058517456,1.5229648351669312,1.5660654306411743,1.6813099384307861
1991-02-05,5.521615028381348,5.614325523376465,5.767008304595947,5.462099552154541,5.559263706207275,5.68690299987793
1991-02-06,3.1287364959716797,3.3022537231445312,3.5514516830444336,2.920973539352417,3.073983669281006,3.285127878189087
1991-02-07,5.134470462799072,5.273746013641357,5.484936714172363,4.599749565124512,4.730966567993164,4.936191558837891
1991-02-08,7.4818525314331055,7.669273853302002,7.970820426940918,7.20190954208374,7.366225242614746,7.611478328704834
1991-02-09,5.3693952560424805,5.691490173339844,6.0813117027282715,4.892971992492676,5.185386657714844,5.53737211227417
1991-02-10,3.8264312744140625,3.848944664001465,3.997406244277954,4.044579982757568,4.052165985107422,4.144877910614014
1991-02-11,3.727759838104248,3.820119619369507,3.9147231578826904,3.780365467071533,3.8680529594421387,3.961408853530884
1991-02-12,2.9083571434020996,3.0595450401306152,3.29095721244812,2.863823652267456,2.9953081607818604,3.1904144287109375
1991-02-13,2.593015432357788,2.555821657180786,2.628701686859131,2.585054636001587,2.5329713821411133,2.566959857940674
1991-02-14,4.688748359680176,4.583785057067871,4.499991416931152,4.845884799957275,4.752195358276367,4.6433939933776855
1991-02-15,7.472334384918213,7.520015716552734,7.685200214385986,7.586195945739746,7.619359016418457,7.742734909057617
1991-02-16,5.958374977111816,6.162229061126709,6.510768413543701,5.927287578582764,6.110561370849609,6.405505180358887
1991-02-17,5.747531890869141,5.935678958892822,6.224305629730225,5.852869510650635,6.028334140777588,6.243716716766357
1991-02-18,2.438518762588501,2.4655284881591797,2.553096055984497,2.540282726287842,2.5365993976593018,2.585223913192749
1991-02-19,1.5855712890625,1.4835561513900757,1.4146937131881714,1.7794526815414429,1.6922757625579834,1.5979924201965332
1991-02-20,2.5862865447998047,2.5194053649902344,2.397711753845215,2.483339548110962,2.4505300521850586,2.3600876331329346
1991-02-21,5.7128005027771,5.908182144165039,6.1552348136901855,5.345696449279785,5.5246171951293945,5.7303571701049805
1991-02-22,5.410809516906738,5.4897942543029785,5.637033462524414,5.420526027679443,5.479074001312256,5.58499002456665
1991-02-23,4.710692882537842,4.841831207275391,5.01564359664917,4.6599225997924805,4.747950077056885,4.872201442718506
1991-02-24,2.134408712387085,2.1722326278686523,2.2064013481140137,2.0777246952056885,2.106276273727417,2.16845965385437
1991-02-25,3.707244396209717,3.845104932785034,3.9926254749298096,3.4916112422943115,3.5684237480163574,3.6537811756134033
1991-02-26,4.796182155609131,5.037103176116943,5.375436305999756,4.50714635848999,4.697712421417236,4.982682704925537
1991-02-27,1.5123733282089233,1.562250018119812,1.6448562145233154,1.6407164335250854,1.6954892873764038,1.781454086303711
1991-02-28,3.256700038909912,3.339890718460083,3.538888931274414,3.1804723739624023,3.2401680946350098,3.3916075229644775
1991-03-01,8.214370727539062,8.388188362121582,8.42010498046875,8.004608154296875,8.131081581115723,8.084559440612793
1991-03-02,5.635313034057617,5.9836626052856445,6.3725361824035645,5.5586442947387695,5.864559650421143,6.191573143005371
1991-03-03,4.913489818572998,5.128220081329346,5.434864521026611,4.8687872886657715,5.052495956420898,5.301990509033203
1991-03-04,3.3809568881988525,3.500901460647583,3.7001945972442627,3.5204038619995117,3.6069698333740234,3.760669469833374
1991-03-05,4.263685703277588,4.402622699737549,4.570845127105713,4.171764850616455,4.303572654724121,4.461601257324219
1991-03-06,1.7093369960784912,1.8467941284179688,2.0410821437835693,1.4644659757614136,1.5789968967437744,1.7469145059585571
1991-03-07,2.0646305084228516,2.138484239578247,2.210684061050415,1.973607063293457,2.0410284996032715,2.1086935997009277
1991-03-08,3.478163242340088,3.535491704940796,3.543419361114502,3.7797646522521973,3.817878246307373,3.797175884246826
1991-03-09,1.229367971420288,1.1938083171844482,1.2135895490646362,1.3640011548995972,1.3001477718353271,1.2718805074691772
1991-03-10,1.9445703029632568,1.9324653148651123,1.9402797222137451,1.958870768547058,1.937308430671692,1.940352201461792
1991-03-11,3.267441749572754,3.353088617324829,3.3885884284973145,3.0856902599334717,3.1390039920806885,3.1531217098236084
1991-03-12,5.6108832359313965,5.7071404457092285,5.884410381317139,5.320895195007324,5.389633655548096,5.524966239929199
1991-03-13,4.9495344161987305,5.175662517547607,5.483565330505371,4.909469127655029,5.103898048400879,5.366349220275879
1991-03-14,4.791504859924316,4.822300910949707,4.884049892425537,4.74429988861084,4.7636494636535645,4.78760290145874
1991-03-15,5.11879301071167,5.142941474914551,5.262134075164795,5.323705673217773,5.323272705078125,5.399123668670654
1991-03-16,5.398250579833984,5.425732612609863,5.451258659362793,5.578649997711182,5.604549407958984,5.62272834777832
1991-03-17,4.162069320678711,4.1390485763549805,4.102457523345947,4.023226261138916,3.985194444656372,3.939837694168091
1991-03-18,4.47115421295166,4.54905366897583,4.692392349243164,4.71816873550415,4.788784503936768,4.891393661499023
1991-03-19,2.8461055755615234,2.9327805042266846,3.0971994400024414,3.202280044555664,3.2594594955444336,3.352235794067383
1991-03-20,3.662677526473999,3.775470733642578,3.926184892654419,3.813833475112915,3.912836790084839,4.025167465209961
1991-03-21,4.038224220275879,4.150945663452148,4.29213809967041,3.9693422317504883,4.060332775115967,4.142673969268799
1991-03-22,5.711759567260742,5.830505847930908,5.98811149597168,5.613910675048828,5.734950065612793,5.862560272216797
1991-03-23,4.378501892089844,4.542444705963135,4.814092636108398,4.280269622802734,4.401330471038818,4.617495059967041
1991-03-24,3.3066999912261963,3.296873092651367,3.3732194900512695,3.4583842754364014,3.4323744773864746,3.4654393196105957
1991-03-25,3.1649603843688965,3.2447118759155273,3.3566577434539795,3.3785407543182373,3.4466612339019775,3.5261402130126953
1991-03-26,3.426145553588867,3.53708815574646,3.72090482711792,3.3076281547546387,3.413349151611328,3.5627458095550537
1991-03-27,2.526794910430908,2.5225377082824707,2.5817205905914307,2.7774672508239746,2.7454757690429688,2.7312819957733154
1991-03-28,9.552945137023926,9.76170539855957,10.10043716430664,9.619858741760254,9.81202507019043,10.090104103088379
1991-03-29,3.995549440383911,4.153693199157715,4.436496734619141,3.999882459640503,4.127413749694824,4.364403247833252
1991-03-30,3.325085163116455,3.3593010902404785,3.3856682777404785,3.343219041824341,3.3525893688201904,3.3520925045013428
1991-03-31,2.7654120922088623,2.781839609146118,2.8275039196014404,2.7729268074035645,2.7713351249694824,2.7811355590820312
1991-04-01,5.279427528381348,5.323556423187256,5.419857025146484,5.1352667808532715,5.166144371032715,5.215291500091553
1991-04-02,5.026843547821045,5.209006309509277,5.408397674560547,4.808592796325684,4.9619927406311035,5.120460510253906
1991-04-03,4.379889011383057,4.360968589782715,4.365796089172363,4.248366355895996,4.213284969329834,4.1856369972229
1991-04-04,6.007972717285156,6.0170207023620605,6.006007194519043,5.806160926818848,5.799051761627197,5.751532077789307
1991-04-05,4.763901233673096,4.775276184082031,4.770181655883789,4.4790849685668945,4.462040424346924,4.437695026397705
1991-04-06,3.5514347553253174,3.550903081893921,3.588613271713257,3.731508255004883,3.734391927719116,3.753889322280884
1991-04-07,2.164799451828003,2.2096588611602783,2.2843427658081055,2.1726551055908203,2.217095375061035,2.286007881164551
1991-04-08,4.944057464599609,5.124479293823242,5.375699996948242,4.781562805175781,4.933686256408691,5.153121471405029
1991-04-09,7.557990074157715,7.93287467956543,8.446742057800293,7.264626502990723,7.581535816192627,7.999456882476807
1991-04-10,3.1917877197265625,3.355027914047241,3.530113458633423,3.1471853256225586,3.2824320793151855,3.4215245246887207
1991-04-11,3.3929569721221924,3.4209420680999756,3.5321850776672363,3.3669440746307373,3.374993085861206,3.44158673286438
1991-04-12,4.157512187957764,4.263373374938965,4.488974571228027,4.273965358734131,4.3660125732421875,4.528629302978516
1991-04-13,7.065953254699707,7.03065824508667,7.08220911026001,7.214354038238525,7.14581823348999,7.132636547088623
1991-04-14,5.834146499633789,6.1736226081848145,6.544631481170654,5.958848476409912,6.282267093658447,6.609109878540039
1991-04-15,2.1693382263183594,2.3974156379699707,2.672572135925293,2.2935287952423096,2.518637180328369,2.773695945739746
1991-04-16,2.324347496032715,2.4196722507476807,2.5770211219787598,2.48649263381958,2.5908544063568115,2.7329466342926025
1991-04-17,2.615471839904785,2.690549850463867,2.8257124423980713,2.6998045444488525,2.7566633224487305,2.8625504970550537
1991-04-18,4.192408084869385,4.2282819747924805,4.336082458496094,4.545835494995117,4.578603267669678,4.64870548248291
1991-04-19,2.601346254348755,2.647822856903076,2.7300429344177246,2.634465217590332,2.6720025539398193,2.7411084175109863
1991-04-20,3.6375555992126465,3.788879871368408,3.9775006771087646,3.482448101043701,3.6033430099487305,3.74845552444458
1991-04-21,2.4827752113342285,2.4429280757904053,2.404865264892578,2.336271286010742,2.289677619934082,2.2487637996673584
1991-04-22,1.3190854787826538,1.3904895782470703,1.519199013710022,1.5505433082580566,1.5761983394622803,1.6371303796768188
1991-04-23,3.4072768688201904,3.4691104888916016,3.6042592525482178,3.5039215087890625,3.544043779373169,3.6113154888153076
1991-04-24,3.9363064765930176,3.906174421310425,3.9103569984436035,3.9570088386535645,3.905184030532837,3.8644378185272217
1991-04-25,6.310633659362793,6.469501972198486,6.649528503417969,6.371906757354736,6.502115249633789,6.638498783111572
1991-04-26,5.882029056549072,6.008267879486084,6.142219066619873,5.6182427406311035,5.7103447914123535,5.801377773284912
1991-04-27,6.363376140594482,6.518584728240967,6.747204303741455,6.360377311706543,6.488593578338623,6.66475248336792
1991-04-28,3.4089555740356445,3.5062737464904785,3.6437535285949707,3.3925206661224365,3.4681053161621094,3.5751984119415283
1991-04-29,2.2450661659240723,2.2717018127441406,2.329366683959961,2.3953590393066406,2.4090447425842285,2.431811571121216
1991-04-30,4.319796562194824,4.383336067199707,4.445012092590332,4.212040424346924,4.26999044418335,4.327713966369629
1991-05-01,1.7492542266845703,1.6914448738098145,1.6582809686660767,1.8283491134643555,1.762717604637146,1.7001163959503174
1991-05-02,6.329206466674805,6.462710380554199,6.599812984466553,6.417049407958984,6.525925636291504,6.607914447784424
1991-05-03,3.847475290298462,4.097898006439209,4.414103984832764,3.771944522857666,4.00372838973999,4.29247522354126
1991-05-04,2.7374348640441895,2.5904324054718018,2.46968674659729,2.539397716522217,2.3904502391815186,2.2580792903900146
1991-05-05,6.956390380859375,6.851136207580566,6.815568923950195,6.854097843170166,6.716938018798828,6.612768173217773
1991-05-06,5.06414270401001,5.437710285186768,5.918238639831543,5.197566032409668,5.544225692749023,5.97091817855835
1991-05-07,5.198575496673584,5.173577308654785,5.130960464477539,5.076951503753662,5.05372953414917,5.038548469543457
1991-05-08,3.5746259689331055,3.668755292892456,3.754917860031128,3.367192029953003,3.448303699493408,3.5289926528930664
1991-05-09,3.815234422683716,3.9005849361419678,3.978496551513672,3.781540870666504,3.8482584953308105,3.902846336364746
1991-05-10,3.4158058166503906,3.513021230697632,3.5897750854492188,3.45885968208313,3.541245460510254,3.6074631214141846
1991-05-11,3.5078303813934326,3.6711456775665283,3.8132026195526123,3.5378599166870117,3.6805386543273926,3.809587001800537
1991-05-12,1.7434850931167603,1.772729754447937,1.7878479957580566,1.8509902954101562,1.8646445274353027,1.8581773042678833
1991-05-13,2.0079658031463623,2.095085620880127,2.1551663875579834,1.9538919925689697,2.04233717918396,2.1229469776153564
1991-05-14,1.5278875827789307,1.5525856018066406,1.5838088989257812,1.554960012435913,1.574353814125061,1.6086467504501343
1991-05-15,1.9460413455963135,1.9630435705184937,2.0353076457977295,1.9078233242034912,1.9066578149795532,1.9497686624526978
1991-05-16,3.4059557914733887,3.4500088691711426,3.5771589279174805,3.4359254837036133,3.4637060165405273,3.563236713409424
1991-05-17,4.999194622039795,5.080594539642334,5.193515777587891,5.0771894454956055,5.131983280181885,5.218740463256836
1991-05-18,3.7928311824798584,3.984348773956299,4.1663665771484375,3.906139612197876,4.084892749786377,4.24893045425415
1991-05-19,2.275005340576172,2.4847843647003174,2.721221446990967,2.2461202144622803,2.447836399078369,2.682624101638794
1991-05-20,3.291116237640381,3.3336100578308105,3.4441230297088623,3.2680156230926514,3.2833251953125,3.334766387939453
1991-05-21,4.613012313842773,4.741870880126953,4.877608776092529,4.54452657699585,4.673966407775879,4.816486358642578
1991-05-22,2.691283702850342,2.761654853820801,2.8616344928741455,2.312899351119995,2.366065502166748,2.442972421646118
1991-05-23,2.5434622764587402,2.591416835784912,2.6405012607574463,2.6176583766937256,2.6465389728546143,2.6796889305114746
1991-05-24,4.5214924812316895,4.503546237945557,4.474323749542236,4.483145713806152,4.4609856605529785,4.412028789520264
1991-05-25,3.4528722763061523,3.437009334564209,3.5051283836364746,3.7928922176361084,3.750586986541748,3.7610976696014404
1991-05-26,1.3379188776016235,1.3182657957077026,1.3450584411621094,1.4104151725769043,1.3859291076660156,1.4035708904266357
1991-05-27,4.875339031219482,4.922133445739746,4.9682793617248535,4.838809013366699,4.879484176635742,4.925657749176025
1991-05-28,1.9256627559661865,1.9546517133712769,1.9861923456192017,1.8836970329284668,1.9105255603790283,1.938118815422058
1991-05-29,3.3724071979522705,3.4213201999664307,3.418734312057495,3.4210751056671143,3.472740411758423,3.4833436012268066
1991-05-30,2.9614510536193848,3.00510573387146,3.0037648677825928,2.9371163845062256,2.9921672344207764,3.010155439376831
1991-05-31,1.6701773405075073,1.7130740880966187,1.7653887271881104,1.6710823774337769,1.6890491247177124,1.71163809299469
1991-06-01,2.9327139854431152,3.0471408367156982,3.2102391719818115,3.003760576248169,3.1038360595703125,3.244804620742798
1991-06-02,1.3039300441741943,1.334671139717102,1.3735733032226562,1.4124763011932373,1.4433159828186035,1.4864708185195923
1991-06-03,1.6594403982162476,1.7095730304718018,1.7526023387908936,1.669382929801941,1.7279568910598755,1.7779669761657715
1991-06-04,3.1713380813598633,3.144998073577881,3.1477086544036865,3.136312961578369,3.080967664718628,3.0491135120391846
1991-06-05,5.985692024230957,6.121189594268799,6.2574238777160645,6.007469654083252,6.091599941253662,6.165069580078125
1991-06-06,5.1511101722717285,5.3633904457092285,5.5949578285217285,5.198172092437744,5.383699893951416,5.581242084503174
1991-06-07,5.443221092224121,5.551795959472656,5.657785415649414,5.40509033203125,5.493780612945557,5.580005168914795
1991-06-08,4.949532508850098,5.036033630371094,5.130898475646973,4.913308620452881,4.986676216125488,5.064028739929199
1991-06-09,3.535543441772461,3.633382797241211,3.713555335998535,3.6315808296203613,3.7230772972106934,3.7870676517486572
1991-06-10,2.291715621948242,2.409363269805908,2.529482126235962,2.450183868408203,2.557274103164673,2.6662912368774414
1991-06-11,2.675590991973877,2.7257728576660156,2.756485939025879,2.5882935523986816,2.631791353225708,2.652153968811035
1991-06-12,2.81620717048645,2.820802927017212,2.8405449390411377,2.9975764751434326,3.006129264831543,3.025912046432495
1991-06-13,2.5881965160369873,2.697023391723633,2.828934669494629,2.3997042179107666,2.482071876525879,2.5925700664520264
1991-06-14,1.8124467134475708,1.7839676141738892,1.7530688047409058,2.0020594596862793,1.9949990510940552,1.9701189994812012
1991-06-15,1.3823869228363037,1.51518976688385,1.6422779560089111,1.4599761962890625,1.5953645706176758,1.7182296514511108
1991-06-16,1.5827653408050537,1.486283540725708,1.4238064289093018,1.6161773204803467,1.4949078559875488,1.400370717048645
1991-06-17,3.0893449783325195,3.173086643218994,3.292149305343628,3.095327615737915,3.171124219894409,3.273803949356079
1991-06-18,2.2266604900360107,2.1490931510925293,2.0775864124298096,2.1812899112701416,2.111945629119873,2.0589447021484375
1991-06-19,3.3718314170837402,3.4522523880004883,3.5432844161987305,3.1859867572784424,3.24271297454834,3.302947521209717
1991-06-20,2.572277545928955,2.601288080215454,2.6529626846313477,2.7814626693725586,2.8159379959106445,2.862187385559082
1991-06-21,2.5518128871917725,2.5994021892547607,2.676116943359375,2.5696935653686523,2.611294984817505,2.684427261352539
1991-06-22,2.1327109336853027,2.17050838470459,2.2052903175354004,2.1405296325683594,2.1678781509399414,2.2009880542755127
1991-06-23,1.350453495979309,1.411476492881775,1.5668227672576904,1.3757123947143555,1.3968051671981812,1.4690195322036743
1991-06-24,3.8634252548217773,3.9851877689361572,4.1489057540893555,3.787574052810669,3.8900651931762695,4.039046287536621
1991-06-25,4.220724582672119,4.344457626342773,4.5405755043029785,4.22916841506958,4.336155891418457,4.51056432723999
1991-06-26,4.573232650756836,4.591619968414307,4.64352560043335,4.429978847503662,4.412491321563721,4.436051368713379
1991-06-27,2.5230367183685303,2.6501402854919434,2.824605941772461,2.4372265338897705,2.5279910564422607,2.6690356731414795
1991-06-28,2.587740659713745,2.6403698921203613,2.712711811065674,2.7388782501220703,2.777240037918091,2.8371472358703613
1991-06-29,4.611311435699463,4.636666297912598,4.670407772064209,4.605830192565918,4.6207451820373535,4.639235496520996
1991-06-30,2.4654579162597656,2.642788887023926,2.8651325702667236,2.5184364318847656,2.684000253677368,2.884988784790039
1991-07-01,4.37994909286499,4.5015764236450195,4.664868354797363,4.293663501739502,4.395379543304443,4.536886692047119
1991-07-02,2.425832986831665,2.538238286972046,2.727262020111084,2.1788017749786377,2.262747287750244,2.409625768661499
1991-07-03,3.634219169616699,3.7341647148132324,3.8622944355010986,3.5981264114379883,3.677931547164917,3.7834408283233643
1991-07-04,1.4274468421936035,1.435132384300232,1.4288183450698853,1.4001328945159912,1.395735740661621,1.3790712356567383
1991-07-05,3.6189873218536377,3.695657253265381,3.7881155014038086,3.6542375087738037,3.7200868129730225,3.798361301422119
1991-07-06,3.8373117446899414,3.9056055545806885,3.953812837600708,3.7598612308502197,3.8237967491149902,3.8698360919952393
1991-07-07,3.98030424118042,4.140346527099609,4.2706146240234375,4.005993366241455,4.158957004547119,4.284145355224609
1991-07-08,1.4541187286376953,1.4627070426940918,1.5017986297607422,1.5282578468322754,1.5405986309051514,1.5698562860488892
1991-07-09,2.74334979057312,2.7571702003479004,2.757753372192383,2.7656893730163574,2.7775511741638184,2.764425039291382
1991-07-10,3.741398572921753,3.9126482009887695,4.117505073547363,3.6656785011291504,3.8190011978149414,4.003077507019043
1991-07-11,1.8586788177490234,1.8859050273895264,1.910951018333435,1.7058738470077515,1.729769229888916,1.7559549808502197
1991-07-12,3.881389856338501,3.9802541732788086,4.122402667999268,3.897024154663086,3.977928638458252,4.0840678215026855
1991-07-13,3.356074810028076,3.4439337253570557,3.5808358192443848,3.4785284996032715,3.527548313140869,3.6093239784240723
1991-07-14,2.739089250564575,2.8215906620025635,2.9662444591522217,2.876552104949951,2.9417102336883545,3.0470104217529297
1991-07-15,3.0496270656585693,3.0930051803588867,3.091578245162964,3.139930009841919,3.1749019622802734,3.173391819000244
1991-07-16,2.315894365310669,2.4106712341308594,2.5524566173553467,2.338289737701416,2.4235904216766357,2.553231716156006
1991-07-17,1.607618808746338,1.6878255605697632,1.7869598865509033,1.5809324979782104,1.6662626266479492,1.7656573057174683
1991-07-18,2.804272413253784,2.7876768112182617,2.753643035888672,2.6157920360565186,2.5933828353881836,2.557239294052124
1991-07-19,3.1964101791381836,3.326131582260132,3.511382579803467,2.9687118530273438,3.073143243789673,3.231306791305542
1991-07-20,2.6565487384796143,2.6538901329040527,2.6257874965667725,2.6815361976623535,2.645758628845215,2.5751266479492188
1991-07-21,2.2423839569091797,2.3457512855529785,2.4876317977905273,2.192988872528076,2.279825448989868,2.4015300273895264
1991-07-22,2.5861284732818604,2.6491341590881348,2.8647892475128174,2.717409133911133,2.750514507293701,2.906309127807617
1991-07-23,3.08347225189209,3.1089985370635986,3.134371757507324,3.1615312099456787,3.183098316192627,3.2051384449005127
1991-07-24,1.7748874425888062,1.8199714422225952,1.9128323793411255,1.9697610139846802,2.0149784088134766,2.0917410850524902
1991-07-25,2.008746862411499,1.885818362236023,1.7856191396713257,2.0115911960601807,1.897795557975769,1.7871074676513672
1991-07-26,3.5025265216827393,3.610771894454956,3.8222382068634033,3.491708517074585,3.5770814418792725,3.756143569946289
1991-07-27,2.8821542263031006,2.9232184886932373,2.9217171669006348,2.8091750144958496,2.8460617065429688,2.847900629043579
1991-07-28,1.9983340501785278,2.1536076068878174,2.332252025604248,2.011396884918213,2.147186756134033,2.2987823486328125
1991-07-29,2.0864100456237793,1.9814127683639526,1.9097347259521484,1.997880458831787,1.8836430311203003,1.7959704399108887
1991-07-30,3.6720645427703857,3.6709771156311035,3.7091081142425537,3.607480525970459,3.587005853652954,3.5884602069854736
1991-07-31,3.5396015644073486,3.6699013710021973,3.8126065731048584,3.496748447418213,3.617771863937378,3.754136323928833
1991-08-01,3.9744420051574707,4.105167865753174,4.247996807098389,3.9873855113983154,4.106735706329346,4.233047962188721
1991-08-02,3.066390037536621,3.1951563358306885,3.3609795570373535,3.0703275203704834,3.1861572265625,3.3266844749450684
1991-08-03,2.515834331512451,2.6389474868774414,2.7724039554595947,2.4823784828186035,2.590688943862915,2.707056999206543
1991-08-04,2.1723899841308594,2.3098998069763184,2.435546398162842,2.201695680618286,2.326676607131958,2.4449610710144043
1991-08-05,1.4198589324951172,1.5014303922653198,1.595873236656189,1.4614452123641968,1.5271519422531128,1.607578158378601
1991-08-06,3.3004097938537598,3.3714702129364014,3.4324400424957275,3.482628107070923,3.5583834648132324,3.617290496826172
1991-08-07,1.8620918989181519,1.942406177520752,2.0529403686523438,1.958333969116211,2.0127012729644775,2.089139938354492
1991-08-08,3.0622944831848145,3.050269842147827,3.044565200805664,3.1432080268859863,3.1181814670562744,3.0878255367279053
1991-08-09,2.3423092365264893,2.459247350692749,2.5916736125946045,2.302751064300537,2.3987224102020264,2.519948959350586
1991-08-10,5.470573902130127,5.664673805236816,5.898935317993164,5.400120735168457,5.556558132171631,5.746816158294678
1991-08-11,1.4279423952102661,1.5174522399902344,1.6668728590011597,1.4474462270736694,1.5388256311416626,1.687262773513794
1991-08-12,2.3196849822998047,2.363577127456665,2.452805519104004,2.310795545578003,2.317427158355713,2.3561129570007324
1991-08-13,3.019038200378418,3.3145639896392822,3.684904098510742,3.1516990661621094,3.41802978515625,3.716064453125
1991-08-14,2.2112648487091064,2.2032110691070557,2.294081926345825,2.1867666244506836,2.1767029762268066,2.2327308654785156
1991-08-15,1.8886576890945435,1.9916945695877075,2.122519016265869,1.8272987604141235,1.909226894378662,2.014683485031128
1991-08-16,1.868696689605713,1.9049174785614014,2.0071866512298584,2.0423619747161865,2.064450740814209,2.141423463821411
1991-08-17,3.51938533782959,3.6287498474121094,3.759385347366333,3.5188305377960205,3.6102161407470703,3.719856023788452
1991-08-18,3.5305306911468506,3.5469188690185547,3.542243719100952,3.5870108604431152,3.5987606048583984,3.5827724933624268
1991-08-19,3.120156764984131,3.156723737716675,3.1254642009735107,2.9911909103393555,3.0202829837799072,2.996551513671875
1991-08-20,3.7692816257476807,3.76945424079895,3.756540536880493,3.5797955989837646,3.5532681941986084,3.5165648460388184
1991-08-21,1.963531732559204,2.1202499866485596,2.2964344024658203,1.9312430620193481,2.0778496265411377,2.245488405227661
1991-08-22,3.044743537902832,3.0456457138061523,3.058628797531128,3.0565619468688965,3.0447070598602295,3.029268980026245
1991-08-23,2.146470785140991,2.2296302318573,2.3322861194610596,2.0513651371002197,2.1171789169311523,2.2019736766815186
1991-08-24,3.0202646255493164,3.1307425498962402,3.3154428005218506,3.0045080184936523,3.0706262588500977,3.2164950370788574
1991-08-25,2.641817569732666,2.758441686630249,2.918220281600952,2.5870025157928467,2.6928980350494385,2.842172622680664
1991-08-26,1.283818244934082,1.279601812362671,1.2873092889785767,1.3331332206726074,1.316825032234192,1.302470326423645
1991-08-27,2.8582117557525635,2.9235994815826416,2.9940831661224365,2.7936339378356934,2.8293204307556152,2.8639514446258545
1991-08-28,2.215864896774292,2.3680107593536377,2.573608636856079,2.050985336303711,2.170048952102661,2.3359365463256836
1991-08-29,3.2413010597229004,3.338115692138672,3.499480724334717,3.263071298599243,3.329115867614746,3.426487922668457
1991-08-30,2.6709747314453125,2.720871925354004,2.7814202308654785,2.6279404163360596,2.669156074523926,2.719031810760498
1991-08-31,1.8953989744186401,1.886116862297058,1.864499807357788,1.8744310140609741,1.8630046844482422,1.8425347805023193
1991-09-01,2.5186195373535156,2.618345022201538,2.6943862438201904,2.2888689041137695,2.3715362548828125,2.4370667934417725
1991-09-02,2.965458631515503,3.008277177810669,3.0374724864959717,3.097689628601074,3.120002269744873,3.1162798404693604
1991-09-03,3.0689566135406494,3.0454015731811523,3.093658447265625,3.2476868629455566,3.204533100128174,3.2163312435150146
1991-09-04,4.991858005523682,5.078024864196777,5.168596267700195,5.026309013366699,5.084414005279541,5.133004188537598
1991-09-05,4.384331703186035,4.590737342834473,4.849495887756348,4.311681270599365,4.488137245178223,4.702404022216797
1991-09-06,2.9688589572906494,3.1481881141662598,3.3659474849700928,2.9531524181365967,3.1187496185302734,3.3032290935516357
1991-09-07,1.710935115814209,1.7636265754699707,1.9008594751358032,1.711346983909607,1.7574044466018677,1.876952886581421
1991-09-08,3.5376455783843994,3.577265739440918,3.6244921684265137,3.602367639541626,3.6267824172973633,3.654837131500244
1991-09-09,4.028679847717285,4.044405937194824,4.099163055419922,4.178570747375488,4.181198596954346,4.213319778442383
1991-09-10,3.628833293914795,3.7250187397003174,3.8902153968811035,3.669168472290039,3.735874891281128,3.859382152557373
1991-09-11,4.768421649932861,4.953028678894043,5.1794633865356445,4.738603115081787,4.891357421875,5.071433067321777
1991-09-12,1.5128657817840576,1.5479564666748047,1.6180205345153809,1.5022677183151245,1.5383219718933105,1.601279616355896
1991-09-13,2.8188488483428955,2.8359928131103516,2.835784673690796,2.702192783355713,2.7061166763305664,2.686722755432129
1991-09-14,3.354248046875,3.4248733520507812,3.5457534790039062,3.3451807498931885,3.4085323810577393,3.4990086555480957
1991-09-15,2.3164141178131104,2.345782995223999,2.419438362121582,2.6043174266815186,2.622447967529297,2.6730971336364746
1991-09-16,3.627979278564453,3.6937878131866455,3.787463903427124,3.586256265640259,3.6507883071899414,3.7590229511260986
1991-09-17,1.0780143737792969,1.0485252141952515,1.0860435962677002,1.255440354347229,1.2228784561157227,1.2333197593688965
1991-09-18,2.180755615234375,2.1858203411102295,2.235957622528076,2.1721482276916504,2.1897716522216797,2.2376184463500977
1991-09-19,2.4258346557617188,2.51162052154541,2.6013481616973877,2.298459768295288,2.3672797679901123,2.4485857486724854
1991-09-20,1.5602854490280151,1.619454264640808,1.7067729234695435,1.7539372444152832,1.8061882257461548,1.8685961961746216
1991-09-21,0.9130892157554626,0.9924554228782654,1.1149405241012573,0.7997300028800964,0.8695391416549683,0.9856983423233032
1991-09-22,1.9252732992172241,1.9113603830337524,1.876138687133789,1.9443414211273193,1.8968946933746338,1.81425142288208
1991-09-23,1.220003366470337,1.1640585660934448,1.1710644960403442,1.2856377363204956,1.218515396118164,1.2048407793045044
1991-09-24,1.5846424102783203,1.7085835933685303,1.959066390991211,1.5130218267440796,1.5999943017959595,1.8037760257720947
1991-09-25,2.761019706726074,2.8130574226379395,2.950392723083496,2.917940139770508,2.9519219398498535,3.046722412109375
1991-09-26,2.8911314010620117,2.8263676166534424,2.80948805809021,3.1255927085876465,3.0564935207366943,3.0188515186309814
1991-09-27,1.3646130561828613,1.3278204202651978,1.3224648237228394,1.5460021495819092,1.5150543451309204,1.5070829391479492
1991-09-28,2.086472511291504,2.1441848278045654,2.267981767654419,2.200678586959839,2.2268524169921875,2.3045594692230225
1991-09-29,2.1426198482513428,2.159507989883423,2.214381456375122,2.2537224292755127,2.263385772705078,2.3187053203582764
1991-09-30,3.4470155239105225,3.3578386306762695,3.3466570377349854,3.651219129562378,3.559990882873535,3.548034191131592
1991-10-01,4.936115741729736,5.0462327003479,5.144384860992432,4.865398406982422,4.962401866912842,5.040239334106445
1991-10-02,3.9229283332824707,4.060220718383789,4.2650465965271,3.8112704753875732,3.897155523300171,4.03365421295166
1991-10-03,3.1100237369537354,3.1875662803649902,3.3358659744262695,3.132551908493042,3.187199115753174,3.2919514179229736
1991-10-04,5.072536468505859,5.107622146606445,5.158716678619385,5.207411766052246,5.23504114151001,5.278193950653076
1991-10-05,2.544339418411255,2.6421496868133545,2.755070209503174,2.5015883445739746,2.5808920860290527,2.6817612648010254
1991-10-06,1.499916672706604,1.551082968711853,1.6662856340408325,1.4732168912887573,1.5025807619094849,1.5773074626922607
1991-10-07,2.459467649459839,2.5234827995300293,2.654680013656616,2.623549461364746,2.6652591228485107,2.751972198486328
1991-10-08,1.746647834777832,1.7863109111785889,1.8683903217315674,1.888193964958191,1.9144514799118042,1.9780187606811523
1991-10-09,5.047880172729492,5.1010637283325195,5.211137294769287,4.950644016265869,4.977044582366943,5.063458442687988
1991-10-10,2.346883535385132,2.3393609523773193,2.331753730773926,2.2424862384796143,2.2319350242614746,2.2348709106445312
1991-10-11,4.014768600463867,4.115736484527588,4.2788872718811035,3.876225471496582,3.956669569015503,4.10662841796875
1991-10-12,1.906561017036438,1.9371099472045898,1.9829119443893433,1.8767694234848022,1.9079772233963013,1.954820990562439
1991-10-13,1.5541526079177856,1.5991978645324707,1.678013801574707,1.6184215545654297,1.6644736528396606,1.744093894958496
1991-10-14,4.019874095916748,4.204504489898682,4.474486351013184,3.9398903846740723,4.118265628814697,4.353519439697266
1991-10-15,5.010280132293701,5.1805901527404785,5.439674377441406,4.810103893280029,4.953072547912598,5.171402454376221
1991-10-16,1.3127772808074951,1.3883570432662964,1.4962806701660156,1.3509795665740967,1.402833342552185,1.4848719835281372
1991-10-17,2.512507200241089,2.6166651248931885,2.7695207595825195,2.527618646621704,2.600694417953491,2.7115321159362793
1991-10-18,2.775113821029663,2.8494133949279785,2.9483425617218018,2.679975986480713,2.7254319190979004,2.7877049446105957
1991-10-19,3.454404830932617,3.525726318359375,3.6557090282440186,3.379287004470825,3.4090442657470703,3.477207899093628
1991-10-20,6.035522937774658,6.273165225982666,6.607813358306885,5.897625923156738,6.092589378356934,6.3603057861328125
1991-10-21,2.237151622772217,2.374110460281372,2.616783857345581,2.3150625228881836,2.4189658164978027,2.601290464401245
1991-10-22,3.627716302871704,3.6663689613342285,3.6931543350219727,3.4348630905151367,3.4695215225219727,3.500335216522217
1991-10-23,2.9772727489471436,2.949188709259033,2.923525810241699,2.974397897720337,2.943683624267578,2.9184913635253906
1991-10-24,2.6882693767547607,2.832852840423584,3.0283188819885254,2.6844654083251953,2.8111913204193115,2.9798061847686768
1991-10-25,2.768728256225586,2.904113531112671,3.0576565265655518,2.5099356174468994,2.6125195026397705,2.7271604537963867
1991-10-26,2.819441318511963,2.980471134185791,3.190476417541504,2.7023308277130127,2.8461859226226807,3.029240131378174
1991-10-27,1.879588007926941,2.0259737968444824,2.2277684211730957,1.808611512184143,1.9330134391784668,2.1048967838287354
1991-10-28,1.357499599456787,1.4699971675872803,1.9109619855880737,1.3801381587982178,1.4334830045700073,1.7680598497390747
1991-10-29,2.824692726135254,2.853701591491699,2.8963050842285156,2.7605488300323486,2.775827646255493,2.799691915512085
1991-10-30,5.873105525970459,6.0190653800964355,6.191655158996582,5.908133506774902,6.036299228668213,6.1774516105651855
1991-10-31,2.3530452251434326,2.533071517944336,2.876398801803589,2.34440016746521,2.5039055347442627,2.813598155975342
1991-11-01,4.4070844650268555,4.4466471672058105,4.491830825805664,4.452635288238525,4.482494831085205,4.518431663513184
1991-11-02,4.768661022186279,4.808048248291016,4.863109111785889,4.481324195861816,4.496484756469727,4.52400541305542
1991-11-03,2.2199041843414307,2.2861487865448,2.460378885269165,2.271134614944458,2.305101156234741,2.4277665615081787
1991-11-04,5.11236047744751,5.215125560760498,5.410506248474121,5.090431213378906,5.15327787399292,5.2837982177734375
1991-11-05,5.558476448059082,5.667259693145752,5.74074649810791,5.362363338470459,5.4558939933776855,5.5396246910095215
1991-11-06,3.9078354835510254,4.117647171020508,4.424392223358154,3.863004207611084,4.001309394836426,4.224867820739746
1991-11-07,4.546463489532471,4.784187316894531,5.084329605102539,4.227941036224365,4.393416404724121,4.633432388305664
1991-11-08,4.136213779449463,4.274169445037842,4.348443984985352,4.142906665802002,4.249998569488525,4.286531448364258
1991-11-09,4.741671562194824,4.6650309562683105,4.531574726104736,4.693906307220459,4.609961032867432,4.464889049530029
1991-11-10,6.084657192230225,6.1649932861328125,6.286362648010254,6.075985431671143,6.13580322265625,6.213949680328369
1991-11-11,4.6016340255737305,4.9117937088012695,5.303857803344727,4.3925628662109375,4.65669584274292,5.00111198425293
1991-11-12,3.9862375259399414,4.207145690917969,4.54146671295166,4.00604772567749,4.209183692932129,4.5076985359191895
1991-11-13,3.6620781421661377,3.7118568420410156,3.711524248123169,3.667144775390625,3.708325147628784,3.7067694664001465
1991-11-14,5.382156848907471,5.414952754974365,5.447932720184326,5.4004740715026855,5.40496301651001,5.396708965301514
1991-11-15,4.050172328948975,4.134030818939209,4.273523807525635,3.8643059730529785,3.9246163368225098,4.0569376945495605
1991-11-16,7.846642017364502,7.9211554527282715,8.039846420288086,7.895736217498779,7.954689025878906,8.054898262023926
1991-11-17,4.7494611740112305,5.024394512176514,5.371059894561768,4.813939571380615,5.075254917144775,5.394900798797607
1991-11-18,3.3717029094696045,3.389474391937256,3.3844516277313232,3.3327064514160156,3.3405704498291016,3.3235955238342285
1991-11-19,2.7220683097839355,2.864278793334961,3.0498147010803223,2.657710552215576,2.807607412338257,2.991039752960205
1991-11-20,4.706573963165283,4.755265712738037,4.809091567993164,4.838165760040283,4.880993843078613,4.901187896728516
1991-11-21,5.234062671661377,5.452836036682129,5.686826229095459,5.262048721313477,5.458935737609863,5.664163589477539
1991-11-22,5.514606952667236,5.482063293457031,5.5361328125,5.6359052658081055,5.575913429260254,5.573775291442871
1991-11-23,2.4560840129852295,2.5239715576171875,2.6455140113830566,2.3267502784729004,2.3718137741088867,2.4530107975006104
1991-11-24,3.1736879348754883,3.3090951442718506,3.5473670959472656,3.539606809616089,3.65968918800354,3.8497045040130615
1991-11-25,2.6267926692962646,2.594684362411499,2.6024069786071777,2.6820781230926514,2.6213691234588623,2.5867483615875244
1991-11-26,5.245293617248535,5.346902847290039,5.593896389007568,5.263731956481934,5.3335771560668945,5.518476486206055
1991-11-27,1.2142781019210815,1.3795552253723145,1.7088934183120728,1.3305913209915161,1.4735665321350098,1.7482554912567139
1991-11-28,3.249907970428467,3.274632453918457,3.313152313232422,3.3127899169921875,3.3635940551757812,3.439070463180542
1991-11-29,2.5090982913970947,2.6204049587249756,2.82076358795166,2.5247600078582764,2.6141860485076904,2.767587184906006
1991-11-30,6.406004428863525,6.522348880767822,6.66980504989624,6.467530727386475,6.517476558685303,6.592348098754883
1991-12-01,7.967790603637695,8.19076919555664,8.46495246887207,8.243289947509766,8.438401222229004,8.648945808410645
1991-12-02,1.7286947965621948,1.9592723846435547,2.3056464195251465,1.7529902458190918,1.954619288444519,2.2447385787963867
1991-12-03,3.728443145751953,3.5417213439941406,3.398167610168457,4.144537925720215,3.9553062915802,3.7438125610351562
1991-12-04,4.025001049041748,4.3866353034973145,4.918715476989746,3.8932137489318848,4.196202278137207,4.661345481872559
1991-12-05,5.6398210525512695,5.838943958282471,6.143510341644287,5.473066806793213,5.641252040863037,5.903237819671631
1991-12-06,7.171748161315918,7.318195343017578,7.4528279304504395,6.893901824951172,6.985769748687744,7.0805463790893555
1991-12-07,6.917637825012207,7.024036407470703,7.111448764801025,6.706719398498535,6.772139072418213,6.838031768798828
1991-12-08,4.118618011474609,4.190988540649414,4.2513532638549805,4.099636077880859,4.149016857147217,4.196435451507568
1991-12-09,5.095521926879883,5.0953779220581055,5.132481575012207,4.834514141082764,4.7851338386535645,4.7927398681640625
1991-12-10,7.5314459800720215,7.717344284057617,7.8993449211120605,7.427294731140137,7.567560195922852,7.7144856452941895
1991-12-11,3.1605448722839355,3.2205910682678223,3.267423391342163,3.370615243911743,3.383047580718994,3.372769355773926
1991-12-12,3.5239996910095215,3.40820574760437,3.225848436355591,3.8356130123138428,3.7442548274993896,3.610128402709961
1991-12-13,5.076889514923096,5.616913318634033,6.192763328552246,4.35036039352417,4.844045162200928,5.376688480377197
1991-12-14,2.8966686725616455,3.251277208328247,3.8132851123809814,2.7606711387634277,3.065889358520508,3.5441842079162598
1991-12-15,2.6631340980529785,2.6892201900482178,2.7275328636169434,2.7448132038116455,2.752807140350342,2.759089708328247
1991-12-16,3.0998096466064453,3.1148319244384766,3.1484861373901367,3.166104316711426,3.163989543914795,3.168170213699341
1991-12-17,1.735610842704773,1.7660893201828003,1.9407598972320557,1.8171135187149048,1.8181796073913574,1.9307093620300293
1991-12-18,6.767003536224365,6.793305397033691,6.912136077880859,6.8562822341918945,6.852839469909668,6.914506435394287
1991-12-19,5.553548812866211,5.9211530685424805,6.350873947143555,5.48795747756958,5.821260452270508,6.21187686920166
1991-12-20,3.176952362060547,3.273129940032959,3.460231065750122,3.1659393310546875,3.2096662521362305,3.3450119495391846
1991-12-21,8.252114295959473,8.397416114807129,8.61691665649414,7.730473518371582,7.827548503875732,8.018582344055176
1991-12-22,10.007655143737793,10.316415786743164,10.830938339233398,9.6896333694458,9.971946716308594,10.442142486572266
1991-12-23,3.8363938331604004,3.9442732334136963,4.149811744689941,3.836303234100342,3.9150733947753906,4.055046081542969
1991-12-24,4.999295711517334,4.994165897369385,4.994436264038086,5.145077705383301,5.132450103759766,5.107913970947266
1991-12-25,3.4665772914886475,3.4835615158081055,3.524965763092041,3.2029104232788086,3.183893918991089,3.2200613021850586
1991-12-26,4.537986755371094,4.669082164764404,5.007584095001221,4.6296563148498535,4.70099401473999,4.9222187995910645
1991-12-27,6.575131416320801,6.60168981552124,6.739879131317139,6.749777793884277,6.7543864250183105,6.824367523193359
1991-12-28,5.243965148925781,5.233542442321777,5.312453746795654,5.450101375579834,5.412807464599609,5.418698310852051
1991-12-29,7.662038803100586,7.657724380493164,7.7025227546691895,7.711332321166992,7.71380615234375,7.748276710510254
1991-12-30,6.515030384063721,6.549978733062744,6.6490631103515625,6.5030975341796875,6.506532192230225,6.567076683044434
1991-12-31,7.949142932891846,8.089520454406738,8.279052734375,7.9345622062683105,8.056160926818848,8.237289428710938
1992-01-01,5.579057693481445,5.709980010986328,5.899517059326172,5.603489875793457,5.7026872634887695,5.857684135437012
1992-01-02,4.75432014465332,4.902083396911621,4.989834308624268,4.335934638977051,4.478649616241455,4.576737880706787
1992-01-03,4.038198471069336,4.144961357116699,4.352450847625732,3.9440860748291016,4.032728672027588,4.218873977661133
1992-01-04,4.955538749694824,5.145752906799316,5.366890907287598,4.7010416984558105,4.853898525238037,5.06312894821167
1992-01-05,3.333433151245117,3.548537492752075,3.7205727100372314,3.060905694961548,3.210233211517334,3.361238956451416
1992-01-06,2.73128604888916,2.8877413272857666,3.0891342163085938,2.5857815742492676,2.6676435470581055,2.7749083042144775
1992-01-07,2.0544166564941406,2.154996156692505,2.4506871700286865,2.0973801612854004,2.120213747024536,2.2844948768615723
1992-01-08,5.092378616333008,5.088316917419434,5.113777160644531,5.074880599975586,5.085988998413086,5.133038520812988
1992-01-09,2.1075408458709717,2.13765549659729,2.2265465259552,2.162100315093994,2.182567596435547,2.242567300796509
1992-01-10,4.058699607849121,4.138658046722412,4.330495357513428,4.005706787109375,4.065450668334961,4.2413201332092285
1992-01-11,5.827178955078125,5.9196882247924805,6.071937084197998,5.899021625518799,5.970457077026367,6.093997478485107
1992-01-12,4.692708969116211,4.677009582519531,4.70424222946167,4.911101818084717,4.875517845153809,4.86221170425415
1992-01-13,3.5298540592193604,3.5161044597625732,3.545576333999634,3.5830438137054443,3.5825135707855225,3.6222455501556396
1992-01-14,5.4399638175964355,5.733080863952637,6.070361614227295,5.381381034851074,5.62377405166626,5.8919196128845215
1992-01-15,3.859147548675537,3.8679003715515137,3.87453031539917,3.9260365962982178,3.961230993270874,3.9951066970825195
1992-01-16,6.132718086242676,6.194235324859619,6.3276777267456055,6.263643264770508,6.275460243225098,6.347168445587158
1992-01-17,4.560210704803467,4.658625602722168,4.825980186462402,4.691473960876465,4.760695934295654,4.887588024139404
1992-01-18,2.957949161529541,3.0198323726654053,3.0783042907714844,3.078139305114746,3.1259589195251465,3.1753993034362793
1992-01-19,2.9531307220458984,3.147859573364258,3.4126551151275635,2.92079496383667,3.1002304553985596,3.342194080352783
1992-01-20,2.872009038925171,3.0760746002197266,3.3765711784362793,2.7465555667877197,2.8938541412353516,3.1271183490753174
1992-01-21,2.94738507270813,2.985342264175415,3.16994571685791,2.9892380237579346,2.978285551071167,3.085096836090088
1992-01-22,6.376283168792725,6.4522624015808105,6.603535175323486,6.372954368591309,6.450654983520508,6.559796333312988
1992-01-23,5.328580379486084,5.45568323135376,5.609238147735596,5.071774959564209,5.174185276031494,5.227694511413574
1992-01-24,2.526284694671631,2.695505142211914,2.9487123489379883,2.4808380603790283,2.5861713886260986,2.7550320625305176
1992-01-25,4.469154357910156,4.501595973968506,4.614764213562012,4.434859275817871,4.42155647277832,4.495360851287842
1992-01-26,4.473579406738281,4.605503559112549,4.728762149810791,4.455865383148193,4.556131839752197,4.655666351318359
1992-01-27,3.4415323734283447,3.6405415534973145,3.836895704269409,3.363813638687134,3.549201011657715,3.737584352493286
1992-01-28,2.298912763595581,2.3225595951080322,2.4098381996154785,2.271024465560913,2.2687010765075684,2.3048977851867676
1992-01-29,2.0435967445373535,1.888602614402771,1.762455940246582,1.958724021911621,1.8195942640304565,1.7223236560821533
1992-01-30,6.614660263061523,6.586947917938232,6.694235801696777,6.810862064361572,6.769232749938965,6.832678318023682
1992-01-31,7.82655668258667,7.945773124694824,8.104330062866211,7.822934150695801,7.938798904418945,8.043601036071777
1992-02-01,5.760409832000732,6.103350639343262,6.464519500732422,5.283700942993164,5.6044769287109375,5.979883670806885
1992-02-02,2.8342554569244385,3.1747636795043945,3.581643581390381,2.756850481033325,3.058872938156128,3.412315845489502
1992-02-03,1.420276403427124,1.6868517398834229,2.1483232975006104,1.3779767751693726,1.6078335046768188,2.0043604373931885
1992-02-04,1.6976841688156128,1.6562327146530151,1.8555914163589478,1.5897915363311768,1.5294443368911743,1.6958365440368652
1992-02-05,2.969982624053955,3.103158473968506,3.1952953338623047,3.203326940536499,3.3152434825897217,3.3827121257781982
1992-02-06,4.182171821594238,4.300182819366455,4.402921676635742,3.8235671520233154,3.9310123920440674,4.04571533203125
1992-02-07,3.0869154930114746,3.257755994796753,3.502105951309204,2.826298952102661,2.978590488433838,3.1963858604431152
1992-02-08,4.522100925445557,4.454562187194824,4.390562534332275,4.103785991668701,4.03394889831543,3.9792277812957764
1992-02-09,7.0676751136779785,7.227430820465088,7.421523094177246,7.063274383544922,7.196661949157715,7.370460033416748
1992-02-10,4.920220851898193,4.914332389831543,4.94734001159668,5.154882431030273,5.160164833068848,5.188679218292236
1992-02-11,6.145161151885986,6.238529205322266,6.378541946411133,6.309424877166748,6.413789749145508,6.5314836502075195
1992-02-12,4.5676350593566895,4.757049560546875,4.941528797149658,4.416110515594482,4.600315570831299,4.773800373077393
1992-02-13,5.023683071136475,5.028414249420166,5.028838157653809,4.845493316650391,4.825905799865723,4.788731575012207
1992-02-14,6.916324138641357,7.1360697746276855,7.419952869415283,6.9265007972717285,7.144807815551758,7.378596305847168
1992-02-15,3.889427423477173,4.000192642211914,4.219088077545166,3.985891819000244,4.088374137878418,4.2553300857543945
1992-02-16,1.8439571857452393,1.98690927028656,2.2410435676574707,1.7997982501983643,1.9265795946121216,2.15696120262146
1992-02-17,3.4600718021392822,3.563443183898926,3.7317614555358887,3.5897068977355957,3.679513692855835,3.839090585708618
1992-02-18,2.4518818855285645,2.503762722015381,2.6409482955932617,2.4044406414031982,2.4371016025543213,2.5278568267822266
1992-02-19,2.9078598022460938,3.045192241668701,3.1854469776153564,3.0276575088500977,3.1411895751953125,3.247758626937866
1992-02-20,4.775078773498535,4.950432300567627,5.125524044036865,4.849272727966309,4.986850261688232,5.106706142425537
1992-02-21,4.253726482391357,4.489949703216553,4.770263671875,4.088708877563477,4.300961971282959,4.550866603851318
1992-02-22,4.205393314361572,4.422994136810303,4.720634937286377,4.227999210357666,4.415318489074707,4.671703815460205
1992-02-23,4.031290531158447,4.209404945373535,4.478765964508057,3.968632936477661,4.131118297576904,4.336811065673828
1992-02-24,4.085189342498779,4.117920398712158,4.127704620361328,4.080562114715576,4.099359512329102,4.086210250854492
1992-02-25,5.5069990158081055,5.552288055419922,5.701178073883057,5.579708576202393,5.594211578369141,5.697320938110352
1992-02-26,6.193943977355957,6.473208427429199,6.727924346923828,6.030508995056152,6.2895684242248535,6.551150798797607
1992-02-27,5.375770568847656,5.4674153327941895,5.600924491882324,5.066876411437988,5.153303623199463,5.258656978607178
1992-02-28,5.41110372543335,5.56281852722168,5.746628761291504,5.199988842010498,5.35145902633667,5.508885860443115
1992-02-29,,,,,,
1992-03-01,2.9070069789886475,3.0589356422424316,3.2620928287506104,2.66752028465271,2.7806169986724854,2.9459872245788574
1992-03-02,1.8350859880447388,1.9404387474060059,2.105515956878662,1.576341986656189,1.6641194820404053,1.817268967628479
1992-03-03,2.511657476425171,2.4079017639160156,2.2511913776397705,2.4379780292510986,2.29886794090271,2.1162331104278564
1992-03-04,3.609922409057617,3.695348024368286,3.8875958919525146,3.5026650428771973,3.5694754123687744,3.742520332336426
1992-03-05,6.123229026794434,6.143835067749023,6.223085880279541,6.1927032470703125,6.195720195770264,6.255701065063477
1992-03-06,5.667243003845215,5.794976711273193,5.930195331573486,5.475135803222656,5.5861124992370605,5.708637237548828
1992-03-07,0.9848012328147888,0.9982983469963074,1.038111686706543,0.9566788077354431,0.9753816723823547,1.0224392414093018
1992-03-08,3.3443710803985596,3.3726413249969482,3.3790934085845947,3.089060068130493,3.1039204597473145,3.074317455291748
1992-03-09,7.014848232269287,7.266934394836426,7.701440334320068,6.594787120819092,6.799872398376465,7.150321960449219
1992-03-10,5.143919467926025,5.449321746826172,5.727713108062744,4.743114948272705,5.024276256561279,5.3005051612854
1992-03-11,1.381323218345642,1.413771152496338,1.5105750560760498,1.4475462436676025,1.4538249969482422,1.5094523429870605
1992-03-12,2.769104480743408,2.6581039428710938,2.650211811065674,2.716651678085327,2.5844500064849854,2.54914927482605
1992-03-13,2.369598150253296,2.3796677589416504,2.4403181076049805,2.2834582328796387,2.2881081104278564,2.322380542755127
1992-03-14,4.786111354827881,4.675835132598877,4.673549175262451,4.579360008239746,4.503151893615723,4.489809989929199
1992-03-15,7.274433612823486,7.288244247436523,7.320894718170166,7.163041591644287,7.1742048263549805,7.17240571975708
1992-03-16,5.906215667724609,6.251969337463379,6.614702224731445,5.894155025482178,6.228073596954346,6.54750919342041
1992-03-17,2.9841043949127197,2.9926514625549316,3.037618398666382,3.0070090293884277,3.0135645866394043,3.052455425262451
1992-03-18,3.6302497386932373,3.686256170272827,3.7943568229675293,3.6690781116485596,3.7008354663848877,3.7764432430267334
1992-03-19,4.735627174377441,4.81325626373291,4.940335273742676,5.061295986175537,5.114975452423096,5.194434642791748
1992-03-20,5.959873676300049,6.139904022216797,6.316792011260986,6.009260177612305,6.167385578155518,6.323636531829834
1992-03-21,4.544715404510498,4.732688903808594,4.936522483825684,4.579164505004883,4.757722854614258,4.953082084655762
1992-03-22,3.2531561851501465,3.3621420860290527,3.5514767169952393,3.194316864013672,3.305910110473633,3.4888439178466797
1992-03-23,3.1262993812561035,3.142866849899292,3.201807737350464,3.150906801223755,3.169224977493286,3.216123580932617
1992-03-24,1.7724138498306274,1.8337715864181519,1.9374300241470337,1.8190792798995972,1.885438323020935,1.9812817573547363
1992-03-25,3.235714912414551,3.2793161869049072,3.4390792846679688,3.0599164962768555,3.099980115890503,3.227085590362549
1992-03-26,2.3547868728637695,2.3799965381622314,2.482419013977051,2.38026762008667,2.3980929851531982,2.4753291606903076
1992-03-27,3.8322184085845947,3.7871570587158203,3.790078639984131,3.772092580795288,3.7176921367645264,3.7016408443450928
1992-03-28,4.710972785949707,4.748719215393066,4.86007022857666,4.467437744140625,4.473073959350586,4.54025411605835
1992-03-29,3.4071364402770996,3.4036874771118164,3.4663455486297607,3.284451723098755,3.266296863555908,3.3013622760772705
1992-03-30,3.393080949783325,3.5696194171905518,3.782982587814331,3.068413734436035,3.197391986846924,3.386115550994873
1992-03-31,2.7832252979278564,2.8451616764068604,2.947819709777832,3.0251245498657227,3.099928617477417,3.183363914489746
1992-04-01,4.549566745758057,4.538779258728027,4.623379230499268,4.6561079025268555,4.663987636566162,4.742042541503906
1992-04-02,4.760879993438721,4.842016696929932,4.9418721199035645,4.539526462554932,4.572291374206543,4.605671405792236
1992-04-03,4.030269622802734,4.284003257751465,4.535468578338623,4.216559886932373,4.436551570892334,4.641862392425537
1992-04-04,5.7399582862854,5.784012794494629,5.86223840713501,5.833454608917236,5.865807056427002,5.932814598083496
1992-04-05,4.619491100311279,4.7695441246032715,5.003133773803711,4.550578594207764,4.663447856903076,4.841671466827393
1992-04-06,7.328103542327881,7.445927619934082,7.433629512786865,7.17677640914917,7.270357608795166,7.227758407592773
1992-04-07,4.708820819854736,4.8050007820129395,4.928577899932861,4.68577766418457,4.759032249450684,4.854679107666016
1992-04-08,3.3841030597686768,3.3948192596435547,3.4296388626098633,3.38610577583313,3.379098415374756,3.376581907272339
1992-04-09,4.5408430099487305,4.487288475036621,4.4235920906066895,4.539609432220459,4.465061187744141,4.386880874633789
1992-04-10,5.070977687835693,5.237661361694336,5.407145977020264,5.124780178070068,5.268845081329346,5.40381383895874
1992-04-11,3.514618158340454,3.6890408992767334,3.8839006423950195,3.542140007019043,3.7052183151245117,3.875917673110962
1992-04-12,4.714805603027344,4.773191452026367,4.847125053405762,4.657599449157715,4.702290058135986,4.751709938049316
1992-04-13,8.338712692260742,8.266889572143555,8.185158729553223,8.089940071105957,8.017276763916016,7.922799110412598
1992-04-14,5.999485015869141,6.087723731994629,6.200428009033203,6.143476963043213,6.213347434997559,6.31334114074707
1992-04-15,5.235175132751465,5.369744300842285,5.512307643890381,5.393868923187256,5.504789352416992,5.6143341064453125
1992-04-16,2.5181124210357666,2.589891195297241,2.7102038860321045,2.455780267715454,2.5180001258850098,2.614021062850952
1992-04-17,2.520632743835449,2.5458130836486816,2.617246627807617,2.409105062484741,2.4044148921966553,2.4346868991851807
1992-04-18,3.918001651763916,3.9680216312408447,4.0156989097595215,3.8907034397125244,3.944892644882202,3.994784355163574
1992-04-19,3.139225959777832,3.1046502590179443,3.0941553115844727,3.1567254066467285,3.1070332527160645,3.064624071121216
1992-04-20,6.871186256408691,6.930641174316406,7.047715663909912,6.966794013977051,7.007260799407959,7.086432456970215
1992-04-21,4.923501968383789,5.011055946350098,5.103274345397949,4.864377498626709,4.941446781158447,5.003425598144531
1992-04-22,4.21688175201416,4.031979560852051,3.855302333831787,4.724104404449463,4.524179935455322,4.301419734954834
1992-04-23,6.3856000900268555,6.53544807434082,6.692450046539307,6.116281509399414,6.251637935638428,6.399295806884766
1992-04-24,5.041866302490234,5.0806403160095215,5.103853702545166,4.797707557678223,4.822335243225098,4.825241565704346
1992-04-25,6.720230579376221,6.682950496673584,6.69921875,6.6669511795043945,6.620610237121582,6.611034870147705
1992-04-26,5.784709453582764,5.859925746917725,6.00810432434082,5.955803871154785,6.009243965148926,6.114076137542725
1992-04-27,2.6018803119659424,2.5994598865509033,2.631190776824951,2.4510416984558105,2.436081647872925,2.45269513130188
1992-04-28,2.5989317893981934,2.5453431606292725,2.490785598754883,2.6742818355560303,2.6201722621917725,2.5621135234832764
1992-04-29,2.788872003555298,2.8022024631500244,2.875221014022827,2.848919630050659,2.851787805557251,2.9057304859161377
1992-04-30,2.5049808025360107,2.5347518920898438,2.5827414989471436,2.5335302352905273,2.564136266708374,2.615316390991211
1992-05-01,1.2638773918151855,1.3023298978805542,1.3321551084518433,1.27167809009552,1.2968354225158691,1.3163349628448486
1992-05-02,1.2915866374969482,1.3154839277267456,1.3395514488220215,1.3393077850341797,1.382822871208191,1.4190031290054321
1992-05-03,0.9402878284454346,0.9821066856384277,1.0281442403793335,1.1129013299942017,1.1404162645339966,1.181445598602295
1992-05-04,3.823211431503296,3.828566551208496,3.845329999923706,4.041889190673828,4.033888816833496,4.036335468292236
1992-05-05,3.597850799560547,3.611583709716797,3.6567599773406982,3.658517360687256,3.666731119155884,3.6980161666870117
1992-05-06,2.574561357498169,2.600526809692383,2.5899739265441895,2.563161611557007,2.5953264236450195,2.598737955093384
1992-05-07,1.4355086088180542,1.4659792184829712,1.5130919218063354,1.3957664966583252,1.4271435737609863,1.47048020362854
1992-05-08,3.3847405910491943,3.430215835571289,3.490581750869751,3.353634834289551,3.387566089630127,3.422734498977661
1992-05-09,4.347650051116943,4.3823323249816895,4.397339344024658,4.286048889160156,4.301132678985596,4.295864105224609
1992-05-10,2.622976779937744,2.7270874977111816,2.8451361656188965,2.6794698238372803,2.769977331161499,2.864792823791504
1992-05-11,2.5376806259155273,2.556772470474243,2.5673089027404785,2.665260076522827,2.680508852005005,2.6802375316619873
1992-05-12,4.015780448913574,4.034843444824219,4.069119453430176,4.028675079345703,4.032285213470459,4.038671970367432
1992-05-13,1.768908143043518,1.8185791969299316,1.9095025062561035,1.74260413646698,1.7941508293151855,1.8780224323272705
1992-05-14,1.574317216873169,1.5524108409881592,1.5912748575210571,1.737380027770996,1.7201944589614868,1.7502083778381348
1992-05-15,1.563644289970398,1.5943125486373901,1.6142545938491821,1.5423252582550049,1.5653645992279053,1.5842435359954834
1992-05-16,3.4282784461975098,3.4621989727020264,3.526202440261841,3.5082528591156006,3.542771577835083,3.595529794692993
1992-05-17,3.958737373352051,4.033845901489258,4.111914157867432,3.906857490539551,3.97467041015625,4.041347026824951
1992-05-18,2.638721466064453,2.645679473876953,2.6577324867248535,2.6934072971343994,2.694291114807129,2.6982412338256836
1992-05-19,4.400667667388916,4.466672420501709,4.5442914962768555,4.36705207824707,4.409418106079102,4.461798191070557
1992-05-20,5.054511070251465,5.164837837219238,5.312074661254883,5.106359004974365,5.194929122924805,5.304068565368652
1992-05-21,4.195252418518066,4.357415676116943,4.517850399017334,4.110919952392578,4.25828742980957,4.394991874694824
1992-05-22,1.7548962831497192,1.8186171054840088,1.860238790512085,1.9992913007736206,2.0701849460601807,2.118673324584961
1992-05-23,1.2041105031967163,1.2480460405349731,1.3472586870193481,1.1900535821914673,1.2224316596984863,1.3033699989318848
1992-05-24,3.359947919845581,3.6178808212280273,3.8522510528564453,3.3458662033081055,3.5812597274780273,3.7799394130706787
1992-05-25,2.228017568588257,2.132424831390381,1.9474142789840698,2.338717460632324,2.2530627250671387,2.057556629180908
1992-05-26,1.3762116432189941,1.4026819467544556,1.4378739595413208,1.31625497341156,1.340224027633667,1.3785125017166138
1992-05-27,1.9961999654769897,2.016805410385132,1.998389720916748,2.0422873497009277,2.0763494968414307,2.0835471153259277
1992-05-28,1.2844229936599731,1.3731518983840942,1.5322386026382446,1.291845440864563,1.3585587739944458,1.4867597818374634
1992-05-29,1.8997907638549805,1.8882783651351929,1.910413384437561,1.9582147598266602,1.9302120208740234,1.929427146911621
1992-05-30,1.719888687133789,1.6917775869369507,1.6439425945281982,1.7798441648483276,1.75381600856781,1.7014423608779907
1992-05-31,2.9483866691589355,3.0386030673980713,3.1140897274017334,3.023939609527588,3.1158828735351562,3.181790828704834
1992-06-01,2.261035680770874,2.173170804977417,2.0385539531707764,2.2402706146240234,2.148569107055664,2.029860258102417
1992-06-02,1.9287793636322021,1.950687050819397,1.9717220067977905,1.8832175731658936,1.8982059955596924,1.9084630012512207
1992-06-03,2.403780698776245,2.3446831703186035,2.3042004108428955,2.365859270095825,2.3098387718200684,2.273175001144409
1992-06-04,3.048307418823242,3.033306837081909,3.102600336074829,3.0389909744262695,3.0160207748413086,3.064340114593506
1992-06-05,3.0020315647125244,3.0689117908477783,3.128962278366089,2.9471359252929688,2.9969770908355713,3.029635429382324
1992-06-06,3.1514363288879395,3.1833038330078125,3.228416919708252,3.0670270919799805,3.0801963806152344,3.099797248840332
1992-06-07,4.083532333374023,4.14032506942749,4.194754600524902,4.083389759063721,4.125303745269775,4.156330585479736
1992-06-08,3.344430446624756,3.4003727436065674,3.4984965324401855,3.338446617126465,3.384483814239502,3.467418909072876
1992-06-09,2.649658441543579,2.8397741317749023,3.124009132385254,2.558062791824341,2.709615468978882,2.9260082244873047
1992-06-10,3.0164480209350586,3.270983934402466,3.591294765472412,2.939931631088257,3.1647186279296875,3.430328130722046
1992-06-11,3.164851427078247,3.468456268310547,3.9555351734161377,3.146347761154175,3.425405740737915,3.855107545852661
1992-06-12,3.4831061363220215,3.7112419605255127,4.128390312194824,3.472907304763794,3.6561942100524902,3.9901931285858154
1992-06-13,3.5834555625915527,3.567577838897705,3.5504391193389893,3.557783603668213,3.538733959197998,3.5232112407684326
1992-06-14,1.5976002216339111,1.6705126762390137,1.7846899032592773,1.5414841175079346,1.598287582397461,1.6943193674087524
1992-06-15,4.1760969161987305,4.255854606628418,4.341907978057861,4.14540958404541,4.2260565757751465,4.305109977722168
1992-06-16,4.440838813781738,4.484070777893066,4.557888984680176,4.528801441192627,4.550531387329102,4.603311538696289
1992-06-17,5.390045166015625,5.51546049118042,5.665964126586914,5.32870626449585,5.429198265075684,5.546803951263428
1992-06-18,3.454061985015869,3.5999200344085693,3.7779347896575928,3.4989402294158936,3.625863552093506,3.77429461479187
1992-06-19,2.022822141647339,2.0847814083099365,2.1823511123657227,2.0062873363494873,2.067277669906616,2.1616203784942627
1992-06-20,2.0594637393951416,2.0903539657592773,2.101447820663452,2.0466535091400146,2.074808120727539,2.0882115364074707
1992-06-21,3.295276403427124,3.4234018325805664,3.558385133743286,3.3316891193389893,3.455444574356079,3.576988697052002
1992-06-22,2.0597429275512695,2.0294816493988037,2.0235962867736816,1.996896505355835,1.9449585676193237,1.908104658126831
1992-06-23,4.839317798614502,4.941981315612793,5.088984489440918,4.9084367752075195,4.993046760559082,5.10840368270874
1992-06-24,5.795838832855225,6.0266804695129395,6.308650970458984,5.884331703186035,6.1003947257995605,6.344112396240234
1992-06-25,3.882286548614502,4.096817493438721,4.304263114929199,3.960162878036499,4.168840408325195,4.364178657531738
1992-06-26,2.339123487472534,2.4255616664886475,2.518519878387451,2.4497792720794678,2.533936023712158,2.6229360103607178
1992-06-27,3.4067554473876953,3.487946033477783,3.565781831741333,3.5684099197387695,3.6467413902282715,3.7130789756774902
1992-06-28,1.9877090454101562,1.9556912183761597,1.9509360790252686,1.9976028203964233,1.9654873609542847,1.959873080253601
1992-06-29,3.6433823108673096,3.5581984519958496,3.4563252925872803,3.451096773147583,3.339491844177246,3.241206169128418
1992-06-30,4.311147212982178,4.255589962005615,4.158356666564941,4.104554653167725,4.035994052886963,3.943774938583374
1992-07-01,3.47648286819458,3.618401288986206,3.8161866664886475,3.3776893615722656,3.5017473697662354,3.677827835083008
1992-07-02,2.74552583694458,2.8416528701782227,2.9185497760772705,2.67899751663208,2.7596728801727295,2.8268003463745117
1992-07-03,2.7964119911193848,2.9128880500793457,3.0469624996185303,2.8637778759002686,2.9664828777313232,3.0842347145080566
1992-07-04,2.1586861610412598,2.189330577850342,2.2420151233673096,2.1487932205200195,2.1660683155059814,2.2041542530059814
1992-07-05,2.369720935821533,2.4504330158233643,2.5683953762054443,2.3261685371398926,2.3932793140411377,2.4883875846862793
1992-07-06,1.7873814105987549,1.832914113998413,1.9291603565216064,1.8429348468780518,1.8728193044662476,1.944366693496704
1992-07-07,2.303807020187378,2.2762084007263184,2.2521727085113525,2.427196979522705,2.3973731994628906,2.3649137020111084
1992-07-08,3.591218948364258,3.6621909141540527,3.71024227142334,3.6444735527038574,3.7118687629699707,3.757141590118408
1992-07-09,1.6618343591690063,1.7486754655838013,1.857771873474121,1.5670256614685059,1.6418538093566895,1.7317804098129272
1992-07-10,3.752413272857666,3.8324763774871826,3.9548003673553467,3.7947838306427,3.8650283813476562,3.9663209915161133
1992-07-11,4.1696696281433105,4.238246440887451,4.308760643005371,4.292752742767334,4.352077007293701,4.3984527587890625
1992-07-12,3.4818108081817627,3.6274847984313965,3.7628698348999023,3.452277183532715,3.582869291305542,3.707287073135376
1992-07-13,2.097531795501709,2.2094225883483887,2.3570995330810547,2.033371925354004,2.1217918395996094,2.2346081733703613
1992-07-14,2.9581422805786133,3.0926601886749268,3.2828617095947266,2.8806850910186768,3.0020229816436768,3.168443202972412
1992-07-15,2.721404790878296,2.808793067932129,2.9238405227661133,2.6392645835876465,2.710538148880005,2.808107852935791
1992-07-16,4.433689594268799,4.510018348693848,4.585341453552246,4.422624588012695,4.489138126373291,4.558830738067627
1992-07-17,3.8017921447753906,3.9584572315216064,4.149969100952148,3.809890031814575,3.9474942684173584,4.107721328735352
1992-07-18,2.3157572746276855,2.3394598960876465,2.3781116008758545,2.3519532680511475,2.364008903503418,2.388019561767578
1992-07-19,3.006990671157837,3.0724942684173584,3.215728998184204,3.22904372215271,3.277799129486084,3.3697423934936523
1992-07-20,3.801631450653076,3.9953720569610596,4.175217628479004,3.7915310859680176,3.9740407466888428,4.139016151428223
1992-07-21,1.6721943616867065,1.727701187133789,1.8528153896331787,1.9060614109039307,1.9541419744491577,2.054382562637329
1992-07-22,3.2602853775024414,3.328939199447632,3.4366559982299805,3.3465940952301025,3.4122560024261475,3.49649977684021
1992-07-23,1.978112816810608,1.9627410173416138,1.9428622722625732,2.164830207824707,2.1621005535125732,2.1567459106445312
1992-07-24,2.619164228439331,2.701247453689575,2.7735469341278076,2.4383299350738525,2.500112295150757,2.5615501403808594
1992-07-25,2.4428420066833496,2.416825532913208,2.413332223892212,2.4752249717712402,2.4638137817382812,2.4721765518188477
1992-07-26,1.7253639698028564,1.7333617210388184,1.7860848903656006,1.9635107517242432,1.9705890417099,2.0029783248901367
1992-07-27,1.5787519216537476,1.5274438858032227,1.464552402496338,1.5181118249893188,1.4866811037063599,1.4679394960403442
1992-07-28,2.6364493370056152,2.628793239593506,2.651047945022583,2.7246391773223877,2.717214345932007,2.7432398796081543
1992-07-29,3.013695001602173,3.1448254585266113,3.2895121574401855,2.9739742279052734,3.094853639602661,3.2251832485198975
1992-07-30,2.3857030868530273,2.48598313331604,2.601548194885254,2.2979884147644043,2.371934652328491,2.4438509941101074
1992-07-31,2.1404483318328857,2.2341878414154053,2.3577475547790527,1.9915902614593506,2.053989887237549,2.1499745845794678
1992-08-01,1.8550832271575928,1.9828599691390991,2.1295485496520996,1.8649137020111084,1.9763902425765991,2.1039156913757324
1992-08-02,1.7371844053268433,1.7194815874099731,1.7995362281799316,1.6865689754486084,1.653865933418274,1.6995667219161987
1992-08-03,2.198279619216919,2.333528518676758,2.5152792930603027,2.331359386444092,2.4522995948791504,2.612525701522827
1992-08-04,2.874903917312622,3.0237269401550293,3.1806185245513916,2.9554293155670166,3.095031499862671,3.2400100231170654
1992-08-05,2.4743950366973877,2.521116018295288,2.564620018005371,2.4283254146575928,2.4645631313323975,2.5062129497528076
1992-08-06,4.402316093444824,4.5228776931762695,4.696684837341309,4.536136627197266,4.606326580047607,4.700831890106201
1992-08-07,3.0740482807159424,3.087273359298706,3.1258299350738525,3.0768444538116455,3.0722296237945557,3.0812926292419434
1992-08-08,2.308123826980591,2.361297369003296,2.467437505722046,2.426060438156128,2.4532582759857178,2.5175247192382812
1992-08-09,1.6639691591262817,1.7829316854476929,1.91896390914917,1.633760929107666,1.7292448282241821,1.8329453468322754
1992-08-10,0.7364024519920349,0.674667239189148,0.6904807090759277,0.8387125730514526,0.779323399066925,0.7891275882720947
1992-08-11,2.4046974182128906,2.477296829223633,2.602649211883545,2.4457592964172363,2.492090940475464,2.579648971557617
1992-08-12,2.598742961883545,2.69273042678833,2.849236011505127,2.6134533882141113,2.699030637741089,2.8452484607696533
1992-08-13,2.51668643951416,2.55086088180542,2.5377418994903564,2.3509645462036133,2.378779411315918,2.3692450523376465
1992-08-14,1.9680160284042358,2.0022594928741455,2.058321952819824,2.0106470584869385,2.0432302951812744,2.083566188812256
1992-08-15,2.2170467376708984,2.245743989944458,2.3002679347991943,2.3673312664031982,2.3984060287475586,2.448354959487915
1992-08-16,3.251593828201294,3.3729519844055176,3.500875949859619,3.2893552780151367,3.3986523151397705,3.5027334690093994
1992-08-17,3.480008602142334,3.6534366607666016,3.8472683429718018,3.402600049972534,3.5682218074798584,3.7544734477996826
1992-08-18,1.1431900262832642,1.1761529445648193,1.2081931829452515,1.1572803258895874,1.1839187145233154,1.205845594406128
1992-08-19,3.964101552963257,4.030575752258301,4.2120866775512695,4.106071472167969,4.155966281890869,4.279853343963623
1992-08-20,2.5237791538238525,2.6640963554382324,2.8622653484344482,2.5299570560455322,2.6611642837524414,2.842353343963623
1992-08-21,1.7430509328842163,1.7990070581436157,1.869844913482666,1.667400598526001,1.6964110136032104,1.7417696714401245
1992-08-22,3.648817777633667,3.6504204273223877,3.5783607959747314,3.5459957122802734,3.55672025680542,3.5054433345794678
1992-08-23,2.8563075065612793,2.9948692321777344,3.1469666957855225,2.7254016399383545,2.8542943000793457,2.9952709674835205
1992-08-24,1.5252668857574463,1.5884954929351807,1.672393560409546,1.374033808708191,1.4235049486160278,1.4939769506454468
1992-08-25,3.2934134006500244,3.384979486465454,3.601444721221924,3.4328255653381348,3.4853506088256836,3.6389920711517334
1992-08-26,4.283269882202148,4.3705854415893555,4.591637134552002,4.3052978515625,4.372528076171875,4.555810451507568
1992-08-27,3.2906956672668457,3.39009428024292,3.5107319355010986,3.3640215396881104,3.4384357929229736,3.515119791030884
1992-08-28,2.1988368034362793,2.324073314666748,2.4698679447174072,2.094010591506958,2.2079904079437256,2.3408069610595703
1992-08-29,1.8771566152572632,1.8925424814224243,1.9044584035873413,1.7494593858718872,1.7516733407974243,1.7611593008041382
1992-08-30,3.0774166584014893,3.1344518661499023,3.1798384189605713,3.263909101486206,3.306187391281128,3.33068585395813
1992-08-31,3.266975164413452,3.3544068336486816,3.484250545501709,3.362689256668091,3.4275999069213867,3.51564621925354
1992-09-01,3.1651597023010254,3.2634494304656982,3.428520917892456,3.0574557781219482,3.132795572280884,3.267502784729004
1992-09-02,2.2844319343566895,2.4302923679351807,2.6403231620788574,2.346038579940796,2.4783196449279785,2.6624596118927
1992-09-03,2.062145471572876,2.2060301303863525,2.379883050918579,2.095594882965088,2.2283575534820557,2.376685857772827
1992-09-04,2.4911251068115234,2.5305004119873047,2.5672249794006348,2.604499101638794,2.6452488899230957,2.6795599460601807
1992-09-05,4.432836532592773,4.594711780548096,4.801462173461914,4.362110614776611,4.5017876625061035,4.669495105743408
1992-09-06,1.6210477352142334,1.7509461641311646,1.920495629310608,1.5768409967422485,1.6953285932540894,1.8477627038955688
1992-09-07,2.9776952266693115,2.7923331260681152,2.61246919631958,2.7860801219940186,2.5877692699432373,2.3984367847442627
1992-09-08,2.7708728313446045,2.713813304901123,2.5958664417266846,2.531522035598755,2.4673380851745605,2.3542320728302
1992-09-09,2.802192211151123,2.8748345375061035,2.8857920169830322,2.9264864921569824,2.999544858932495,2.997614860534668
1992-09-10,5.335452556610107,5.385316848754883,5.398817539215088,5.414477825164795,5.460915565490723,5.4602952003479
1992-09-11,4.5373358726501465,4.642704486846924,4.7810959815979,4.641133785247803,4.732820510864258,4.824275493621826
1992-09-12,1.7161903381347656,1.7984817028045654,1.8890103101730347,1.6045422554016113,1.6682649850845337,1.7395097017288208
1992-09-13,2.1477057933807373,2.047109842300415,1.9716215133666992,2.4511289596557617,2.3579764366149902,2.264435052871704
1992-09-14,4.287601470947266,4.259831428527832,4.210093975067139,4.349573612213135,4.308856010437012,4.245039463043213
1992-09-15,4.534253120422363,4.580344200134277,4.668485164642334,4.606635570526123,4.645701885223389,4.710306644439697
1992-09-16,3.424596071243286,3.466057777404785,3.5377931594848633,3.4718339443206787,3.4899089336395264,3.517789840698242
1992-09-17,3.9251132011413574,4.021875858306885,4.142470359802246,4.105299949645996,4.184881687164307,4.283510208129883
1992-09-18,2.1708595752716064,2.3137145042419434,2.5195043087005615,2.11468505859375,2.2371621131896973,2.410280227661133
1992-09-19,2.70430850982666,2.6683783531188965,2.6293861865997314,2.882009983062744,2.8459935188293457,2.797729730606079
1992-09-20,1.7163926362991333,1.733708381652832,1.765939712524414,1.7641308307647705,1.774593472480774,1.7941921949386597
1992-09-21,3.284327507019043,3.240846872329712,3.151252031326294,3.275625705718994,3.2415850162506104,3.156808853149414
1992-09-22,1.6447904109954834,1.6476223468780518,1.6946336030960083,1.8332583904266357,1.8349642753601074,1.8696813583374023
1992-09-23,2.1619114875793457,2.177159547805786,2.2517333030700684,2.2671546936035156,2.2682619094848633,2.3124313354492188
1992-09-24,3.141983985900879,3.1741881370544434,3.2924132347106934,3.3633854389190674,3.3660502433776855,3.4201109409332275
1992-09-25,2.7240023612976074,2.6008267402648926,2.5154101848602295,3.0427024364471436,2.916482925415039,2.7960798740386963
1992-09-26,4.532393932342529,4.706141948699951,4.901975631713867,4.242371082305908,4.416504859924316,4.6057658195495605
1992-09-27,5.433346748352051,5.577802658081055,5.611852169036865,5.273759365081787,5.438711166381836,5.47269344329834
1992-09-28,3.388657331466675,3.5524685382843018,3.805968761444092,3.408822536468506,3.5333852767944336,3.718625068664551
1992-09-29,4.154558181762695,4.3582763671875,4.593299865722656,4.225722789764404,4.404455184936523,4.60075569152832
1992-09-30,2.9453606605529785,3.1336514949798584,3.3553154468536377,2.8814213275909424,3.046692371368408,3.2419676780700684
1992-10-01,2.863494634628296,2.8921422958374023,2.967984199523926,2.9553070068359375,2.9475362300872803,2.96156907081604
1992-10-02,3.907198905944824,4.0839948654174805,4.3565754890441895,3.9546401500701904,4.105509281158447,4.34001350402832
1992-10-03,1.6920349597930908,1.8390331268310547,2.035522937774658,1.6356101036071777,1.7459255456924438,1.891387701034546
1992-10-04,5.354431629180908,5.5068535804748535,5.64751672744751,5.129984378814697,5.262392044067383,5.3757548332214355
1992-10-05,6.1847004890441895,6.4302263259887695,6.752942085266113,6.256898403167725,6.476776123046875,6.747950077056885
1992-10-06,3.067603349685669,3.139951229095459,3.2796056270599365,3.1480624675750732,3.189321279525757,3.2677130699157715
1992-10-07,3.709589719772339,3.838303565979004,3.994553327560425,3.586124897003174,3.707240581512451,3.8671536445617676
1992-10-08,5.637260437011719,5.758171081542969,5.9428815841674805,5.637467861175537,5.729086875915527,5.857759952545166
1992-10-09,5.967343330383301,6.141846179962158,6.38184118270874,5.9810051918029785,6.129893779754639,6.328375816345215
1992-10-10,4.293455600738525,4.365971565246582,4.472657680511475,4.418489456176758,4.466409206390381,4.534278869628906
1992-10-11,3.5567994117736816,3.6488358974456787,3.7516698837280273,3.717909574508667,3.781203031539917,3.8531460762023926
1992-10-12,2.1149327754974365,2.2529406547546387,2.461503267288208,1.9901725053787231,2.1090855598449707,2.289903402328491
1992-10-13,4.587626934051514,4.609283924102783,4.673745155334473,4.515544891357422,4.519444942474365,4.559218883514404
1992-10-14,6.349869251251221,6.606064319610596,6.989410400390625,6.001686096191406,6.2123847007751465,6.52213191986084
1992-10-15,3.753265380859375,3.7453579902648926,3.7082080841064453,3.8326613903045654,3.7954354286193848,3.7118959426879883
1992-10-16,2.9144845008850098,3.078286647796631,3.432093381881714,3.02443265914917,3.147515058517456,3.4325926303863525
1992-10-17,3.8357203006744385,3.980978012084961,4.18640661239624,3.995906114578247,4.118536472320557,4.279796600341797
1992-10-18,1.7783300876617432,1.7779566049575806,1.7965844869613647,1.7113176584243774,1.7082107067108154,1.705316424369812
1992-10-19,6.182359218597412,6.312718868255615,6.466245174407959,6.298665523529053,6.446981430053711,6.5828399658203125
1992-10-20,5.660653591156006,5.738152027130127,5.794073104858398,5.507784843444824,5.546050071716309,5.568342208862305
1992-10-21,4.187523365020752,4.42207145690918,4.714700222015381,4.17053747177124,4.389739990234375,4.6504693031311035
1992-10-22,5.433643341064453,5.470802307128906,5.535283088684082,5.474022388458252,5.495182514190674,5.539269924163818
1992-10-23,6.03314733505249,6.106630325317383,6.230563640594482,6.089603900909424,6.143104076385498,6.227126598358154
1992-10-24,5.291042327880859,5.4216837882995605,5.5241851806640625,5.2145161628723145,5.324923992156982,5.411640644073486
1992-10-25,2.1735572814941406,2.2876172065734863,2.4364328384399414,2.0987837314605713,2.1965115070343018,2.3181867599487305
1992-10-26,3.3355515003204346,3.373812198638916,3.4813897609710693,3.3582372665405273,3.3918139934539795,3.4545068740844727
1992-10-27,3.082958936691284,3.075056552886963,3.1145997047424316,3.1421685218811035,3.130119562149048,3.1400811672210693
1992-10-28,5.887552738189697,5.8893256187438965,5.866862773895264,5.951428413391113,5.947508335113525,5.91999626159668
1992-10-29,4.672104358673096,4.747989654541016,4.872931003570557,4.601569175720215,4.653676509857178,4.749814033508301
1992-10-30,3.6669559478759766,3.9652061462402344,4.33473539352417,3.6124682426452637,3.8829078674316406,4.209975719451904
1992-10-31,4.320189476013184,4.28149938583374,4.271005630493164,4.452014923095703,4.39567756652832,4.3403191566467285
1992-11-01,4.368300437927246,4.476712703704834,4.614596366882324,4.376148700714111,4.463843822479248,4.565606594085693
1992-11-02,1.9556970596313477,2.1225745677948,2.401190996170044,1.8846040964126587,2.0251317024230957,2.2570509910583496
1992-11-03,2.968977689743042,2.978121757507324,2.9820058345794678,3.159205198287964,3.156355142593384,3.128419876098633
1992-11-04,5.181179046630859,5.248396873474121,5.361144542694092,5.302401065826416,5.361850738525391,5.439688682556152
1992-11-05,4.830760955810547,4.968592166900635,5.153103351593018,4.778641700744629,4.884609222412109,5.027501106262207
1992-11-06,3.7147984504699707,3.841097593307495,4.027713298797607,3.591712713241577,3.688478708267212,3.8372488021850586
1992-11-07,3.8559229373931885,3.7625186443328857,3.710541248321533,3.9857192039489746,3.874069929122925,3.7819929122924805
1992-11-08,6.14286994934082,6.126333236694336,6.141263008117676,6.402852535247803,6.360186576843262,6.324775695800781
1992-11-09,7.091329097747803,7.24887752532959,7.491818428039551,6.927941799163818,7.057288646697998,7.262508392333984
1992-11-10,5.63856840133667,5.886359214782715,6.20211935043335,5.707066059112549,5.955967903137207,6.22398567199707
1992-11-11,6.344850063323975,6.342733860015869,6.364373683929443,6.565825462341309,6.537167072296143,6.515437602996826
1992-11-12,2.8380913734436035,2.925591230392456,3.0285370349884033,2.7984132766723633,2.865973949432373,2.9416756629943848
1992-11-13,2.8969008922576904,2.7898292541503906,2.634059190750122,3.0234646797180176,2.87337064743042,2.695603370666504
1992-11-14,3.3963475227355957,3.456587076187134,3.7636356353759766,3.4589335918426514,3.4456844329833984,3.649054765701294
1992-11-15,2.9483439922332764,2.9628608226776123,2.971520185470581,3.0087833404541016,2.974059581756592,2.952392101287842
1992-11-16,3.2143454551696777,3.1987435817718506,3.2032034397125244,3.2851593494415283,3.2623817920684814,3.2465744018554688
1992-11-17,4.0931901931762695,4.1281561851501465,4.188917636871338,4.038998126983643,4.053812503814697,4.086682319641113
1992-11-18,3.9782090187072754,4.072571754455566,4.257623672485352,3.8578038215637207,3.913278818130493,4.058743000030518
1992-11-19,4.630406379699707,4.598626136779785,4.589917182922363,4.714437961578369,4.679965496063232,4.648268222808838
1992-11-20,5.603501796722412,5.577691078186035,5.537627696990967,5.586491584777832,5.569429397583008,5.519816875457764
1992-11-21,3.0128347873687744,3.254586935043335,3.625901699066162,2.8870108127593994,3.0863125324249268,3.367577314376831
1992-11-22,6.595760822296143,6.740267753601074,6.939610481262207,6.601200580596924,6.7205400466918945,6.865965366363525
1992-11-23,3.037034273147583,3.14971661567688,3.326188325881958,3.0761284828186035,3.171992063522339,3.3121049404144287
1992-11-24,4.322096824645996,4.602412700653076,4.890071392059326,3.9841909408569336,4.221574306488037,4.477242469787598
1992-11-25,2.3623130321502686,2.5455288887023926,2.910362958908081,2.181314706802368,2.31364107131958,2.5841760635375977
1992-11-26,5.07766580581665,5.161858081817627,5.222146987915039,4.957095623016357,5.0125956535339355,5.059232234954834
1992-11-27,3.9790003299713135,4.015918254852295,4.047264099121094,3.883613348007202,3.916654586791992,3.943725347518921
1992-11-28,3.622871160507202,3.756798505783081,3.986417055130005,3.5658907890319824,3.66471529006958,3.838388204574585
1992-11-29,4.361354827880859,4.360811233520508,4.372406482696533,4.493780612945557,4.489566326141357,4.496768474578857
1992-11-30,5.317791938781738,5.427437782287598,5.560360908508301,5.19822883605957,5.302318096160889,5.425922870635986
1992-12-01,6.595155239105225,6.865242004394531,7.163148403167725,6.616873741149902,6.8559417724609375,7.126974582672119
1992-12-02,6.289895534515381,6.188737392425537,6.188051223754883,6.436048984527588,6.317417144775391,6.260354518890381
1992-12-03,3.9900383949279785,3.994389533996582,4.100363731384277,3.9544384479522705,3.9169952869415283,3.9388062953948975
1992-12-04,4.841890335083008,4.996164321899414,5.201275825500488,4.647873878479004,4.767667770385742,4.93528413772583
1992-12-05,5.793694496154785,5.732564449310303,5.716701984405518,5.9609904289245605,5.907242298126221,5.879223346710205
1992-12-06,6.624526500701904,6.780460357666016,7.046745300292969,6.731341361999512,6.8674235343933105,7.074038028717041
1992-12-07,4.62235689163208,4.488820552825928,4.431365013122559,4.93359375,4.820258617401123,4.737831115722656
1992-12-08,4.211669445037842,4.060834884643555,3.8910083770751953,4.375056266784668,4.227901935577393,4.050121307373047
1992-12-09,4.737973690032959,4.645123481750488,4.6003546714782715,5.143903732299805,5.067415714263916,5.011471271514893
1992-12-10,5.219290733337402,5.2533345222473145,5.287153720855713,4.92385196685791,4.935822010040283,4.98353385925293
1992-12-11,9.507594108581543,9.747183799743652,10.06674575805664,9.34622859954834,9.540812492370605,9.800799369812012
1992-12-12,4.522318363189697,4.501315593719482,4.518700122833252,4.311617851257324,4.281189441680908,4.2930121421813965
1992-12-13,4.9782586097717285,4.947932720184326,4.9101409912109375,4.88376522064209,4.834810256958008,4.778944492340088
1992-12-14,4.592064380645752,4.688021659851074,4.8224358558654785,4.572710990905762,4.65341329574585,4.763077259063721
1992-12-15,4.775942325592041,4.942603588104248,5.202162742614746,4.749110221862793,4.877997875213623,5.076735973358154
1992-12-16,2.7732138633728027,2.8530428409576416,2.9541749954223633,2.634366512298584,2.6935372352600098,2.7589406967163086
1992-12-17,3.7150380611419678,3.7724483013153076,3.845707654953003,3.741783618927002,3.7902283668518066,3.8422083854675293
1992-12-18,3.2998359203338623,3.7480082511901855,4.30996036529541,2.724381685256958,3.0888559818267822,3.591737747192383
1992-12-19,2.4084391593933105,2.753263235092163,3.2475502490997314,2.0011754035949707,2.2603530883789062,2.668978214263916
1992-12-20,2.3765807151794434,2.4862849712371826,2.6752562522888184,2.3864033222198486,2.4595091342926025,2.5726168155670166
1992-12-21,3.065082550048828,3.1351680755615234,3.230896472930908,3.1866071224212646,3.2644293308258057,3.347418785095215
1992-12-22,4.12507438659668,4.537569522857666,5.102603435516357,3.7274699211120605,4.155124187469482,4.7462029457092285
1992-12-23,3.225372791290283,3.2333526611328125,3.380075454711914,3.355386257171631,3.3020572662353516,3.340157985687256
1992-12-24,9.695128440856934,9.905282020568848,10.164776802062988,9.625916481018066,9.796042442321777,10.032922744750977
1992-12-25,6.485133647918701,6.674030303955078,6.952809810638428,6.349016189575195,6.497900485992432,6.7358598709106445
1992-12-26,8.631839752197266,8.998461723327637,9.465597152709961,8.585190773010254,8.91071605682373,9.301227569580078
1992-12-27,4.2176995277404785,4.227659225463867,4.39991569519043,4.273320198059082,4.240721225738525,4.3311872482299805
1992-12-28,4.320713043212891,4.34437370300293,4.458076000213623,4.366464138031006,4.368758201599121,4.443894863128662
1992-12-29,7.204492568969727,7.125453948974609,7.158586502075195,6.8165788650512695,6.719859600067139,6.718844413757324
1992-12-30,9.593716621398926,9.85232162475586,10.18779468536377,9.72752571105957,9.912969589233398,10.140246391296387
1992-12-31,6.936949729919434,7.315532207489014,7.855216026306152,6.9374003410339355,7.264101505279541,7.730798721313477
1993-01-01,3.641725540161133,3.8072350025177,4.0689496994018555,3.743328094482422,3.8748834133148193,4.080013751983643
1993-01-02,4.106146812438965,4.134978771209717,4.186831951141357,4.162954330444336,4.173548698425293,4.200986862182617
1993-01-03,4.168781280517578,4.24069356918335,4.361754894256592,4.315535068511963,4.380546569824219,4.497477054595947
1993-01-04,3.2084286212921143,3.3319499492645264,3.525057315826416,3.1474556922912598,3.2605206966400146,3.4150960445404053
1993-01-05,4.927662372589111,5.113016128540039,5.4482197761535645,5.080810546875,5.212035655975342,5.417586326599121
1993-01-06,3.954476833343506,3.984037399291992,4.0921311378479,4.118058681488037,4.158370494842529,4.267167568206787
1993-01-07,4.639824867248535,4.8528337478637695,5.148283004760742,4.7072529792785645,4.9104461669921875,5.17168664932251
1993-01-08,2.774691343307495,2.855151414871216,3.0058460235595703,2.974950075149536,3.0374090671539307,3.1570279598236084
1993-01-09,2.7273736000061035,2.6851723194122314,2.699288845062256,2.9115686416625977,2.889224052429199,2.905017137527466
1993-01-10,2.648275375366211,2.6583142280578613,2.782578945159912,2.5728600025177,2.58160138130188,2.6682932376861572
1993-01-11,4.803798198699951,4.934170246124268,5.06416130065918,4.961542129516602,5.089625835418701,5.201451778411865
1993-01-12,4.772840976715088,4.894919395446777,5.143136978149414,4.636399269104004,4.740635395050049,4.954341411590576
1993-01-13,4.8446044921875,4.890851974487305,5.094869136810303,4.866362571716309,4.887331008911133,5.035282135009766
1993-01-14,3.744774103164673,3.8327221870422363,3.9615354537963867,3.656160593032837,3.7488245964050293,3.859375476837158
1993-01-15,2.443901300430298,2.4436135292053223,2.440878391265869,2.4604742527008057,2.4373552799224854,2.4120566844940186
1993-01-16,6.211669445037842,6.295641899108887,6.461357116699219,6.207910537719727,6.261962890625,6.3724236488342285
1993-01-17,5.245094299316406,5.305129528045654,5.402223587036133,5.308919906616211,5.364578723907471,5.433333396911621
1993-01-18,4.751474857330322,4.837069988250732,5.017581939697266,4.848427772521973,4.912697792053223,5.050702095031738
1993-01-19,6.53387975692749,6.669161319732666,6.888294696807861,6.7115797996521,6.814934730529785,6.976858139038086
1993-01-20,5.404909610748291,5.6694865226745605,6.019749164581299,5.1847076416015625,5.430725574493408,5.767304420471191
1993-01-21,3.9223315715789795,4.189871311187744,4.5266008377075195,3.575247287750244,3.811687707901001,4.080275058746338
1993-01-22,3.713627576828003,3.8077077865600586,4.025980472564697,3.6059770584106445,3.6364071369171143,3.7388951778411865
1993-01-23,6.389081001281738,6.404265403747559,6.459136009216309,6.35173225402832,6.359705448150635,6.404670715332031
1993-01-24,10.682636260986328,10.917633056640625,11.313580513000488,10.67284107208252,10.894625663757324,11.244665145874023
1993-01-25,6.499240875244141,6.764758110046387,7.143391132354736,6.4647746086120605,6.704887866973877,7.027602195739746
1993-01-26,5.111772060394287,5.14949369430542,5.239523887634277,5.074212074279785,5.090655326843262,5.158129692077637
1993-01-27,6.0998969078063965,6.228981018066406,6.539045810699463,6.110270977020264,6.2279582023620605,6.479121685028076
1993-01-28,7.186976432800293,7.387024879455566,7.705447673797607,6.935295104980469,7.132422924041748,7.435257911682129
1993-01-29,5.598473072052002,5.927916526794434,6.371910572052002,5.341453552246094,5.642063140869141,6.034472465515137
1993-01-30,3.8821933269500732,3.945114850997925,4.035118579864502,4.119128704071045,4.1578369140625,4.188703536987305
1993-01-31,2.5191993713378906,2.5161335468292236,2.498936414718628,2.489755630493164,2.4727442264556885,2.452991008758545
1993-02-01,1.7898515462875366,1.7861236333847046,1.8226069211959839,1.8458069562911987,1.8287217617034912,1.8515193462371826
1993-02-02,5.417848587036133,5.518211841583252,5.687828540802002,5.462547779083252,5.523715496063232,5.638293743133545
1993-02-03,7.825770854949951,7.985124588012695,8.239034652709961,7.8216142654418945,7.9472479820251465,8.14452075958252
1993-02-04,7.300107002258301,7.477140426635742,7.771444797515869,7.053686141967773,7.237476348876953,7.4821858406066895
1993-02-05,5.851314544677734,6.030782222747803,6.28599214553833,5.432072639465332,5.5941338539123535,5.818629264831543
1993-02-06,7.552724838256836,7.813140869140625,8.133334159851074,7.0661773681640625,7.289823055267334,7.584224224090576
1993-02-07,7.5306782722473145,7.837526321411133,8.275736808776855,7.379100322723389,7.642134189605713,8.009566307067871
1993-02-08,8.52426528930664,8.808220863342285,9.250553131103516,8.441915512084961,8.705097198486328,9.082387924194336
1993-02-09,3.7818362712860107,3.8629467487335205,4.003308296203613,3.8793153762817383,3.9427285194396973,4.054164886474609
1993-02-10,4.039096832275391,4.1272196769714355,4.352118968963623,4.0346784591674805,4.109442710876465,4.304185390472412
1993-02-11,3.5129809379577637,3.5492029190063477,3.6503636837005615,3.4766602516174316,3.4879062175750732,3.55869460105896
1993-02-12,5.434539318084717,5.484917163848877,5.629964351654053,5.463628768920898,5.489257335662842,5.592252731323242
1993-02-13,7.939974784851074,8.183799743652344,8.510445594787598,7.845787525177002,8.079821586608887,8.332009315490723
1993-02-14,4.295793056488037,4.465277671813965,4.743008136749268,4.4628424644470215,4.5973711013793945,4.80967378616333
1993-02-15,2.9933786392211914,3.114619731903076,3.265305519104004,2.969334840774536,3.0771143436431885,3.218670129776001
1993-02-16,2.2269864082336426,2.379396677017212,2.618617296218872,2.1169486045837402,2.2416887283325195,2.435448169708252
1993-02-17,2.2524940967559814,2.432095766067505,2.7856602668762207,2.119982957839966,2.2334506511688232,2.4839212894439697
1993-02-18,6.885980606079102,7.008039474487305,7.207958221435547,6.963408946990967,7.067175388336182,7.216734409332275
1993-02-19,4.983453750610352,5.128534317016602,5.353635311126709,5.053849220275879,5.1843671798706055,5.373581409454346
1993-02-20,2.4859237670898438,2.4905598163604736,2.5071403980255127,2.4548401832580566,2.438775062561035,2.4192698001861572
1993-02-21,2.7559173107147217,2.861140489578247,3.0276856422424316,2.730808973312378,2.8043503761291504,2.915203332901001
1993-02-22,1.7849116325378418,1.8695652484893799,1.9913617372512817,1.8004179000854492,1.8644956350326538,1.9564071893692017
1993-02-23,2.609590530395508,2.577542543411255,2.5759921073913574,2.589043617248535,2.5600056648254395,2.5495758056640625
1993-02-24,2.909562587738037,2.873300075531006,2.8610999584198,2.9789321422576904,2.94760799407959,2.928508996963501
1993-02-25,4.400730133056641,4.262406349182129,4.179108619689941,4.598267555236816,4.456953048706055,4.353474140167236
1993-02-26,7.007102966308594,7.285583019256592,7.663424015045166,6.8965654373168945,7.15773344039917,7.485935688018799
1993-02-27,7.116753578186035,7.049895286560059,7.089737892150879,7.139673233032227,7.056558132171631,7.059409141540527
1993-02-28,7.387335300445557,7.655220985412598,8.05740737915039,7.381931781768799,7.614321708679199,7.942936420440674
1993-03-01,6.351419448852539,6.5673627853393555,6.862116813659668,6.282426834106445,6.462915897369385,6.708120822906494
1993-03-02,5.534543991088867,5.803481578826904,6.183065891265869,5.612748146057129,5.850013732910156,6.1715922355651855
1993-03-03,4.7125420570373535,4.751116752624512,4.847644805908203,4.513366222381592,4.5260090827941895,4.5773396492004395
1993-03-04,5.781009674072266,5.925011157989502,6.133740425109863,5.764438629150391,5.9069695472717285,6.104516506195068
1993-03-05,6.640972137451172,6.799079895019531,7.0791497230529785,6.628075122833252,6.762065887451172,6.985689163208008
1993-03-06,3.681577682495117,3.876040458679199,4.094020843505859,3.680054187774658,3.853428840637207,4.035419940948486
1993-03-07,5.404721736907959,5.567982196807861,5.838897705078125,5.546797752380371,5.690427780151367,5.914546012878418
1993-03-08,4.538522720336914,4.838915824890137,5.177093029022217,4.5918073654174805,4.865244388580322,5.156635761260986
1993-03-09,3.246389389038086,3.2500107288360596,3.296414375305176,3.032766103744507,3.0245628356933594,3.055590867996216
1993-03-10,5.441203594207764,5.690131187438965,6.025605201721191,5.278100490570068,5.493715763092041,5.7833356857299805
1993-03-11,6.924615383148193,7.157517433166504,7.467041492462158,7.016014099121094,7.22809362411499,7.479894161224365
1993-03-12,5.523141384124756,5.559149742126465,5.665824890136719,5.514962196350098,5.53503942489624,5.601358413696289
1993-03-13,3.1143007278442383,3.160203456878662,3.337625026702881,2.9373044967651367,2.978839635848999,3.1290721893310547
1993-03-14,5.6587419509887695,5.798887729644775,5.983826160430908,5.5749335289001465,5.692807197570801,5.8363165855407715
1993-03-15,4.495560169219971,4.556834697723389,4.64992094039917,4.373644828796387,4.409317970275879,4.457027435302734
1993-03-16,1.9758824110031128,2.064467430114746,2.183903217315674,1.8482978343963623,1.9284343719482422,2.0392117500305176
1993-03-17,2.279770851135254,2.281973361968994,2.3413748741149902,2.2193119525909424,2.21500563621521,2.2621960639953613
1993-03-18,4.258200168609619,4.302286624908447,4.389655113220215,3.935192108154297,3.953455686569214,4.006677150726318
1993-03-19,5.236073970794678,5.398274898529053,5.630207538604736,4.902697563171387,5.039679527282715,5.228617191314697
1993-03-20,3.8768715858459473,3.995755910873413,4.184092044830322,3.7148263454437256,3.798564910888672,3.939987897872925
1993-03-21,1.6023045778274536,1.5082807540893555,1.4824512004852295,1.6794490814208984,1.5859346389770508,1.5339049100875854
1993-03-22,3.545367479324341,3.489311695098877,3.3922982215881348,3.6186740398406982,3.5274131298065186,3.344865560531616
1993-03-23,5.595490455627441,5.698007583618164,5.828310966491699,5.655348300933838,5.754078388214111,5.850823402404785
1993-03-24,6.406983375549316,6.4502387046813965,6.558763027191162,6.523674488067627,6.551700592041016,6.639049053192139
1993-03-25,6.923964500427246,7.0590362548828125,7.26582670211792,7.131402969360352,7.250326633453369,7.4059953689575195
1993-03-26,3.978393316268921,4.011899471282959,4.078381538391113,4.1259446144104,4.169278144836426,4.20943546295166
1993-03-27,3.487065315246582,3.5273170471191406,3.620182514190674,3.4382898807525635,3.4773454666137695,3.5570991039276123
1993-03-28,3.379868745803833,3.5825839042663574,3.820509910583496,3.496429681777954,3.7019622325897217,3.9203553199768066
1993-03-29,2.507678270339966,2.5220961570739746,2.5912811756134033,2.4612808227539062,2.4635674953460693,2.508718967437744
1993-03-30,3.3678019046783447,3.394998788833618,3.479043483734131,3.314671039581299,3.3183271884918213,3.3622262477874756
1993-03-31,3.6114118099212646,3.5509254932403564,3.5287301540374756,3.4871177673339844,3.4218051433563232,3.388242483139038
1993-04-01,6.527004241943359,6.602104187011719,6.697300910949707,6.476393222808838,6.542944431304932,6.613737106323242
1993-04-02,2.724700689315796,2.8040621280670166,2.9258711338043213,2.9081344604492188,2.9674673080444336,3.042222023010254
1993-04-03,2.6458263397216797,2.6539504528045654,2.6621949672698975,2.6845874786376953,2.678734540939331,2.6657402515411377
1993-04-04,3.9557719230651855,3.896932601928711,3.842482805252075,3.8076958656311035,3.7340846061706543,3.673194408416748
1993-04-05,5.805635929107666,5.793485164642334,5.839362144470215,5.7072601318359375,5.670690059661865,5.685537815093994
1993-04-06,5.01036262512207,5.095317363739014,5.236536979675293,5.0005717277526855,5.051071643829346,5.136674404144287
1993-04-07,3.9455058574676514,4.062052249908447,4.206727981567383,4.094228267669678,4.203291416168213,4.308552265167236
1993-04-08,1.4239338636398315,1.4813425540924072,1.6071674823760986,1.4828150272369385,1.5285013914108276,1.6296730041503906
1993-04-09,3.7479515075683594,3.8225388526916504,3.940047264099121,3.6915996074676514,3.7501683235168457,3.83243465423584
1993-04-10,4.8167195320129395,4.889066219329834,5.029164791107178,4.751194000244141,4.803327560424805,4.9034271240234375
1993-04-11,3.8143208026885986,3.783609390258789,3.7794911861419678,4.0072126388549805,3.941359519958496,3.8870773315429688
1993-04-12,6.765888690948486,6.911799907684326,7.1250996589660645,6.5930891036987305,6.709189414978027,6.881290435791016
1993-04-13,3.4238264560699463,3.52508544921875,3.638686418533325,3.4148035049438477,3.486828088760376,3.56066632270813
1993-04-14,4.5671186447143555,4.559110164642334,4.594855308532715,4.732426643371582,4.714579105377197,4.729389667510986
1993-04-15,6.400076866149902,6.5185770988464355,6.692526340484619,6.647409915924072,6.731754779815674,6.844976425170898
1993-04-16,6.645821571350098,6.603936195373535,6.557328224182129,6.702489376068115,6.640262126922607,6.579771041870117
1993-04-17,4.63021183013916,4.810606479644775,5.004606246948242,4.46318244934082,4.6077070236206055,4.771337032318115
1993-04-18,4.2800164222717285,4.353741645812988,4.459540843963623,4.065158367156982,4.1185126304626465,4.197177886962891
1993-04-19,3.1400105953216553,3.2729074954986572,3.426569938659668,2.9785373210906982,3.072103500366211,3.1749701499938965
1993-04-20,2.836172103881836,3.0054826736450195,3.198211193084717,2.756510019302368,2.9026057720184326,3.065068006515503
1993-04-21,2.9428396224975586,2.7980518341064453,2.685133695602417,2.955035448074341,2.7966859340667725,2.658653974533081
1993-04-22,4.755101680755615,4.769153594970703,4.834301471710205,4.685103893280029,4.669938087463379,4.678152561187744
1993-04-23,3.207028388977051,3.374526023864746,3.6553499698638916,3.103663921356201,3.218532085418701,3.392533302307129
1993-04-24,4.204198360443115,4.180959701538086,4.144092559814453,4.141298770904541,4.097576141357422,4.014290809631348
1993-04-25,5.663055896759033,5.8709940910339355,6.081843852996826,5.5417938232421875,5.7275190353393555,5.904107093811035
1993-04-26,3.392383098602295,3.4774415493011475,3.636118173599243,3.46412992477417,3.5311124324798584,3.66009783744812
1993-04-27,4.205991268157959,4.267941474914551,4.375523567199707,4.3327460289001465,4.377424240112305,4.454861164093018
1993-04-28,5.14971399307251,5.204528331756592,5.278134346008301,5.180339336395264,5.222634315490723,5.273283958435059
1993-04-29,6.260913848876953,6.444267272949219,6.652531147003174,6.305239200592041,6.443826675415039,6.578679084777832
1993-04-30,3.5292742252349854,3.5833332538604736,3.617522954940796,3.5964865684509277,3.6421453952789307,3.6690995693206787
1993-05-01,5.547713279724121,5.585264682769775,5.63620662689209,5.466270923614502,5.469110488891602,5.477447509765625
1993-05-02,6.616254806518555,6.850177764892578,7.126831531524658,6.288705348968506,6.50165319442749,6.77338981628418
1993-05-03,6.632101535797119,6.807522773742676,6.9896159172058105,6.484490394592285,6.64468240737915,6.795909881591797
1993-05-04,5.459166526794434,5.601494789123535,5.755116939544678,5.345858573913574,5.470156192779541,5.598900318145752
1993-05-05,3.652194023132324,3.7120702266693115,3.7724878787994385,3.6825644969940186,3.7290875911712646,3.765629529953003
1993-05-06,3.655869960784912,3.7273342609405518,3.801840305328369,3.657510995864868,3.7097179889678955,3.7557566165924072
1993-05-07,3.7485854625701904,3.805760622024536,3.8850879669189453,3.8188858032226562,3.8613791465759277,3.914484977722168
1993-05-08,5.509017467498779,5.633067607879639,5.791193962097168,5.591832637786865,5.688638210296631,5.80436372756958
1993-05-09,2.7547943592071533,2.88039493560791,3.0897340774536133,2.6875345706939697,2.8226561546325684,3.047227144241333
1993-05-10,6.196377754211426,6.314896106719971,6.457551956176758,6.1568732261657715,6.216152191162109,6.274089813232422
1993-05-11,4.859426021575928,4.987827301025391,5.141993999481201,4.92974328994751,5.04792594909668,5.182621002197266
1993-05-12,3.1958649158477783,3.3105103969573975,3.4458000659942627,3.129638910293579,3.2351913452148438,3.347468376159668
1993-05-13,3.3238768577575684,3.408701181411743,3.4429426193237305,3.0111286640167236,3.091158151626587,3.1399946212768555
1993-05-14,3.9420244693756104,3.9353139400482178,3.7742135524749756,3.446619749069214,3.46038556098938,3.3857004642486572
1993-05-15,3.0051639080047607,3.1315903663635254,3.214962959289551,2.5196104049682617,2.6100475788116455,2.6837692260742188
1993-05-16,3.4392004013061523,3.4796619415283203,3.511671304702759,3.342686653137207,3.374368906021118,3.413926362991333
1993-05-17,1.9239261150360107,2.01604962348938,2.1091268062591553,1.8675440549850464,1.9623901844024658,2.075833320617676
1993-05-18,2.0631322860717773,2.135617971420288,2.248601198196411,2.255061388015747,2.3164007663726807,2.400806188583374
1993-05-19,1.2329167127609253,1.2346503734588623,1.2849464416503906,1.4909186363220215,1.450227975845337,1.4418588876724243
1993-05-20,2.1219053268432617,2.03896164894104,1.9086238145828247,2.2367098331451416,2.18418025970459,2.0530872344970703
1993-05-21,2.5893635749816895,2.6490914821624756,2.72454833984375,2.586296319961548,2.64310359954834,2.715085506439209
1993-05-22,1.7013442516326904,1.7070419788360596,1.7863445281982422,1.6772772073745728,1.6766000986099243,1.7376091480255127
1993-05-23,4.54233455657959,4.670774936676025,4.882046222686768,4.568337917327881,4.675325870513916,4.848869323730469
1993-05-24,3.340433120727539,3.4007534980773926,3.451545000076294,3.3825912475585938,3.4447057247161865,3.494220495223999
1993-05-25,2.0423836708068848,2.0891473293304443,2.1577672958374023,1.9513357877731323,1.9772332906723022,2.021103858947754
1993-05-26,3.6800782680511475,3.7910473346710205,3.9586212635040283,3.7165653705596924,3.796510696411133,3.9331820011138916
1993-05-27,5.976787090301514,6.100788593292236,6.2778239250183105,6.013646125793457,6.1106791496276855,6.236817359924316
1993-05-28,1.506056308746338,1.564329743385315,1.6409456729888916,1.509865403175354,1.5559242963790894,1.6059575080871582
1993-05-29,2.321256637573242,2.3982489109039307,2.495164394378662,2.3680498600006104,2.4380030632019043,2.5205960273742676
1993-05-30,2.672790765762329,2.7748162746429443,2.8443124294281006,2.591813325881958,2.686429262161255,2.7591755390167236
1993-05-31,2.0608396530151367,2.117748975753784,2.175642728805542,2.1683027744293213,2.215507745742798,2.255506753921509
1993-06-01,3.097306966781616,3.196683883666992,3.3043367862701416,3.1139957904815674,3.1991817951202393,3.2952017784118652
1993-06-02,3.0871686935424805,3.1507179737091064,3.2640984058380127,3.1469156742095947,3.184084177017212,3.2471225261688232
1993-06-03,1.9645589590072632,1.9421626329421997,1.9529465436935425,1.9715309143066406,1.9399057626724243,1.9353522062301636
1993-06-04,1.6755821704864502,1.6841261386871338,1.7013256549835205,1.8901208639144897,1.8917813301086426,1.8787717819213867
1993-06-05,4.145947456359863,4.290975093841553,4.45733118057251,4.191180229187012,4.3219380378723145,4.469999313354492
1993-06-06,4.190968990325928,4.0613226890563965,3.921082019805908,4.318465232849121,4.194886684417725,4.051347255706787
1993-06-07,3.480405807495117,3.4630026817321777,3.4913506507873535,3.3726651668548584,3.352494478225708,3.3781943321228027
1993-06-08,2.060530662536621,2.102015733718872,2.11124324798584,2.209479331970215,2.2492780685424805,2.265955924987793
1993-06-09,1.991300344467163,2.0526275634765625,2.1024956703186035,2.0231456756591797,2.069242238998413,2.1096904277801514
1993-06-10,2.636363983154297,2.6505801677703857,2.7000112533569336,2.7115068435668945,2.7125072479248047,2.741833448410034
1993-06-11,5.994995594024658,6.111433982849121,6.200636863708496,6.008891582489014,6.12362003326416,6.196237564086914
1993-06-12,2.7319512367248535,2.8427319526672363,2.99965500831604,2.7140724658966064,2.804539442062378,2.9373059272766113
1993-06-13,3.5906288623809814,3.6821234226226807,3.755924701690674,3.611764430999756,3.690747022628784,3.7587485313415527
1993-06-14,2.089599609375,2.1166584491729736,2.1458981037139893,2.1445608139038086,2.157855987548828,2.1657047271728516
1993-06-15,2.1706061363220215,2.127448558807373,2.128368854522705,2.3130369186401367,2.271418571472168,2.2696499824523926
1993-06-16,3.2070488929748535,3.2919087409973145,3.426708459854126,3.232290267944336,3.299989700317383,3.404618978500366
1993-06-17,2.3831002712249756,2.469101667404175,2.5602059364318848,2.4221837520599365,2.505861759185791,2.59334135055542
1993-06-18,1.405663251876831,1.4158965349197388,1.4401839971542358,1.404536485671997,1.4120149612426758,1.4355930089950562
1993-06-19,2.9468603134155273,3.034001588821411,3.1661691665649414,2.992487907409668,3.0660674571990967,3.176236867904663
1993-06-20,3.4452292919158936,3.579949140548706,3.7477471828460693,3.5261878967285156,3.632763147354126,3.7716288566589355
1993-06-21,1.516595721244812,1.5213322639465332,1.5500272512435913,1.7304401397705078,1.7262425422668457,1.7318307161331177
1993-06-22,5.4382734298706055,5.515875339508057,5.582520961761475,5.417843818664551,5.512579441070557,5.596975803375244
1993-06-23,3.3485946655273438,3.3930747509002686,3.5596542358398438,3.2834537029266357,3.3026444911956787,3.4220356941223145
1993-06-24,2.9674906730651855,2.9655301570892334,2.959042549133301,2.8385024070739746,2.8417394161224365,2.841252565383911
1993-06-25,2.9872233867645264,3.0100998878479004,3.032015562057495,2.9032537937164307,2.9162871837615967,2.919846534729004
1993-06-26,2.9628913402557373,3.027451276779175,3.131208658218384,2.967642068862915,3.0261898040771484,3.110011339187622
1993-06-27,3.2712435722351074,3.366177558898926,3.5081863403320312,3.11983585357666,3.191573143005371,3.324767589569092
1993-06-28,4.8365068435668945,4.91978645324707,5.017550468444824,4.960264682769775,5.037304878234863,5.121630668640137
1993-06-29,2.9187376499176025,3.0228211879730225,3.1410224437713623,2.9745895862579346,3.07336163520813,3.178042411804199
1993-06-30,2.826932907104492,2.9556901454925537,3.093045949935913,2.7281594276428223,2.829683303833008,2.9375431537628174
1993-07-01,1.4081315994262695,1.4220025539398193,1.4902440309524536,1.5859253406524658,1.5746500492095947,1.6140393018722534
1993-07-02,3.12420654296875,3.270289659500122,3.465074062347412,2.996434450149536,3.1075196266174316,3.2501049041748047
1993-07-03,2.8721365928649902,2.956420660018921,3.060046672821045,2.8215363025665283,2.8894383907318115,2.973471164703369
1993-07-04,3.626077890396118,3.7595157623291016,3.922621965408325,3.4229958057403564,3.567537307739258,3.7312893867492676
1993-07-05,2.072317123413086,2.0932164192199707,2.0610275268554688,2.134169101715088,2.158367156982422,2.135845899581909
1993-07-06,2.3248469829559326,2.3545525074005127,2.4493038654327393,2.2840945720672607,2.30204701423645,2.373277187347412
1993-07-07,4.163131237030029,4.240838527679443,4.343747615814209,4.151453018188477,4.205361366271973,4.275091648101807
1993-07-08,3.3535072803497314,3.395146131515503,3.4532737731933594,3.5842220783233643,3.6216976642608643,3.6669602394104004
1993-07-09,2.4110302925109863,2.5229079723358154,2.6633641719818115,2.308936834335327,2.4037845134735107,2.523390531539917
1993-07-10,1.8606194257736206,1.9635595083236694,2.111159324645996,1.7748796939849854,1.8644320964813232,1.9995009899139404
1993-07-11,1.9985536336898804,1.9694900512695312,1.9608076810836792,2.0493011474609375,2.0507431030273438,2.063758373260498
1993-07-12,5.257631778717041,5.272445201873779,5.340843200683594,5.404711723327637,5.4246134757995605,5.454843997955322
1993-07-13,3.2015480995178223,3.238187551498413,3.310464382171631,3.2783162593841553,3.301328659057617,3.341161012649536
1993-07-14,3.6080198287963867,3.687135696411133,3.7753798961639404,3.781782865524292,3.849975824356079,3.895110607147217
1993-07-15,2.2636115550994873,2.336721658706665,2.362807273864746,2.138939380645752,2.213609218597412,2.2492353916168213
1993-07-16,1.7993333339691162,1.777701735496521,1.8044259548187256,1.9521013498306274,1.9242318868637085,1.9224803447723389
1993-07-17,2.6120502948760986,2.6680335998535156,2.7458102703094482,2.6274349689483643,2.676027774810791,2.7441799640655518
1993-07-18,2.9134280681610107,3.0422377586364746,3.1698856353759766,2.8809103965759277,3.005714178085327,3.1299784183502197
1993-07-19,2.084867238998413,2.1249775886535645,2.2157089710235596,2.0745749473571777,2.0972745418548584,2.1540262699127197
1993-07-20,4.342687129974365,4.436245918273926,4.589566707611084,4.338648796081543,4.408400058746338,4.514558792114258
1993-07-21,4.438757419586182,4.609462738037109,4.81375789642334,4.261020183563232,4.404639720916748,4.588720321655273
1993-07-22,1.752091646194458,1.8631826639175415,2.016956090927124,1.8988938331604004,2.0128533840179443,2.1604485511779785
1993-07-23,1.3073031902313232,1.3494625091552734,1.4238348007202148,1.2547566890716553,1.280409574508667,1.3359333276748657
1993-07-24,2.443678379058838,2.3784587383270264,2.2928218841552734,2.4561033248901367,2.355316162109375,2.252826452255249
1993-07-25,3.0816991329193115,3.2485692501068115,3.4230711460113525,2.9614386558532715,3.1139068603515625,3.268996000289917
1993-07-26,1.2515555620193481,1.2540820837020874,1.3435149192810059,1.2022708654403687,1.2049447298049927,1.2865971326828003
1993-07-27,2.2566542625427246,2.2982518672943115,2.372371196746826,2.234389305114746,2.267587661743164,2.3264546394348145
1993-07-28,3.6284613609313965,3.7392492294311523,3.9599664211273193,3.6475088596343994,3.7334935665130615,3.8850605487823486
1993-07-29,3.2592382431030273,3.3562240600585938,3.4491727352142334,3.3700993061065674,3.45005202293396,3.508284330368042
1993-07-30,2.2605841159820557,2.2674715518951416,2.331573486328125,2.220673084259033,2.2111916542053223,2.2406692504882812
1993-07-31,3.5511505603790283,3.6020331382751465,3.651124954223633,3.765333890914917,3.8061554431915283,3.851651191711426
1993-08-01,4.946096420288086,5.12835693359375,5.368188381195068,4.869946479797363,5.026787281036377,5.220198631286621
1993-08-02,2.5561604499816895,2.6706955432891846,2.7755696773529053,2.426891565322876,2.533243179321289,2.642346143722534
1993-08-03,1.6001319885253906,1.6518833637237549,1.7144322395324707,1.5381280183792114,1.5761713981628418,1.6272039413452148
1993-08-04,1.5516531467437744,1.5603348016738892,1.5783491134643555,1.6618435382843018,1.6605815887451172,1.6566736698150635
1993-08-05,2.2784314155578613,2.2657902240753174,2.2369282245635986,2.341538190841675,2.3199687004089355,2.2821600437164307
1993-08-06,2.12526798248291,2.1587796211242676,2.2014901638031006,2.103687286376953,2.133793354034424,2.166619300842285
1993-08-07,0.5903040170669556,0.6265711188316345,0.7550309896469116,0.5558407306671143,0.5834430456161499,0.6813046336174011
1993-08-08,2.007803201675415,2.1351256370544434,2.2747771739959717,1.9565062522888184,2.0567595958709717,2.15749192237854
1993-08-09,2.360919237136841,2.4925754070281982,2.6363608837127686,2.4172706604003906,2.5378215312957764,2.664008617401123
1993-08-10,1.9283031225204468,1.9784914255142212,2.0456228256225586,2.016021490097046,2.064537525177002,2.125330686569214
1993-08-11,2.5980465412139893,2.6681158542633057,2.721320629119873,2.5789997577667236,2.6270039081573486,2.6637542247772217
1993-08-12,2.655921220779419,2.757312774658203,2.8593785762786865,2.6438307762145996,2.726450204849243,2.8112356662750244
1993-08-13,3.1817710399627686,3.26357102394104,3.3984999656677246,3.198556900024414,3.2586617469787598,3.3683040142059326
1993-08-14,1.921398401260376,1.9538121223449707,2.0044662952423096,1.9102240800857544,1.9330205917358398,1.9627114534378052
1993-08-15,2.533449649810791,2.590444326400757,2.726351499557495,2.5020346641540527,2.547118663787842,2.6559700965881348
1993-08-16,2.2393527030944824,2.3149516582489014,2.3693430423736572,2.177933931350708,2.2436490058898926,2.2859246730804443
1993-08-17,1.8524500131607056,1.839951992034912,1.8486244678497314,1.855116844177246,1.8315929174423218,1.8113776445388794
1993-08-18,2.7948997020721436,2.9048900604248047,3.022702693939209,2.6644816398620605,2.7680628299713135,2.8804385662078857
1993-08-19,1.6965420246124268,1.7639920711517334,1.8012374639511108,1.6704682111740112,1.737121343612671,1.779029130935669
1993-08-20,3.3197596073150635,3.3924620151519775,3.4801788330078125,3.226806640625,3.268578290939331,3.3179214000701904
1993-08-21,2.6205923557281494,2.6731321811676025,2.750530481338501,2.677621603012085,2.731668472290039,2.8138866424560547
1993-08-22,1.5343425273895264,1.5612941980361938,1.5879364013671875,1.4254053831100464,1.4401848316192627,1.4571093320846558
1993-08-23,2.333345890045166,2.391853094100952,2.482513189315796,2.389017105102539,2.437272310256958,2.5027146339416504
1993-08-24,2.251638889312744,2.319265365600586,2.430936336517334,2.385514259338379,2.44781231880188,2.544611930847168
1993-08-25,2.738518238067627,2.80696439743042,2.8746185302734375,2.6246206760406494,2.684521436691284,2.7448034286499023
1993-08-26,2.921873092651367,3.0445523262023926,3.188082456588745,2.9234235286712646,3.033151388168335,3.1576759815216064
1993-08-27,2.7514395713806152,2.8547370433807373,3.05111026763916,2.8002798557281494,2.875276565551758,3.0184099674224854
1993-08-28,3.789825916290283,3.906128168106079,4.0469560623168945,3.8752028942108154,3.9967641830444336,4.139443397521973
1993-08-29,2.2086575031280518,2.3442747592926025,2.534658670425415,2.259573221206665,2.374065637588501,2.5278244018554688
1993-08-30,1.8946692943572998,1.8937228918075562,1.90633225440979,1.8648351430892944,1.8506807088851929,1.8472484350204468
1993-08-31,1.9685989618301392,2.104174852371216,2.249501943588257,1.9481127262115479,2.071002721786499,2.188683271408081
1993-09-01,2.5587921142578125,2.563045024871826,2.6750597953796387,2.5388987064361572,2.5157089233398438,2.56931209564209
1993-09-02,4.098415851593018,4.20046854019165,4.3542680740356445,4.199024200439453,4.2879838943481445,4.415055274963379
1993-09-03,2.9940736293792725,3.0331389904022217,3.093747138977051,3.0061514377593994,3.0341694355010986,3.0763580799102783
1993-09-04,3.5331435203552246,3.624955177307129,3.7525007724761963,3.590088129043579,3.6693379878997803,3.7707889080047607
1993-09-05,3.558997392654419,3.645887851715088,3.756404161453247,3.5902819633483887,3.6637675762176514,3.7540180683135986
1993-09-06,5.277736186981201,5.463362693786621,5.67244291305542,5.220917701721191,5.375672340393066,5.542903423309326
1993-09-07,1.4988290071487427,1.6268024444580078,1.842854619026184,1.5909795761108398,1.6924195289611816,1.8654612302780151
1993-09-08,4.106805801391602,4.194705486297607,4.321147441864014,4.078296661376953,4.1518120765686035,4.254030704498291
1993-09-09,3.43589448928833,3.4792137145996094,3.5830020904541016,3.4112677574157715,3.43839693069458,3.5152571201324463
1993-09-10,5.1304426193237305,5.366529941558838,5.677689552307129,4.956418037414551,5.171338081359863,5.443161487579346
1993-09-11,3.856881618499756,4.034056663513184,4.2534942626953125,3.799050807952881,3.9613327980041504,4.146541595458984
1993-09-12,1.151487946510315,1.1475032567977905,1.1809104681015015,1.1721463203430176,1.1429710388183594,1.1424753665924072
1993-09-13,3.6203646659851074,3.6876895427703857,3.7791500091552734,3.5966081619262695,3.6574935913085938,3.7236783504486084
1993-09-14,1.5427318811416626,1.5450587272644043,1.5776636600494385,1.6909067630767822,1.6882081031799316,1.7037328481674194
1993-09-15,1.5253771543502808,1.5483191013336182,1.5741918087005615,1.5477805137634277,1.5692156553268433,1.5949251651763916
1993-09-16,2.4741835594177246,2.531475782394409,2.6360042095184326,2.487107038497925,2.516514301300049,2.5670673847198486
1993-09-17,3.3051300048828125,3.331573963165283,3.4001994132995605,3.3196213245391846,3.338628053665161,3.3909835815429688
1993-09-18,3.6780238151550293,3.665510654449463,3.698005199432373,3.8050777912139893,3.7899210453033447,3.801597833633423
1993-09-19,2.67690372467041,2.783158302307129,2.9008078575134277,2.6843783855438232,2.778367757797241,2.8760035037994385
1993-09-20,1.123897910118103,1.1050277948379517,1.1148701906204224,1.2085717916488647,1.1906133890151978,1.1924469470977783
1993-09-21,2.3924624919891357,2.4077706336975098,2.439166307449341,2.474395275115967,2.482865571975708,2.5000762939453125
1993-09-22,2.585230827331543,2.7062716484069824,2.862889289855957,2.515624523162842,2.603538990020752,2.7139358520507812
1993-09-23,2.873430013656616,2.9087178707122803,3.026433229446411,2.869412422180176,2.887885570526123,2.947526454925537
1993-09-24,4.797451496124268,4.980747699737549,5.20611047744751,4.807079315185547,4.958118915557861,5.139506816864014
1993-09-25,2.8301889896392822,2.9648356437683105,3.12777042388916,2.9521734714508057,3.0560965538024902,3.1773314476013184
1993-09-26,3.4491255283355713,3.482125997543335,3.5114634037017822,3.5174057483673096,3.5426747798919678,3.5623254776000977
1993-09-27,1.8454527854919434,1.8193110227584839,1.7841238975524902,1.9791487455368042,1.9647583961486816,1.9445184469223022
1993-09-28,2.9830174446105957,3.0931215286254883,3.252084732055664,2.954366445541382,3.044804096221924,3.1607940196990967
1993-09-29,3.432258129119873,3.4836878776550293,3.5737907886505127,3.4092814922332764,3.4300894737243652,3.4685730934143066
1993-09-30,3.408064365386963,3.5460522174835205,3.722531318664551,3.4343974590301514,3.5540354251861572,3.7078709602355957
1993-10-01,2.9855546951293945,3.0061070919036865,3.033252716064453,2.7308778762817383,2.7346296310424805,2.750058650970459
1993-10-02,5.819468975067139,5.778842926025391,5.767736911773682,5.48884391784668,5.447597980499268,5.429628372192383
1993-10-03,7.591742992401123,7.684329509735107,7.7507004737854,7.69097900390625,7.750036239624023,7.81053352355957
1993-10-04,5.665136814117432,5.802894592285156,5.98252534866333,5.480930805206299,5.598087787628174,5.743715286254883
1993-10-05,3.866260528564453,3.990934133529663,4.124242305755615,3.4634435176849365,3.5811076164245605,3.709508180618286
1993-10-06,2.8504867553710938,2.889801502227783,2.9615683555603027,2.8359556198120117,2.8609306812286377,2.9052212238311768
1993-10-07,4.761470317840576,4.929690361022949,5.128112316131592,4.626019477844238,4.759751319885254,4.914219379425049
1993-10-08,2.526353597640991,2.677222490310669,2.9759297370910645,2.482398271560669,2.597780466079712,2.8319709300994873
1993-10-09,3.383165121078491,3.4298934936523438,3.532374620437622,3.35357666015625,3.369847536087036,3.4274344444274902
1993-10-10,5.72056245803833,5.828701019287109,5.96923828125,5.7747931480407715,5.861624240875244,5.971280097961426
1993-10-11,3.0189123153686523,3.1986865997314453,3.4430909156799316,3.0484068393707275,3.195974111557007,3.3926076889038086
1993-10-12,1.256566047668457,1.3069186210632324,1.4200845956802368,1.175581932067871,1.2035671472549438,1.2883697748184204
1993-10-13,3.885861396789551,3.8360633850097656,3.7467846870422363,4.011908054351807,3.9698657989501953,3.8749077320098877
1993-10-14,2.553318977355957,2.6196978092193604,2.782958745956421,2.572871446609497,2.6218276023864746,2.7497308254241943
1993-10-15,3.3439576625823975,3.5020482540130615,3.687520980834961,2.950812816619873,3.0745561122894287,3.2381768226623535
1993-10-16,2.264218807220459,2.3071515560150146,2.367673635482788,2.1429648399353027,2.1823225021362305,2.2404556274414062
1993-10-17,2.8793911933898926,2.966066360473633,3.00331449508667,2.4857871532440186,2.5673093795776367,2.62186336517334
1993-10-18,2.31571888923645,2.4145541191101074,2.509880781173706,1.9587841033935547,2.0571088790893555,2.204235792160034
1993-10-19,4.096792697906494,3.840238094329834,3.651902198791504,4.466457366943359,4.196072578430176,3.949409246444702
1993-10-20,5.5594801902771,5.814748764038086,6.153678894042969,5.493231296539307,5.719581604003906,6.005471229553223
1993-10-21,4.497389793395996,4.56143045425415,4.63056755065918,4.4537739753723145,4.504950523376465,4.559072971343994
1993-10-22,5.891321659088135,6.092670917510986,6.37049674987793,5.945204257965088,6.09198522567749,6.304018974304199
1993-10-23,6.533407211303711,6.772287368774414,7.0117082595825195,6.593807697296143,6.7823028564453125,6.937916278839111
1993-10-24,2.782365560531616,2.9017817974090576,3.118593215942383,2.888641595840454,2.972344160079956,3.1200263500213623
1993-10-25,3.1972062587738037,3.3174822330474854,3.4821906089782715,3.1809961795806885,3.278938055038452,3.4171783924102783
1993-10-26,2.9847054481506348,3.0223984718322754,3.073868989944458,3.042344570159912,3.060791254043579,3.0899860858917236
1993-10-27,4.071503639221191,4.25682258605957,4.484457969665527,4.063104152679443,4.235890865325928,4.432377815246582
1993-10-28,2.609992504119873,2.6379568576812744,2.739943265914917,2.7570912837982178,2.763110876083374,2.8178181648254395
1993-10-29,3.879167318344116,3.965961456298828,4.072309494018555,3.901455879211426,3.980607748031616,4.07804012298584
1993-10-30,3.6188313961029053,3.7126734256744385,3.820060968399048,3.6374850273132324,3.7148897647857666,3.8049819469451904
1993-10-31,6.874788284301758,6.924196243286133,7.060406684875488,6.93458366394043,6.984568119049072,7.074366092681885
1993-11-01,6.405888557434082,6.405013084411621,6.438440799713135,6.244986534118652,6.212985038757324,6.197579383850098
1993-11-02,4.528275012969971,4.664589881896973,4.869556427001953,4.392368793487549,4.525572299957275,4.701898097991943
1993-11-03,2.970001459121704,3.1141018867492676,3.294179677963257,2.6752448081970215,2.7779605388641357,2.9189767837524414
1993-11-04,2.358525276184082,2.383167266845703,2.377406597137451,2.162088394165039,2.1774942874908447,2.166320323944092
1993-11-05,2.791754722595215,2.9536945819854736,3.1697981357574463,2.604156017303467,2.729767322540283,2.9035444259643555
1993-11-06,3.050302267074585,3.204228162765503,3.4186322689056396,3.0135576725006104,3.1303164958953857,3.283600091934204
1993-11-07,4.076844215393066,4.084425926208496,4.085446357727051,4.001542091369629,4.005807876586914,4.015984058380127
1993-11-08,2.339603900909424,2.34541916847229,2.3967905044555664,2.237070322036743,2.2341811656951904,2.2821247577667236
1993-11-09,4.640517711639404,4.7449421882629395,4.989447116851807,4.550701141357422,4.613711357116699,4.7993669509887695
1993-11-10,6.130890846252441,6.412587642669678,6.731240749359131,6.192017078399658,6.408415794372559,6.6574177742004395
1993-11-11,3.8455331325531006,3.9474213123321533,4.180263042449951,3.92669415473938,3.982445478439331,4.109182834625244
1993-11-12,2.368805408477783,2.4335882663726807,2.50252366065979,2.3158209323883057,2.3676047325134277,2.4276437759399414
1993-11-13,3.654599189758301,3.6380858421325684,3.7257134914398193,3.6770694255828857,3.639282703399658,3.6615309715270996
1993-11-14,3.82208251953125,3.8448996543884277,3.869300603866577,3.946343421936035,3.968203067779541,3.9836931228637695
1993-11-15,2.19836688041687,2.2748584747314453,2.4129159450531006,2.194401502609253,2.2549147605895996,2.370741844177246
1993-11-16,4.068713665008545,4.090988636016846,4.165186405181885,4.066134452819824,4.074507236480713,4.127948760986328
1993-11-17,4.839407920837402,4.957197189331055,5.106051445007324,5.1075968742370605,5.198278427124023,5.297749042510986
1993-11-18,3.4073283672332764,3.648939847946167,3.971153497695923,3.4637558460235596,3.6750800609588623,3.9537954330444336
1993-11-19,2.6861679553985596,2.8207786083221436,3.0619893074035645,2.5462393760681152,2.655545711517334,2.8661441802978516
1993-11-20,1.7924646139144897,1.8892954587936401,2.0516719818115234,1.5586364269256592,1.641661286354065,1.7893949747085571
1993-11-21,3.4585561752319336,3.6019446849823,3.725348711013794,3.1708011627197266,3.31062650680542,3.4330666065216064
1993-11-22,4.686012268066406,4.880825519561768,5.138062477111816,4.385471343994141,4.538570880889893,4.766168117523193
1993-11-23,3.281097412109375,3.4258477687835693,3.6500015258789062,2.9487338066101074,3.074629306793213,3.271301031112671
1993-11-24,4.38768196105957,4.516640663146973,4.733493804931641,3.836547374725342,3.978775978088379,4.194862365722656
1993-11-25,4.462172985076904,4.758193492889404,5.208064079284668,4.024229526519775,4.270150661468506,4.65169095993042
1993-11-26,3.654391288757324,3.9172956943511963,4.286076545715332,3.4170358180999756,3.634298801422119,3.9267308712005615
1993-11-27,2.872629404067993,2.927809238433838,3.0754220485687256,2.8454246520996094,2.8756704330444336,2.9653048515319824
1993-11-28,4.389660835266113,4.404481410980225,4.4594268798828125,4.23841667175293,4.221359729766846,4.247331619262695
1993-11-29,3.0528151988983154,3.3321967124938965,3.703408718109131,2.9439258575439453,3.1882858276367188,3.523442029953003
1993-11-30,1.8688137531280518,1.8461166620254517,1.7918857336044312,1.9274990558624268,1.9120155572891235,1.863508701324463
1993-12-01,6.811922550201416,6.97043514251709,7.165453910827637,6.636593818664551,6.793625354766846,6.975401878356934
1993-12-02,7.133298397064209,7.242613792419434,7.336986541748047,7.13732385635376,7.19601583480835,7.255030155181885
1993-12-03,4.421703338623047,4.381938934326172,4.385692596435547,4.787452697753906,4.682413101196289,4.5489301681518555
1993-12-04,4.689211368560791,4.726061820983887,4.895228862762451,4.686127662658691,4.715314865112305,4.817131519317627
1993-12-05,4.586540699005127,4.506475448608398,4.459000587463379,4.816725730895996,4.748116493225098,4.651648044586182
1993-12-06,4.5063910484313965,4.527432918548584,4.641175270080566,4.637234210968018,4.668038368225098,4.765786170959473
1993-12-07,2.461289405822754,2.4319698810577393,2.388676166534424,2.743910312652588,2.7356040477752686,2.70954966545105
1993-12-08,5.722545146942139,5.81040096282959,5.986568927764893,5.7708821296691895,5.83485746383667,5.946353912353516
1993-12-09,5.84310245513916,6.055563926696777,6.338491916656494,5.712573528289795,5.898604869842529,6.135392665863037
1993-12-10,5.5580058097839355,5.677404880523682,5.780181407928467,5.598832130432129,5.696586608886719,5.78488826751709
1993-12-11,6.430039405822754,6.722584247589111,7.043956279754639,6.344596862792969,6.607019424438477,6.889361381530762
1993-12-12,3.5823769569396973,3.7202868461608887,3.9737040996551514,3.6448426246643066,3.7440578937530518,3.918635368347168
1993-12-13,3.802523374557495,3.9279911518096924,4.095505237579346,3.7749691009521484,3.8786754608154297,4.0218825340271
1993-12-14,1.8676846027374268,1.9005191326141357,1.9782025814056396,1.882530927658081,1.8962957859039307,1.9425060749053955
1993-12-15,1.7873153686523438,1.7710309028625488,1.861156702041626,1.89564847946167,1.845921516418457,1.8767428398132324
1993-12-16,3.4295716285705566,3.469168186187744,3.56001877784729,3.627094030380249,3.6525542736053467,3.702558755874634
1993-12-17,2.490550994873047,2.617971658706665,2.775205373764038,2.561999797821045,2.681159496307373,2.825451135635376
1993-12-18,2.0170092582702637,2.108236312866211,2.2715907096862793,2.041330099105835,2.0909948348999023,2.1644678115844727
1993-12-19,2.9105184078216553,2.907925844192505,2.921570062637329,2.8844528198242188,2.8721861839294434,2.8751518726348877
1993-12-20,4.061015605926514,4.238929271697998,4.477405071258545,4.025241374969482,4.184937477111816,4.386950492858887
1993-12-21,3.6586201190948486,3.77154278755188,3.939133882522583,3.593606948852539,3.7001805305480957,3.857353687286377
1993-12-22,4.730421543121338,4.981384754180908,5.288196086883545,4.791225433349609,5.015422821044922,5.269940376281738
1993-12-23,5.361191749572754,5.570649147033691,5.850831508636475,5.327893257141113,5.5102972984313965,5.751612186431885
1993-12-24,7.336461544036865,7.572310447692871,7.914072513580322,7.295447826385498,7.49868106842041,7.789514064788818
1993-12-25,4.6558942794799805,4.673122882843018,4.722341060638428,4.530822277069092,4.560822010040283,4.616097927093506
1993-12-26,4.838757514953613,5.039974689483643,5.285031795501709,4.5488996505737305,4.723257541656494,4.917616367340088
1993-12-27,5.5015716552734375,5.865225315093994,6.339067459106445,4.875195503234863,5.1800537109375,5.588314533233643
1993-12-28,3.5384135246276855,3.996448040008545,4.566722869873047,3.010634183883667,3.3865859508514404,3.881173849105835
1993-12-29,3.1984591484069824,3.040043354034424,2.8945133686065674,3.6901819705963135,3.5428049564361572,3.3733034133911133
1993-12-30,2.135401964187622,2.095778226852417,2.106793165206909,2.4104185104370117,2.3556771278381348,2.327376127243042
1993-12-31,3.7427239418029785,3.7983341217041016,3.8465754985809326,3.701991558074951,3.735240936279297,3.7660610675811768
1994-01-01,3.824460029602051,3.9060399532318115,4.006221771240234,3.746609926223755,3.802661180496216,3.868210792541504
1994-01-02,2.6955881118774414,2.5870068073272705,2.503377914428711,2.5004749298095703,2.4051074981689453,2.337702751159668
1994-01-03,3.3132283687591553,3.6537013053894043,4.080461025238037,2.9062294960021973,3.2119691371917725,3.641430139541626
1994-01-04,6.224617958068848,6.388456344604492,6.6100754737854,6.100708484649658,6.2342939376831055,6.40297269821167
1994-01-05,2.3126895427703857,2.36106014251709,2.676445722579956,2.3106682300567627,2.3336329460144043,2.600990056991577
1994-01-06,5.407425403594971,5.407258987426758,5.486425399780273,5.455668926239014,5.468707084655762,5.548830509185791
1994-01-07,4.7534050941467285,5.028700828552246,5.411423206329346,4.681553840637207,4.969087600708008,5.349362373352051
1994-01-08,1.9866451025009155,2.122389078140259,2.3118419647216797,1.8592501878738403,1.9544854164123535,2.106633186340332
1994-01-09,3.4330477714538574,3.825486898422241,4.293082237243652,3.306610584259033,3.641200542449951,4.027503490447998
1994-01-10,3.919210195541382,3.940997838973999,3.991734266281128,4.061650276184082,4.059638500213623,4.050151348114014
1994-01-11,3.748863697052002,3.8054697513580322,3.9063148498535156,3.8968026638031006,3.952072858810425,4.038149833679199
1994-01-12,3.773611068725586,3.6738264560699463,3.6717886924743652,3.961801052093506,3.819920539855957,3.7265923023223877
1994-01-13,3.944943428039551,4.005698204040527,4.157900333404541,3.9954941272735596,4.062284469604492,4.195357322692871
1994-01-14,4.986131191253662,5.067162036895752,5.256716251373291,4.750622272491455,4.802725315093994,4.939770698547363
1994-01-15,8.41974925994873,8.525500297546387,8.702462196350098,8.553633689880371,8.628190994262695,8.736383438110352
1994-01-16,5.2111124992370605,5.3913726806640625,5.662607669830322,5.428317070007324,5.543910026550293,5.731079578399658
1994-01-17,3.9531056880950928,3.882612466812134,3.7910614013671875,4.374138832092285,4.276527404785156,4.1447343826293945
1994-01-18,8.362642288208008,8.520588874816895,8.806425094604492,8.566837310791016,8.683225631713867,8.87857437133789
1994-01-19,2.500206470489502,2.7374463081359863,3.163618564605713,2.5238304138183594,2.7201788425445557,3.0534605979919434
1994-01-20,4.021139144897461,4.289486408233643,4.736125469207764,4.425189018249512,4.6433329582214355,4.991505146026611
1994-01-21,2.7868568897247314,2.829608678817749,2.970100164413452,2.959442615509033,2.956666946411133,3.0573489665985107
1994-01-22,4.126779556274414,4.112138748168945,4.1666364669799805,4.228754997253418,4.198622226715088,4.218289375305176
1994-01-23,4.07786226272583,4.0369553565979,4.039470672607422,4.236147403717041,4.180788993835449,4.169022560119629
1994-01-24,4.697648048400879,4.831394195556641,5.05365514755249,4.841901779174805,4.954833984375,5.134140968322754
1994-01-25,4.640349388122559,4.78757905960083,4.986434459686279,4.354007720947266,4.481020927429199,4.633209228515625
1994-01-26,5.082129955291748,5.280486583709717,5.5705885887146,4.878696918487549,5.060638904571533,5.309784412384033
1994-01-27,3.944183826446533,4.031953811645508,4.222726821899414,4.084467887878418,4.127624034881592,4.2498250007629395
1994-01-28,3.318708896636963,3.3139193058013916,3.359555721282959,3.5428566932678223,3.5260443687438965,3.547567844390869
1994-01-29,5.455328941345215,5.608250141143799,5.888341903686523,5.407356262207031,5.526178359985352,5.750093460083008
1994-01-30,4.572481155395508,4.722000598907471,4.972642421722412,4.468103885650635,4.601662635803223,4.823762893676758
1994-01-31,3.9773130416870117,4.04834508895874,4.186098575592041,3.996293544769287,4.048117637634277,4.158398151397705
1994-02-01,2.9671902656555176,3.2241806983947754,3.606971502304077,2.996457815170288,3.235867977142334,3.581101655960083
1994-02-02,4.851616859436035,4.7180328369140625,4.710700988769531,4.96528434753418,4.784807205200195,4.69534158706665
1994-02-03,3.6512343883514404,3.611147403717041,3.6237354278564453,3.8997039794921875,3.858553647994995,3.870659589767456
1994-02-04,7.176235198974609,7.393795967102051,7.693220138549805,7.110861778259277,7.315917015075684,7.564848899841309
1994-02-05,3.869525909423828,4.284133434295654,4.857038497924805,3.661238193511963,4.032153606414795,4.537898540496826
1994-02-06,3.471825361251831,3.6556291580200195,3.989076852798462,3.1836397647857666,3.3333868980407715,3.604660749435425
1994-02-07,3.5290005207061768,3.7173171043395996,4.018150806427002,3.2992374897003174,3.472010374069214,3.7379462718963623
1994-02-08,2.5638186931610107,2.7675981521606445,3.0652694702148438,2.5338785648345947,2.705662488937378,2.9598238468170166
1994-02-09,2.594728708267212,2.5820682048797607,2.6142938137054443,2.78143310546875,2.7646334171295166,2.764045476913452
1994-02-10,3.06514048576355,3.1528046131134033,3.2893762588500977,3.0009565353393555,3.081932544708252,3.1963653564453125
1994-02-11,2.6203646659851074,2.666246175765991,2.722222089767456,2.6491243839263916,2.6834239959716797,2.714319944381714
1994-02-12,3.6393418312072754,3.6547584533691406,3.7281887531280518,3.793325901031494,3.7926747798919678,3.8170199394226074
1994-02-13,3.4953207969665527,3.5478832721710205,3.6587207317352295,3.6645896434783936,3.698888063430786,3.763054370880127
1994-02-14,5.540629863739014,5.615476608276367,5.726473808288574,5.60405158996582,5.676365375518799,5.783026218414307
1994-02-15,4.401571750640869,4.516751289367676,4.727203369140625,4.657617092132568,4.747992038726807,4.910058975219727
1994-02-16,2.9052987098693848,2.939598321914673,3.030282735824585,2.9544713497161865,2.9807066917419434,3.052863359451294
1994-02-17,1.9529714584350586,2.0295445919036865,2.2206649780273438,2.197544574737549,2.2328479290008545,2.3547070026397705
1994-02-18,3.813612937927246,3.9165055751800537,4.057753562927246,4.16894006729126,4.272107124328613,4.38252067565918
1994-02-19,3.864506483078003,3.977381706237793,4.239403247833252,4.077577114105225,4.202008247375488,4.4457244873046875
1994-02-20,7.240126609802246,7.305888652801514,7.482113361358643,7.203589916229248,7.2288498878479,7.347914695739746
1994-02-21,6.746435642242432,6.820224285125732,7.034958362579346,6.805083274841309,6.846127986907959,7.017148971557617
1994-02-22,5.776762008666992,5.951127529144287,6.263930320739746,5.807839870452881,5.940250396728516,6.194027900695801
1994-02-23,5.177968502044678,5.232539176940918,5.407376766204834,5.332705974578857,5.360774517059326,5.456465244293213
1994-02-24,6.38271427154541,6.459329128265381,6.634093761444092,6.296897888183594,6.342803955078125,6.473119258880615
1994-02-25,6.229721546173096,6.492514133453369,6.860294818878174,6.434121608734131,6.654697418212891,6.945747375488281
1994-02-26,4.653451919555664,4.781464576721191,4.9757819175720215,4.787430763244629,4.892825126647949,5.05215311050415
1994-02-27,6.132918834686279,6.246975421905518,6.430273056030273,6.2260284423828125,6.328963279724121,6.47126579284668
1994-02-28,4.631588935852051,4.960310935974121,5.362931251525879,4.559816360473633,4.86163854598999,5.2288498878479
1994-03-01,3.4656763076782227,3.5988059043884277,3.76536226272583,3.6420955657958984,3.7640902996063232,3.91677188873291
1994-03-02,3.131748914718628,3.181642532348633,3.2848141193389893,3.226536512374878,3.2602288722991943,3.3503408432006836
1994-03-03,4.825222969055176,4.919040679931641,5.0744547843933105,4.521100044250488,4.619570732116699,4.7631001472473145
1994-03-04,5.247518539428711,5.494085311889648,5.777739524841309,4.943920135498047,5.173184871673584,5.440962314605713
1994-03-05,6.218475341796875,6.205741882324219,6.229877471923828,6.25349235534668,6.232248306274414,6.231308460235596
1994-03-06,7.695760250091553,7.741330623626709,7.881022930145264,7.972265243530273,7.987266540527344,8.086572647094727
1994-03-07,4.999150276184082,5.042634963989258,5.158266544342041,5.201626777648926,5.243185997009277,5.339874267578125
1994-03-08,6.404541015625,6.490200519561768,6.671764373779297,6.49953556060791,6.563510894775391,6.716442108154297
1994-03-09,9.612469673156738,9.862776756286621,10.167863845825195,9.65661907196045,9.877165794372559,10.135340690612793
1994-03-10,3.8880090713500977,4.022847652435303,4.161721706390381,3.6688270568847656,3.742940902709961,3.8376212120056152
1994-03-11,5.292696475982666,5.289739608764648,5.299499034881592,5.3874616622924805,5.355893135070801,5.338992595672607
1994-03-12,5.108088493347168,5.192237854003906,5.276459693908691,5.089726448059082,5.16202974319458,5.232163906097412
1994-03-13,2.7434346675872803,2.7430546283721924,2.822230577468872,2.7591323852539062,2.739896059036255,2.7842013835906982
1994-03-14,4.749544620513916,4.665925025939941,4.686079502105713,4.928692817687988,4.840465545654297,4.818930625915527
1994-03-15,4.2314276695251465,4.302306652069092,4.4326372146606445,3.9968881607055664,4.083963871002197,4.215156555175781
1994-03-16,6.718399524688721,6.832300186157227,7.019484996795654,6.709157466888428,6.801400661468506,6.947340965270996
1994-03-17,2.518369674682617,2.659562110900879,2.918196201324463,2.558345317840576,2.679255723953247,2.912877321243286
1994-03-18,4.004247188568115,4.025826454162598,4.082587242126465,3.985963821411133,3.9872729778289795,4.012965202331543
1994-03-19,4.237996578216553,4.205750465393066,4.250378608703613,4.2999773025512695,4.248697757720947,4.247959136962891
1994-03-20,6.138829708099365,6.2329020500183105,6.440236568450928,6.150844097137451,6.214481830596924,6.37117862701416
1994-03-21,4.6749749183654785,4.806049823760986,5.013544082641602,4.862634658813477,4.969616889953613,5.134467601776123
1994-03-22,2.01855731010437,2.017059087753296,2.0722036361694336,2.023448944091797,1.9912923574447632,2.01285457611084
1994-03-23,5.333127498626709,5.345852851867676,5.441422462463379,5.31917142868042,5.316008567810059,5.360500812530518
1994-03-24,7.9076995849609375,8.108149528503418,8.382011413574219,7.994904041290283,8.17195987701416,8.384586334228516
1994-03-25,4.658992767333984,4.701236248016357,4.794681072235107,4.78367280960083,4.80962610244751,4.878720283508301
1994-03-26,6.619650840759277,6.683835029602051,6.861757278442383,6.748218059539795,6.776510715484619,6.896476745605469
1994-03-27,5.93642520904541,6.116374492645264,6.391828536987305,6.08897066116333,6.260788440704346,6.510313987731934
1994-03-28,4.133339881896973,4.2202229499816895,4.425996780395508,4.466100215911865,4.5451836585998535,4.714779376983643
1994-03-29,3.520979404449463,3.555391788482666,3.6519289016723633,3.6756067276000977,3.6862382888793945,3.7327544689178467
1994-03-30,4.360828876495361,4.491270542144775,4.673427104949951,4.557806491851807,4.666223049163818,4.812403678894043
1994-03-31,3.5162103176116943,3.59067440032959,3.7352285385131836,3.670055866241455,3.7273361682891846,3.8258020877838135
1994-04-01,4.166069984436035,4.27081823348999,4.417232036590576,4.229927062988281,4.3090972900390625,4.425363540649414
1994-04-02,4.327260971069336,4.496056079864502,4.684648036956787,4.372826099395752,4.515345096588135,4.653128623962402
1994-04-03,2.803680181503296,2.861032009124756,2.960283041000366,2.8311142921447754,2.87436580657959,2.9484360218048096
1994-04-04,1.3853949308395386,1.4337217807769775,1.5315203666687012,1.3746237754821777,1.427894949913025,1.5248795747756958
1994-04-05,2.8094429969787598,2.8079144954681396,2.8772575855255127,2.7447876930236816,2.6949400901794434,2.6915576457977295
1994-04-06,4.899511814117432,4.847353935241699,4.816048622131348,4.738991737365723,4.674786567687988,4.6106486320495605
1994-04-07,3.3146073818206787,3.277916669845581,3.2550806999206543,3.6423678398132324,3.615905284881592,3.5507187843322754
1994-04-08,4.293467998504639,4.303079128265381,4.371433258056641,4.27541446685791,4.261219024658203,4.279423236846924
1994-04-09,5.244561672210693,5.39330530166626,5.649686813354492,5.215629577636719,5.338695526123047,5.565510272979736
1994-04-10,5.346529483795166,5.513904094696045,5.762762069702148,5.4056620597839355,5.558706760406494,5.785923957824707
1994-04-11,3.4240424633026123,3.4570839405059814,3.5528483390808105,3.443547248840332,3.462830066680908,3.536625623703003
1994-04-12,2.484750270843506,2.521989583969116,2.5688319206237793,2.4659924507141113,2.495349168777466,2.5273966789245605
1994-04-13,1.3628579378128052,1.3271034955978394,1.3983458280563354,1.2238401174545288,1.1725822687149048,1.2103303670883179
1994-04-14,1.8744421005249023,1.9727460145950317,2.0992326736450195,1.9928562641143799,2.0867693424224854,2.1978228092193604
1994-04-15,1.8778001070022583,1.9240566492080688,2.0105156898498535,1.855103850364685,1.8842276334762573,1.9407289028167725
1994-04-16,2.6688623428344727,2.735745906829834,2.8349621295928955,2.786773204803467,2.8417437076568604,2.922588586807251
1994-04-17,2.4677321910858154,2.4797534942626953,2.4633562564849854,2.4160289764404297,2.442551612854004,2.444331645965576
1994-04-18,3.0920207500457764,3.140226125717163,3.2822933197021484,3.14033842086792,3.181114435195923,3.2974624633789062
1994-04-19,6.170513153076172,6.398486137390137,6.688368320465088,5.893253326416016,6.121233940124512,6.417086601257324
1994-04-20,2.525531530380249,2.4496114253997803,2.41355562210083,2.4946913719177246,2.3942813873291016,2.320404052734375
1994-04-21,6.0902252197265625,6.10226583480835,6.128715991973877,6.096394062042236,6.09790563583374,6.117897987365723
1994-04-22,5.988518714904785,5.996355056762695,6.009548187255859,6.041579246520996,6.031993865966797,6.0144829750061035
1994-04-23,2.4199771881103516,2.4369466304779053,2.4858505725860596,2.435053825378418,2.449181079864502,2.4918675422668457
1994-04-24,6.065023422241211,6.024618148803711,5.9610161781311035,5.949740409851074,5.883578300476074,5.799727916717529
1994-04-25,5.935028553009033,6.10113525390625,6.245809078216553,5.966391563415527,6.119454860687256,6.237975120544434
1994-04-26,2.3221943378448486,2.330179452896118,2.3336782455444336,2.2977120876312256,2.30948805809021,2.3239223957061768
1994-04-27,1.6503692865371704,1.6095311641693115,1.5945324897766113,1.5448356866836548,1.4948348999023438,1.4799615144729614
1994-04-28,2.8909409046173096,2.8417675495147705,2.8157742023468018,2.839027166366577,2.7749993801116943,2.7272837162017822
1994-04-29,4.919875144958496,4.955795764923096,4.9416584968566895,4.92230224609375,4.928791046142578,4.883792400360107
1994-04-30,2.2684438228607178,2.1985936164855957,2.1047914028167725,2.281257152557373,2.205860137939453,2.0992050170898438
1994-05-01,1.8151413202285767,1.8872942924499512,1.9736377000808716,1.8483251333236694,1.9100477695465088,1.9841041564941406
1994-05-02,2.303791046142578,2.380200147628784,2.598245859146118,2.3048031330108643,2.384425163269043,2.5892157554626465
1994-05-03,4.14443826675415,4.0394368171691895,3.8716845512390137,3.888077974319458,3.839193820953369,3.839174747467041
1994-05-04,5.233112335205078,5.309889793395996,5.448477268218994,5.268425941467285,5.305617809295654,5.38171911239624
1994-05-05,5.643839359283447,5.740461349487305,5.91978645324707,5.78162956237793,5.8493194580078125,5.979281902313232
1994-05-06,5.51816463470459,5.665214538574219,5.867591857910156,5.6550493240356445,5.783459663391113,5.946310520172119
1994-05-07,3.368567943572998,3.4886374473571777,3.610501766204834,3.50264048576355,3.6144139766693115,3.7200920581817627
1994-05-08,3.290186643600464,3.2805728912353516,3.262883424758911,3.2598555088043213,3.234130620956421,3.192107677459717
1994-05-09,2.665236234664917,2.5950610637664795,2.456444501876831,2.6729624271392822,2.5993964672088623,2.465214729309082
1994-05-10,3.1478271484375,3.1810948848724365,3.2463037967681885,3.208914041519165,3.2440876960754395,3.3084213733673096
1994-05-11,3.2211289405822754,3.1936869621276855,3.2008893489837646,3.2248754501342773,3.184978485107422,3.1716294288635254
1994-05-12,4.272744178771973,4.287622451782227,4.314371109008789,4.361694812774658,4.362006664276123,4.365522861480713
1994-05-13,2.962743043899536,3.124375343322754,3.34161114692688,2.801593780517578,2.945094585418701,3.1413185596466064
1994-05-14,2.7522776126861572,2.871161460876465,3.0009913444519043,2.9103593826293945,3.012369394302368,3.1148178577423096
1994-05-15,2.9931912422180176,2.9903604984283447,3.0305676460266113,2.911360263824463,2.885545253753662,2.9090473651885986
1994-05-16,1.7317309379577637,1.7365671396255493,1.7710288763046265,1.7874703407287598,1.7901229858398438,1.818867564201355
1994-05-17,2.4288430213928223,2.4616219997406006,2.544433355331421,2.4576401710510254,2.4666895866394043,2.503530502319336
1994-05-18,4.864329814910889,4.972218036651611,5.129570007324219,4.757730007171631,4.850288391113281,4.978898048400879
1994-05-19,4.464730739593506,4.531907081604004,4.677316188812256,4.461371421813965,4.501023292541504,4.599495887756348
1994-05-20,6.411118507385254,6.6152753829956055,6.870451927185059,6.445148944854736,6.6217875480651855,6.834804058074951
1994-05-21,4.931585788726807,5.084441661834717,5.235801696777344,4.975785255432129,5.117981910705566,5.246026992797852
1994-05-22,3.1753971576690674,3.2406699657440186,3.303603410720825,3.0908455848693848,3.129345417022705,3.1649773120880127
1994-05-23,5.7690958976745605,5.901115417480469,6.070397853851318,5.684267997741699,5.784525394439697,5.9057936668396
1994-05-24,5.043787956237793,5.086658954620361,5.155992031097412,4.980169773101807,5.005086898803711,5.042304039001465
1994-05-25,3.7477235794067383,3.708704948425293,3.5744121074676514,3.5545504093170166,3.5219337940216064,3.4097888469696045
1994-05-26,1.702834963798523,1.7009608745574951,1.6976650953292847,1.6487265825271606,1.6549559831619263,1.6573983430862427
1994-05-27,4.177743434906006,4.347078323364258,4.5869245529174805,4.053243160247803,4.163995265960693,4.333528995513916
1994-05-28,5.446371078491211,5.617336750030518,5.822368144989014,5.25883150100708,5.377145767211914,5.531428813934326
1994-05-29,3.2292258739471436,3.2455763816833496,3.3008415699005127,3.2671124935150146,3.2632269859313965,3.30488920211792
1994-05-30,3.0562376976013184,3.027252197265625,2.898897886276245,2.9737348556518555,2.964873790740967,2.8948776721954346
1994-05-31,2.6947412490844727,2.7999091148376465,2.9494400024414062,2.699065923690796,2.78994083404541,2.909438371658325
1994-06-01,2.3995749950408936,2.406554698944092,2.488118886947632,2.3663105964660645,2.3658714294433594,2.4305124282836914
1994-06-02,2.4011447429656982,2.4078614711761475,2.345919370651245,2.4191627502441406,2.4163358211517334,2.356289863586426
1994-06-03,1.9882434606552124,2.0581181049346924,2.1155142784118652,2.071537971496582,2.1284592151641846,2.1705734729766846
1994-06-04,2.1454763412475586,2.1590688228607178,2.134408473968506,2.1347768306732178,2.1535234451293945,2.140044927597046
1994-06-05,3.2249960899353027,3.283214569091797,3.3739781379699707,3.137275457382202,3.174941062927246,3.236333131790161
1994-06-06,4.075226306915283,4.115899562835693,4.196451663970947,3.9964683055877686,4.02413272857666,4.085066795349121
1994-06-07,3.6175484657287598,3.6300339698791504,3.6678566932678223,3.63727068901062,3.62888240814209,3.617877244949341
1994-06-08,3.8957972526550293,4.040092468261719,4.307616233825684,3.7972140312194824,3.8992772102355957,4.0883378982543945
1994-06-09,4.446686267852783,4.6074934005737305,4.851063251495361,4.321423530578613,4.456554889678955,4.674078941345215
1994-06-10,2.443190097808838,2.5084826946258545,2.630221128463745,2.500335693359375,2.5535237789154053,2.6558337211608887
1994-06-11,4.907786846160889,4.914127826690674,4.902037143707275,4.909008979797363,4.890791893005371,4.842188358306885
1994-06-12,3.5063860416412354,3.654088258743286,3.814452648162842,3.5563809871673584,3.677152395248413,3.793132781982422
1994-06-13,2.65482234954834,2.7784066200256348,2.90759015083313,2.6999571323394775,2.8095340728759766,2.9123077392578125
1994-06-14,4.12668514251709,4.1740851402282715,4.252580642700195,4.141480445861816,4.168235778808594,4.211252212524414
1994-06-15,4.530585289001465,4.635807037353516,4.749355792999268,4.608108043670654,4.701990127563477,4.7863850593566895
1994-06-16,2.9088213443756104,3.0111443996429443,3.1067066192626953,2.7359440326690674,2.8314359188079834,2.920931816101074
1994-06-17,2.6619791984558105,2.7491397857666016,2.8623528480529785,2.7441604137420654,2.821887731552124,2.928286552429199
1994-06-18,3.456575393676758,3.5504798889160156,3.631014585494995,3.5339527130126953,3.6227915287017822,3.6972591876983643
1994-06-19,2.091668128967285,2.140507936477661,2.1729512214660645,2.132969617843628,2.1872265338897705,2.2277164459228516
1994-06-20,1.9215041399002075,1.9293580055236816,1.9848439693450928,1.9121829271316528,1.8980772495269775,1.9111623764038086
1994-06-21,2.9232378005981445,3.0040132999420166,3.1404340267181396,2.919670820236206,2.9815337657928467,3.0898334980010986
1994-06-22,2.477231025695801,2.537992477416992,2.64174222946167,2.5160558223724365,2.557027816772461,2.623785972595215
1994-06-23,1.098152995109558,1.1546772718429565,1.215954065322876,1.0240379571914673,1.0833293199539185,1.156099796295166
1994-06-24,2.335606098175049,2.4583098888397217,2.618925094604492,2.289658546447754,2.4023330211639404,2.533243417739868
1994-06-25,1.4803820848464966,1.5496584177017212,1.676558017730713,1.4873862266540527,1.5364068746566772,1.6324445009231567
1994-06-26,1.5580060482025146,1.534735083580017,1.5392712354660034,1.6127811670303345,1.5863622426986694,1.574009656906128
1994-06-27,2.4012274742126465,2.4744527339935303,2.586805582046509,2.4469687938690186,2.4982030391693115,2.5764217376708984
1994-06-28,2.0229997634887695,2.0333075523376465,2.1039786338806152,2.197230577468872,2.1862473487854004,2.2183103561401367
1994-06-29,3.2801513671875,3.339374542236328,3.4078612327575684,3.2399861812591553,3.2907299995422363,3.3548145294189453
1994-06-30,2.2068424224853516,2.174041748046875,2.1536362171173096,2.183140516281128,2.1513142585754395,2.1314752101898193
1994-07-01,2.082085371017456,2.1060917377471924,2.1346206665039062,1.9298605918884277,1.9430822134017944,1.9686007499694824
1994-07-02,3.6016838550567627,3.583791971206665,3.575667381286621,3.850776195526123,3.818666934967041,3.794668436050415
1994-07-03,4.844670295715332,4.857799530029297,4.7875142097473145,4.77189826965332,4.798297882080078,4.7544732093811035
1994-07-04,3.3702120780944824,3.460017204284668,3.5626590251922607,3.372447967529297,3.4576573371887207,3.54866623878479
1994-07-05,2.711819648742676,2.779944658279419,2.8507447242736816,2.5239436626434326,2.579669713973999,2.649850845336914
1994-07-06,2.089662551879883,2.115980625152588,2.1463494300842285,2.047741174697876,2.0698797702789307,2.096468210220337
1994-07-07,1.5914664268493652,1.617025375366211,1.643977165222168,1.7123624086380005,1.736014485359192,1.7594616413116455
1994-07-08,2.869126796722412,2.9856834411621094,3.095510482788086,2.868123769760132,2.957456350326538,3.0319032669067383
1994-07-09,3.046996831893921,3.1266417503356934,3.224911689758301,3.033055067062378,3.1020166873931885,3.1966676712036133
1994-07-10,2.920724868774414,2.9867889881134033,3.0427424907684326,2.9871513843536377,3.039339542388916,3.086465835571289
1994-07-11,2.452234983444214,2.518554925918579,2.6157827377319336,2.5286970138549805,2.58087420463562,2.657731771469116
1994-07-12,2.6364409923553467,2.6550447940826416,2.6795871257781982,2.5908055305480957,2.596560478210449,2.6048636436462402
1994-07-13,3.301929473876953,3.226480484008789,3.1688244342803955,3.204033136367798,3.1137542724609375,3.0381686687469482
1994-07-14,3.962616205215454,4.0568013191223145,4.195059776306152,3.820594072341919,3.9034900665283203,4.035351276397705
1994-07-15,4.556489944458008,4.660423278808594,4.834352016448975,4.333211898803711,4.41146993637085,4.570038795471191
1994-07-16,3.9786694049835205,4.183589935302734,4.4215874671936035,3.8474273681640625,4.026602268218994,4.231193542480469
1994-07-17,2.2911415100097656,2.368899345397949,2.4937307834625244,2.490366220474243,2.5572330951690674,2.656770706176758
1994-07-18,2.5794100761413574,2.672422409057617,2.801740884780884,2.7879340648651123,2.8755829334259033,2.9902098178863525
1994-07-19,2.614877939224243,2.6911747455596924,2.7531120777130127,2.7624425888061523,2.850414991378784,2.9258053302764893
1994-07-20,1.7508254051208496,1.8002676963806152,1.843161702156067,1.6936700344085693,1.7335880994796753,1.7751818895339966
1994-07-21,2.543186902999878,2.5364558696746826,2.5947117805480957,2.4637069702148438,2.4251644611358643,2.4295220375061035
1994-07-22,2.744828462600708,2.6934828758239746,2.6200904846191406,2.6809020042419434,2.622692108154297,2.544548749923706
1994-07-23,2.702179193496704,2.73032283782959,2.7720234394073486,2.669609546661377,2.6882779598236084,2.717221736907959
1994-07-24,1.6621721982955933,1.7260572910308838,1.849421739578247,1.673905849456787,1.7169092893600464,1.8064672946929932
1994-07-25,3.9102091789245605,3.8975672721862793,3.8614964485168457,3.8684701919555664,3.85908579826355,3.826714277267456
1994-07-26,3.397130250930786,3.581890821456909,3.7991771697998047,3.277465343475342,3.4332118034362793,3.6216492652893066
1994-07-27,1.6534452438354492,1.7087478637695312,1.793191909790039,1.6415835618972778,1.689404845237732,1.7644336223602295
1994-07-28,1.7550991773605347,1.8923038244247437,2.0903258323669434,1.8778748512268066,2.0038983821868896,2.18247389793396
1994-07-29,2.0372560024261475,2.0267348289489746,2.1157429218292236,2.1884803771972656,2.155850887298584,2.209733724594116
1994-07-30,3.8666250705718994,3.8673176765441895,3.8439948558807373,3.990123748779297,3.997528076171875,3.9635262489318848
1994-07-31,3.8621184825897217,3.9968841075897217,4.179366588592529,3.7936973571777344,3.8963637351989746,4.024729251861572
1994-08-01,1.9383193254470825,1.9534072875976562,1.9237334728240967,1.8624845743179321,1.8720072507858276,1.8409340381622314
1994-08-02,1.3457192182540894,1.3099113702774048,1.3249022960662842,1.4325201511383057,1.3939963579177856,1.3927526473999023
1994-08-03,3.2297537326812744,3.34531307220459,3.541935920715332,3.283137083053589,3.3774495124816895,3.520073652267456
1994-08-04,2.572300434112549,2.633513927459717,2.643230438232422,2.4269747734069824,2.4879868030548096,2.51438307762146
1994-08-05,1.3113152980804443,1.329149603843689,1.3559741973876953,1.0842573642730713,1.0890774726867676,1.0881869792938232
1994-08-06,1.7300938367843628,1.7952566146850586,1.8489303588867188,1.4316428899765015,1.485945701599121,1.5333625078201294
1994-08-07,1.156095027923584,1.2134312391281128,1.3268457651138306,1.2275398969650269,1.267835021018982,1.34639310836792
1994-08-08,2.470383882522583,2.4795103073120117,2.5020573139190674,2.5887489318847656,2.5949015617370605,2.6144535541534424
1994-08-09,2.3195135593414307,2.376237392425537,2.4390311241149902,2.2499072551727295,2.285698413848877,2.317272901535034
1994-08-10,4.447788715362549,4.640273571014404,4.879758358001709,4.347828388214111,4.505759239196777,4.698543548583984
1994-08-11,1.778444766998291,1.835274338722229,1.9097557067871094,1.8685766458511353,1.9292420148849487,2.017538547515869
1994-08-12,3.1778085231781006,3.2235724925994873,3.292421817779541,3.138850212097168,3.159240961074829,3.1863250732421875
1994-08-13,2.6212451457977295,2.682938814163208,2.7846791744232178,2.7071776390075684,2.7576825618743896,2.831777572631836
1994-08-14,3.568671226501465,3.632807493209839,3.718526840209961,3.504011392593384,3.565622568130493,3.644665479660034
1994-08-15,2.7546305656433105,2.8602170944213867,2.9971506595611572,2.5541574954986572,2.648287296295166,2.773801565170288
1994-08-16,1.5723555088043213,1.5443553924560547,1.5620462894439697,1.7784091234207153,1.743013858795166,1.7329667806625366
1994-08-17,2.151057720184326,2.196272373199463,2.255816698074341,2.1788127422332764,2.2156195640563965,2.2678639888763428
1994-08-18,2.0418126583099365,2.085031032562256,2.179043769836426,2.1232142448425293,2.161734104156494,2.2250142097473145
1994-08-19,1.3971623182296753,1.437888264656067,1.472436785697937,1.4866985082626343,1.5264219045639038,1.5645256042480469
1994-08-20,2.728403091430664,2.7285211086273193,2.7517142295837402,3.063103675842285,3.0280721187591553,2.9879908561706543
1994-08-21,4.367442607879639,4.510210037231445,4.671066761016846,4.35071325302124,4.47621488571167,4.606298446655273
1994-08-22,2.482576847076416,2.557368516921997,2.638709783554077,2.2796316146850586,2.3328652381896973,2.395437717437744
1994-08-23,2.6489219665527344,2.675241231918335,2.7100629806518555,2.594766139984131,2.6066508293151855,2.6187150478363037
1994-08-24,1.7936205863952637,1.8457307815551758,1.8916654586791992,1.7378672361373901,1.7710615396499634,1.801852822303772
1994-08-25,1.396165132522583,1.409451961517334,1.4536268711090088,1.5057519674301147,1.5052562952041626,1.526615858078003
1994-08-26,2.104457378387451,2.1370737552642822,2.1643128395080566,2.119187593460083,2.145240306854248,2.161627769470215
1994-08-27,1.9148820638656616,1.996078372001648,2.103879451751709,1.8850176334381104,1.9631057977676392,2.0629820823669434
1994-08-28,2.9639768600463867,3.1386938095092773,3.295165777206421,2.876911163330078,3.0330429077148438,3.166351079940796
1994-08-29,1.6583800315856934,1.7021021842956543,1.7517257928848267,1.5639909505844116,1.594783902168274,1.6227635145187378
1994-08-30,3.442915201187134,3.547412872314453,3.649771213531494,3.3239898681640625,3.4253313541412354,3.522395372390747
1994-08-31,3.3350989818573,3.457796096801758,3.5789988040924072,3.263791561126709,3.3465707302093506,3.4282212257385254
1994-09-01,2.2664666175842285,2.3609530925750732,2.4782845973968506,2.329526424407959,2.413947582244873,2.5065224170684814
1994-09-02,1.5738821029663086,1.6129425764083862,1.7125937938690186,1.5945048332214355,1.618964672088623,1.6899217367172241
1994-09-03,3.4638257026672363,3.6051571369171143,3.7561087608337402,3.3469274044036865,3.4577269554138184,3.564789056777954
1994-09-04,2.3908278942108154,2.479015350341797,2.5817947387695312,2.3496408462524414,2.4181160926818848,2.4967191219329834
1994-09-05,3.186811923980713,3.3205223083496094,3.484126567840576,3.116027593612671,3.227278470993042,3.3519928455352783
1994-09-06,2.6161112785339355,2.7687792778015137,2.9677703380584717,2.500641107559204,2.630981922149658,2.7974660396575928
1994-09-07,3.4030308723449707,3.5682384967803955,3.7362794876098633,3.3226232528686523,3.4554882049560547,3.5653839111328125
1994-09-08,2.7869157791137695,2.796748161315918,2.8492307662963867,2.9108614921569824,2.9244487285614014,2.9606142044067383
1994-09-09,2.4940435886383057,2.5721914768218994,2.6911110877990723,2.521674394607544,2.5798773765563965,2.669445037841797
1994-09-10,3.3765647411346436,3.4514822959899902,3.519519805908203,3.3344125747680664,3.403775691986084,3.4621968269348145
1994-09-11,2.874363660812378,2.8612120151519775,2.7764060497283936,2.8842451572418213,2.890807628631592,2.8389508724212646
1994-09-12,2.4392077922821045,2.503826141357422,2.5805845260620117,2.3210697174072266,2.3754281997680664,2.440347194671631
1994-09-13,1.481282353401184,1.5559097528457642,1.777923822402954,1.538661241531372,1.5909799337387085,1.7472039461135864
1994-09-14,1.0133248567581177,1.1016037464141846,1.1864335536956787,1.0763384103775024,1.1244150400161743,1.1834715604782104
1994-09-15,3.068966865539551,3.149797201156616,3.269214391708374,2.984173059463501,3.045137643814087,3.1469051837921143
1994-09-16,3.988774538040161,4.140127182006836,4.265978813171387,3.4738337993621826,3.58868670463562,3.6928670406341553
1994-09-17,1.1321531534194946,1.1192983388900757,1.1309795379638672,1.199399471282959,1.140313982963562,1.1378085613250732
1994-09-18,0.8618291616439819,0.9391955733299255,1.2829943895339966,1.0157839059829712,1.0455602407455444,1.2624506950378418
1994-09-19,3.0045323371887207,3.0015382766723633,3.0633492469787598,3.161022424697876,3.1238760948181152,3.1510093212127686
1994-09-20,1.857917070388794,1.9300917387008667,2.0568037033081055,1.8088572025299072,1.8714061975479126,1.973834753036499
1994-09-21,2.1433820724487305,2.084434986114502,2.0974185466766357,2.181697130203247,2.11257266998291,2.099456548690796
1994-09-22,3.5927786827087402,3.5840635299682617,3.5253963470458984,3.6728663444519043,3.6414525508880615,3.5591866970062256
1994-09-23,3.504251718521118,3.4565255641937256,3.44209361076355,3.890561103820801,3.808044195175171,3.7256362438201904
1994-09-24,1.3551758527755737,1.3908652067184448,1.4413105249404907,1.4976445436477661,1.5352680683135986,1.5789874792099
1994-09-25,3.0991017818450928,3.1092729568481445,3.2230918407440186,3.366058588027954,3.3658056259155273,3.428964614868164
1994-09-26,3.95723295211792,3.9663264751434326,4.044365882873535,4.142343521118164,4.151527404785156,4.1891984939575195
1994-09-27,5.322579383850098,5.398489475250244,5.505929470062256,5.322563171386719,5.369510173797607,5.437008380889893
1994-09-28,5.625215530395508,5.719749927520752,5.865332126617432,5.6449103355407715,5.7084808349609375,5.803504467010498
1994-09-29,2.940218448638916,3.0329177379608154,3.1429476737976074,2.7898142337799072,2.875129222869873,2.983646869659424
1994-09-30,2.1949310302734375,2.2500176429748535,2.326054811477661,2.034864664077759,2.0804972648620605,2.1409990787506104
1994-10-01,2.3251004219055176,2.3861069679260254,2.473095178604126,2.4156665802001953,2.474266290664673,2.552295684814453
1994-10-02,2.5693552494049072,2.669755458831787,2.8154914379119873,2.447986125946045,2.526094675064087,2.635887861251831
1994-10-03,3.355117082595825,3.485076904296875,3.6226847171783447,3.4427852630615234,3.5410258769989014,3.63498854637146
1994-10-04,2.818068027496338,2.8412201404571533,2.896013021469116,2.819920301437378,2.8251585960388184,2.8532187938690186
1994-10-05,1.9494104385375977,1.9777495861053467,2.0005111694335938,1.8835296630859375,1.8904222249984741,1.880897879600525
1994-10-06,3.2983574867248535,3.2477266788482666,3.261464834213257,3.2264795303344727,3.1764578819274902,3.1866865158081055
1994-10-07,3.3510687351226807,3.281615972518921,3.2427823543548584,3.5555572509765625,3.5116994380950928,3.4556877613067627
1994-10-08,3.0522613525390625,2.9966697692871094,2.998331308364868,3.3501594066619873,3.2904627323150635,3.239086151123047
1994-10-09,4.256750106811523,4.362736225128174,4.541135311126709,4.073742389678955,4.147753715515137,4.269617557525635
1994-10-10,5.808309078216553,5.830352783203125,6.081439018249512,6.196377277374268,6.193212032318115,6.34832763671875
1994-10-11,2.995032787322998,3.2038629055023193,3.461300849914551,3.082956075668335,3.283451557159424,3.5126471519470215
1994-10-12,3.085132360458374,2.946226119995117,2.87640643119812,3.2486119270324707,3.0958402156829834,2.96081805229187
1994-10-13,2.8505783081054688,2.798109769821167,2.8978726863861084,2.912382125854492,2.8591148853302,2.9311842918395996
1994-10-14,3.338322639465332,3.318035364151001,3.2950990200042725,3.3040010929107666,3.2698874473571777,3.2119674682617188
1994-10-15,4.036439895629883,4.1409196853637695,4.270111083984375,4.032687664031982,4.100609302520752,4.186659812927246
1994-10-16,2.8576791286468506,2.8391799926757812,2.7959938049316406,2.9413208961486816,2.9338581562042236,2.9126927852630615
1994-10-17,4.836989879608154,5.144809246063232,5.495116233825684,4.666469573974609,4.96368932723999,5.294656276702881
1994-10-18,2.974987030029297,2.912899971008301,2.8809921741485596,3.2702276706695557,3.215954303741455,3.171793222427368
1994-10-19,2.137004852294922,2.071514129638672,2.0327987670898438,2.273606538772583,2.214620351791382,2.1707334518432617
1994-10-20,1.435517430305481,1.345923662185669,1.314781665802002,1.7074315547943115,1.6365302801132202,1.6112385988235474
1994-10-21,4.184687614440918,4.220645427703857,4.269713878631592,4.17603874206543,4.189427852630615,4.187654495239258
1994-10-22,4.374395847320557,4.516262531280518,4.6834940910339355,4.569036483764648,4.695666313171387,4.804289817810059
1994-10-23,4.077549457550049,4.138986587524414,4.234999179840088,3.922685146331787,3.950016736984253,4.022928714752197
1994-10-24,5.073344707489014,5.085876941680908,5.129376411437988,5.1730241775512695,5.160313129425049,5.168037414550781
1994-10-25,4.730932235717773,4.7162675857543945,4.687229633331299,4.694427967071533,4.656126499176025,4.59975528717041
1994-10-26,3.5888733863830566,3.7781636714935303,3.978959321975708,3.5172975063323975,3.6887547969818115,3.8850505352020264
1994-10-27,4.444260597229004,4.52705192565918,4.639457702636719,4.74122428894043,4.78193998336792,4.842799663543701
1994-10-28,6.224028587341309,6.481687068939209,6.815675258636475,5.979223728179932,6.210753440856934,6.484496116638184
1994-10-29,2.0537774562835693,2.0241506099700928,2.0333399772644043,2.0496885776519775,2.002897024154663,1.9900163412094116
1994-10-30,4.582973003387451,4.764650821685791,4.984081268310547,4.203018665313721,4.358273029327393,4.547975540161133
1994-10-31,3.6694929599761963,3.930027484893799,4.255082130432129,3.4740543365478516,3.7097785472869873,3.9965438842773438
1994-11-01,2.8746557235717773,3.085514545440674,3.3830738067626953,2.9520137310028076,3.1401515007019043,3.379652738571167
1994-11-02,3.9363746643066406,4.065054416656494,4.281956672668457,4.02683162689209,4.127414703369141,4.304010391235352
1994-11-03,4.514563083648682,4.756231307983398,5.124563694000244,4.252793312072754,4.473451614379883,4.81129789352417
1994-11-04,3.136521100997925,3.320563316345215,3.597524404525757,3.0442984104156494,3.1979734897613525,3.422374725341797
1994-11-05,4.264326572418213,4.385303497314453,4.568547248840332,4.250129222869873,4.357189178466797,4.520500183105469
1994-11-06,3.7418558597564697,3.9690656661987305,4.288171291351318,3.797858238220215,3.9948596954345703,4.261075973510742
1994-11-07,3.5356948375701904,3.6114413738250732,3.728843927383423,3.5896809101104736,3.640366315841675,3.7248787879943848
1994-11-08,4.224170207977295,4.289449214935303,4.373116970062256,4.062073230743408,4.114023685455322,4.200825214385986
1994-11-09,4.82449197769165,5.038850784301758,5.317469596862793,4.710519790649414,4.891428470611572,5.126649856567383
1994-11-10,2.3574886322021484,2.541879177093506,2.8469078540802,2.285817861557007,2.4591660499572754,2.743987560272217
1994-11-11,3.9214694499969482,3.779603958129883,3.681912422180176,3.9570789337158203,3.7878098487854004,3.6330511569976807
1994-11-12,5.521397113800049,5.607688903808594,5.737101078033447,5.45671272277832,5.508152484893799,5.591151237487793
1994-11-13,5.079258441925049,5.2266740798950195,5.449397087097168,4.919212818145752,5.067269325256348,5.286211967468262
1994-11-14,6.213496208190918,6.321453094482422,6.4312944412231445,6.11448335647583,6.1931891441345215,6.282872676849365
1994-11-15,3.2835307121276855,3.4798359870910645,3.7610692977905273,3.111013650894165,3.2572038173675537,3.4689929485321045
1994-11-16,3.3151166439056396,3.3814001083374023,3.451986789703369,3.197711706161499,3.2304575443267822,3.2525296211242676
1994-11-17,2.801907539367676,2.8669509887695312,2.9716668128967285,2.8058221340179443,2.83661150932312,2.9092113971710205
1994-11-18,2.136284351348877,2.3092551231384277,2.5962512493133545,2.05622935295105,2.2193517684936523,2.4724655151367188
1994-11-19,4.704023838043213,4.61471700668335,4.504893779754639,4.822649002075195,4.752301216125488,4.666962146759033
1994-11-20,6.293231010437012,6.440160751342773,6.7435221672058105,6.3147807121276855,6.437252998352051,6.653167247772217
1994-11-21,8.055364608764648,8.379427909851074,8.810769081115723,7.985572814941406,8.282020568847656,8.632364273071289
1994-11-22,7.004502773284912,7.39445686340332,7.809614658355713,6.870256423950195,7.247566223144531,7.653819561004639
1994-11-23,2.712294340133667,2.6264808177948,2.547879457473755,2.834657669067383,2.7567126750946045,2.682298421859741
1994-11-24,2.1898090839385986,2.322091817855835,2.4590256214141846,2.224128246307373,2.343662977218628,2.46335506439209
1994-11-25,3.8099935054779053,3.8232500553131104,3.8601551055908203,3.966303586959839,3.9544837474823,3.951089382171631
1994-11-26,3.7004778385162354,3.9711387157440186,4.312092304229736,3.1876769065856934,3.430036783218384,3.734450578689575
1994-11-27,5.611998558044434,5.571305751800537,5.625482082366943,5.7394537925720215,5.693191051483154,5.715916156768799
1994-11-28,7.326782703399658,7.410219669342041,7.500382900238037,7.186742305755615,7.233678817749023,7.300618648529053
1994-11-29,4.630029201507568,4.834179401397705,5.126922130584717,4.381865501403809,4.567545413970947,4.847752571105957
1994-11-30,4.3215718269348145,4.368360996246338,4.477238178253174,4.393002033233643,4.438154220581055,4.53007173538208
1994-12-01,4.6109795570373535,4.66142463684082,4.736201763153076,4.60160493850708,4.636906147003174,4.709353446960449
1994-12-02,3.8434154987335205,3.8335483074188232,3.8118488788604736,3.8952417373657227,3.8819420337677,3.8582046031951904
1994-12-03,5.941072940826416,5.996368408203125,6.076390266418457,6.021681308746338,6.060825347900391,6.097612380981445
1994-12-04,7.492692470550537,7.676329135894775,7.886805057525635,7.3179121017456055,7.481493949890137,7.666938304901123
1994-12-05,3.747633695602417,3.7672548294067383,3.8469080924987793,3.9706594944000244,3.9530656337738037,3.946188449859619
1994-12-06,2.330793619155884,2.357475519180298,2.4182069301605225,2.3905701637268066,2.377993583679199,2.3971731662750244
1994-12-07,3.196734666824341,3.318809986114502,3.5250344276428223,3.019252061843872,3.097456455230713,3.2238352298736572
1994-12-08,3.44392991065979,3.706636667251587,4.082126140594482,3.3221096992492676,3.5547597408294678,3.9014713764190674
1994-12-09,2.8966615200042725,2.9890964031219482,3.051295757293701,3.0412826538085938,3.1021783351898193,3.068937063217163
1994-12-10,4.653493881225586,4.6425347328186035,4.713129043579102,4.77549409866333,4.7565460205078125,4.759064674377441
1994-12-11,4.729578495025635,4.961015224456787,5.292861461639404,4.974102020263672,5.154871463775635,5.378381729125977
1994-12-12,5.37353515625,5.670454025268555,6.0762529373168945,5.38417387008667,5.659799575805664,5.983155250549316
1994-12-13,4.794808864593506,4.753030300140381,4.8203125,4.99706506729126,4.9425811767578125,4.950187683105469
1994-12-14,6.565483570098877,6.613982677459717,6.815201282501221,6.80563497543335,6.841213703155518,6.983695030212402
1994-12-15,7.32062292098999,7.477434158325195,7.669964790344238,7.21953010559082,7.360382080078125,7.54194974899292
1994-12-16,5.289635181427002,5.388055324554443,5.528288841247559,5.154974937438965,5.235318183898926,5.360052108764648
1994-12-17,3.1507766246795654,3.2768197059631348,3.526404619216919,3.2230095863342285,3.326003313064575,3.535766124725342
1994-12-18,5.387956619262695,5.397767066955566,5.416609287261963,5.36189079284668,5.374542236328125,5.390511512756348
1994-12-19,3.852092981338501,3.8452799320220947,3.8326730728149414,3.722484827041626,3.702789545059204,3.679702043533325
1994-12-20,6.167214870452881,6.3329362869262695,6.549643039703369,6.245573043823242,6.38911247253418,6.563180446624756
1994-12-21,3.097673177719116,3.086484670639038,3.1117820739746094,2.984046220779419,2.971285820007324,2.9869978427886963
1994-12-22,3.593672275543213,3.6042990684509277,3.585113048553467,3.362703800201416,3.3853342533111572,3.3840763568878174
1994-12-23,6.066664695739746,6.1175336837768555,6.236271381378174,5.930113315582275,5.946603775024414,6.013465404510498
1994-12-24,5.237574100494385,5.426607608795166,5.725749969482422,5.266486167907715,5.422557353973389,5.6458539962768555
1994-12-25,2.9137301445007324,3.0675032138824463,3.3011057376861572,2.860041618347168,2.961658477783203,3.117460250854492
1994-12-26,4.148359775543213,4.149664878845215,4.1736531257629395,4.265137195587158,4.263317584991455,4.281679153442383
1994-12-27,3.8799984455108643,3.875840902328491,3.890312910079956,4.01891565322876,4.0157551765441895,4.033185958862305
1994-12-28,2.6486287117004395,2.7516069412231445,2.910710096359253,2.556051015853882,2.62579083442688,2.7477288246154785
1994-12-29,3.6905179023742676,3.644989490509033,3.6535706520080566,3.9182910919189453,3.8352346420288086,3.768984079360962
1994-12-30,3.662534475326538,3.632016897201538,3.604827642440796,3.705458164215088,3.660773992538452,3.613192558288574
1994-12-31,5.529443264007568,5.804265975952148,6.133378982543945,5.465757846832275,5.721058368682861,6.021026134490967
1995-01-01,4.642251491546631,4.5982346534729,4.6242218017578125,4.767848014831543,4.707091808319092,4.690817832946777
1995-01-02,4.528100490570068,4.601468563079834,4.740931034088135,4.598807334899902,4.654073238372803,4.752699851989746
1995-01-03,2.3903276920318604,2.507327079772949,2.705216884613037,2.375175714492798,2.4700825214385986,2.6379194259643555
1995-01-04,6.925710201263428,7.046934127807617,7.311750411987305,7.199960231781006,7.304995536804199,7.531667709350586
1995-01-05,12.115694999694824,12.382545471191406,12.668659210205078,11.991581916809082,12.268606185913086,12.594856262207031
1995-01-06,9.194090843200684,9.244064331054688,9.402628898620605,9.208364486694336,9.225783348083496,9.303573608398438
1995-01-07,3.99129056930542,4.1812424659729,4.511231899261475,3.8603739738464355,4.010834217071533,4.274231433868408
1995-01-08,1.9791427850723267,1.9959827661514282,2.0994629859924316,2.220536708831787,2.23058819770813,2.2707247734069824
1995-01-09,2.4479615688323975,2.6202588081359863,2.9550435543060303,2.4681971073150635,2.6174259185791016,2.8877830505371094
1995-01-10,2.985426187515259,3.1489553451538086,3.372663974761963,3.0003907680511475,3.1355581283569336,3.301309108734131
1995-01-11,5.568384170532227,5.496456623077393,5.4487223625183105,5.711828708648682,5.644290924072266,5.609227180480957
1995-01-12,4.386394023895264,4.5028510093688965,4.620643615722656,4.392442226409912,4.490444183349609,4.585530757904053
1995-01-13,3.694929838180542,3.7795214653015137,3.918950080871582,3.817288398742676,3.8751378059387207,3.9583678245544434
1995-01-14,6.351668357849121,6.707520008087158,7.1478471755981445,6.4619059562683105,6.761168956756592,7.109990119934082
1995-01-15,3.5987186431884766,3.7820937633514404,4.0122175216674805,3.6757802963256836,3.833268165588379,4.018008232116699
1995-01-16,2.2746667861938477,2.285282850265503,2.337477922439575,2.4418723583221436,2.4501075744628906,2.4782450199127197
1995-01-17,3.073265552520752,3.283864974975586,3.5695183277130127,2.7212319374084473,2.884748935699463,3.121859073638916
1995-01-18,4.751824855804443,4.802371025085449,4.90584659576416,4.824383735656738,4.8566975593566895,4.9296650886535645
1995-01-19,7.433254718780518,7.562043190002441,7.738288402557373,7.580071926116943,7.678222179412842,7.803153991699219
1995-01-20,4.351638317108154,4.402085781097412,4.455230712890625,4.512899875640869,4.543152809143066,4.554657459259033
1995-01-21,3.482062578201294,3.481271266937256,3.503638505935669,3.5170159339904785,3.5109262466430664,3.5118298530578613
1995-01-22,5.509282112121582,5.625051975250244,5.797933101654053,5.5852952003479,5.675403594970703,5.8166399002075195
1995-01-23,4.8691911697387695,4.8302435874938965,4.824343681335449,4.818833827972412,4.781500339508057,4.784160614013672
1995-01-24,8.20169448852539,8.353191375732422,8.59478759765625,8.208297729492188,8.30986213684082,8.47753620147705
1995-01-25,4.610799789428711,4.815387725830078,5.125614166259766,4.5784220695495605,4.717784404754639,4.932812213897705
1995-01-26,5.727003574371338,5.7303338050842285,5.794980525970459,5.89982795715332,5.90420389175415,5.948841571807861
1995-01-27,3.096290349960327,3.08791446685791,3.1345882415771484,3.028021812438965,3.0352261066436768,3.0820510387420654
1995-01-28,5.935954570770264,6.070519924163818,6.263436317443848,6.027799606323242,6.123624801635742,6.277403831481934
1995-01-29,3.8037431240081787,3.832664728164673,3.8265185356140137,3.9108216762542725,3.931725263595581,3.931520462036133
1995-01-30,7.027255535125732,7.186922550201416,7.3463263511657715,7.13369083404541,7.232765197753906,7.335531234741211
1995-01-31,4.657189846038818,4.799350261688232,4.85850191116333,4.522109508514404,4.61970853805542,4.685600280761719
1995-02-01,4.706982135772705,4.8668107986450195,5.101657390594482,4.6863274574279785,4.822254657745361,5.018038749694824
1995-02-02,4.169456481933594,4.354063987731934,4.629560947418213,3.8395674228668213,3.941303014755249,4.127732276916504
1995-02-03,5.9065399169921875,5.926981449127197,5.974491596221924,6.0361504554748535,6.050825119018555,6.077115535736084
1995-02-04,4.363210201263428,4.419278144836426,4.518138408660889,4.2606096267700195,4.2813401222229,4.333641529083252
1995-02-05,6.050248146057129,6.325963020324707,6.604372501373291,5.951731204986572,6.194912910461426,6.4538750648498535
1995-02-06,5.387414932250977,5.3682966232299805,5.423868179321289,5.4019775390625,5.335079669952393,5.3288373947143555
1995-02-07,6.719822406768799,6.771008014678955,6.897945880889893,6.937206745147705,6.95184850692749,7.026286602020264
1995-02-08,6.933191299438477,7.067677974700928,7.26207971572876,7.007063865661621,7.129050254821777,7.309185981750488
1995-02-09,4.264591217041016,4.327908039093018,4.425357341766357,4.165832042694092,4.221458435058594,4.3152384757995605
1995-02-10,4.978550434112549,5.013749599456787,5.114985466003418,5.070774078369141,5.086775302886963,5.155480861663818
1995-02-11,6.779425144195557,7.085069179534912,7.497997760772705,6.780801296234131,7.055354595184326,7.403284072875977
1995-02-12,3.5469326972961426,3.5233774185180664,3.5576775074005127,3.5523931980133057,3.5154638290405273,3.521083354949951
1995-02-13,3.0782744884490967,3.2025208473205566,3.4271252155303955,3.0533204078674316,3.1510186195373535,3.323486089706421
1995-02-14,2.7213292121887207,2.7387473583221436,2.8026392459869385,2.8005852699279785,2.7855324745178223,2.820890426635742
1995-02-15,11.37785530090332,11.476487159729004,11.661361694335938,11.387757301330566,11.491265296936035,11.60689640045166
1995-02-16,5.7360382080078125,5.850895881652832,6.056159973144531,5.43428897857666,5.523904323577881,5.698915004730225
1995-02-17,4.846960067749023,4.835958480834961,4.79791259765625,4.901523590087891,4.856926441192627,4.7934041023254395
1995-02-18,3.819068193435669,3.8589558601379395,3.9391050338745117,3.8547263145446777,3.8729498386383057,3.9426615238189697
1995-02-19,3.9384310245513916,4.102751731872559,4.415274620056152,3.8878393173217773,4.0178117752075195,4.267580509185791
1995-02-20,4.310359001159668,4.339962959289551,4.4156270027160645,4.440412998199463,4.466533660888672,4.536037445068359
1995-02-21,4.142805576324463,4.231192588806152,4.45641565322876,4.233490467071533,4.30384635925293,4.490240097045898
1995-02-22,2.1558022499084473,2.1522719860076904,2.2082107067108154,2.23897123336792,2.229806423187256,2.2788448333740234
1995-02-23,5.85429048538208,5.924045085906982,6.0452961921691895,6.054718494415283,6.098122596740723,6.19426155090332
1995-02-24,6.829000949859619,7.114236831665039,7.464637279510498,6.366540908813477,6.65888786315918,6.998752117156982
1995-02-25,3.587198257446289,3.7076973915100098,3.894606113433838,3.512653112411499,3.6029763221740723,3.718135118484497
1995-02-26,4.3758721351623535,4.380996227264404,4.476147174835205,4.2457146644592285,4.246464252471924,4.306392192840576
1995-02-27,4.886044502258301,4.976798057556152,5.169203758239746,4.158985614776611,4.2353644371032715,4.401698112487793
1995-02-28,2.799159288406372,2.8195035457611084,2.933239459991455,2.776592969894409,2.7606754302978516,2.798604726791382
1995-03-01,8.972098350524902,9.098762512207031,9.346731185913086,8.730195999145508,8.845436096191406,9.048643112182617
1995-03-02,8.238580703735352,8.55053997039795,8.943784713745117,7.887742519378662,8.205601692199707,8.588884353637695
1995-03-03,3.4425697326660156,3.696816921234131,4.067443370819092,3.354259967803955,3.5581154823303223,3.8657824993133545
1995-03-04,2.669304609298706,2.675532817840576,2.7185306549072266,2.703298330307007,2.708364963531494,2.746657609939575
1995-03-05,4.166800022125244,4.166977405548096,4.211252689361572,4.0762224197387695,4.073533535003662,4.1250410079956055
1995-03-06,4.21220064163208,4.273623466491699,4.380956172943115,4.153099536895752,4.206323623657227,4.311844348907471
1995-03-07,2.38883376121521,2.510561943054199,2.640101194381714,2.348785877227783,2.4554872512817383,2.5912399291992188
1995-03-08,2.2399680614471436,2.246575355529785,2.3219363689422607,2.283297538757324,2.265827178955078,2.2971906661987305
1995-03-09,5.530377388000488,5.574298858642578,5.672849178314209,5.329902172088623,5.369904518127441,5.494966983795166
1995-03-10,3.352189779281616,3.4743359088897705,3.6941909790039062,3.373422861099243,3.4557888507843018,3.6190943717956543
1995-03-11,3.2467598915100098,3.2905783653259277,3.3743932247161865,3.2359979152679443,3.282299757003784,3.364905834197998
1995-03-12,4.649188041687012,4.762697696685791,4.8705363273620605,4.024552822113037,4.135691165924072,4.261379718780518
1995-03-13,5.122419357299805,5.2926154136657715,5.509708404541016,4.846327304840088,5.0005784034729,5.200407981872559
1995-03-14,6.5246686935424805,6.768264293670654,7.113000392913818,6.487960338592529,6.714749813079834,7.018367767333984
1995-03-15,3.7478251457214355,3.7429866790771484,3.76947021484375,3.5989584922790527,3.5763964653015137,3.581543207168579
1995-03-16,6.055400848388672,6.202917575836182,6.339996814727783,5.955503463745117,6.100876331329346,6.224462509155273
1995-03-17,3.6942906379699707,3.612795352935791,3.544569253921509,3.856778621673584,3.762479782104492,3.656808376312256
1995-03-18,2.5718512535095215,2.579375743865967,2.609987735748291,2.501511573791504,2.505176305770874,2.5287392139434814
1995-03-19,4.130535125732422,4.119729995727539,4.13767671585083,4.021027088165283,3.9870870113372803,3.9831409454345703
1995-03-20,5.806467056274414,5.8586578369140625,5.954370498657227,6.0270538330078125,6.036234378814697,6.063058853149414
1995-03-21,4.540259838104248,4.590618133544922,4.695335388183594,4.606664180755615,4.6488213539123535,4.7354536056518555
1995-03-22,4.93117094039917,5.027196884155273,5.170692443847656,4.864789009094238,4.95338249206543,5.080258369445801
1995-03-23,3.612536907196045,3.694247007369995,3.7664754390716553,3.673844814300537,3.7616612911224365,3.8318560123443604
1995-03-24,2.071415662765503,1.9959022998809814,2.0043039321899414,2.1474850177764893,2.060631036758423,2.041581392288208
1995-03-25,3.8855745792388916,3.871683120727539,3.9376139640808105,3.855740547180176,3.816580057144165,3.8432087898254395
1995-03-26,4.547743797302246,4.662140846252441,4.82014799118042,4.6629791259765625,4.761693477630615,4.894426345825195
1995-03-27,4.920773983001709,4.975373268127441,5.084294319152832,4.850860118865967,4.8955183029174805,4.977410316467285
1995-03-28,5.3700761795043945,5.436450958251953,5.6449971199035645,5.1593194007873535,5.202868461608887,5.355372428894043
1995-03-29,6.943758964538574,6.992952823638916,7.101828098297119,7.0333147048950195,7.054677963256836,7.116499900817871
1995-03-30,5.055646896362305,5.225340366363525,5.5025529861450195,5.114229202270508,5.251674652099609,5.467968940734863
1995-03-31,4.43581485748291,4.481769561767578,4.557595729827881,4.5171685218811035,4.547646999359131,4.603962421417236
1995-04-01,5.052149295806885,5.089167594909668,5.1243486404418945,5.104173183441162,5.1263933181762695,5.143610954284668
1995-04-02,6.819454193115234,6.869790077209473,6.953019618988037,6.9943366050720215,7.026714324951172,7.061351299285889
1995-04-03,2.92215895652771,3.0421812534332275,3.158860921859741,3.0857174396514893,3.189392566680908,3.2725207805633545
1995-04-04,2.4430108070373535,2.3345329761505127,2.301887273788452,2.265761137008667,2.153291940689087,2.0889406204223633
1995-04-05,4.851983547210693,4.878942966461182,4.931004047393799,4.880741596221924,4.8694562911987305,4.8641438484191895
1995-04-06,6.965367794036865,7.084628105163574,7.22574520111084,7.085367202758789,7.1739091873168945,7.264760971069336
1995-04-07,4.059410572052002,4.182310104370117,4.308655261993408,4.196558952331543,4.299196243286133,4.388125896453857
1995-04-08,5.968158721923828,5.965016841888428,5.917189598083496,5.724328994750977,5.718261241912842,5.683543682098389
1995-04-09,6.101009368896484,6.351320266723633,6.636788845062256,5.726250171661377,5.950634002685547,6.217216968536377
1995-04-10,2.90034818649292,3.0439510345458984,3.2044341564178467,2.843367338180542,2.9701483249664307,3.1093766689300537
1995-04-11,3.116158962249756,3.1598763465881348,3.296083688735962,3.1456761360168457,3.1639227867126465,3.254859685897827
1995-04-12,3.975745439529419,3.937394142150879,3.953876256942749,4.037120819091797,3.9814212322235107,3.939605712890625
1995-04-13,6.709830284118652,6.764309883117676,6.79229211807251,6.829168319702148,6.8701701164245605,6.87327241897583
1995-04-14,5.325990676879883,5.456374645233154,5.589943885803223,5.648423671722412,5.728978157043457,5.789115905761719
1995-04-15,2.5524744987487793,2.5562498569488525,2.5560848712921143,2.5909342765808105,2.590254306793213,2.5840203762054443
1995-04-16,4.58873987197876,4.66349458694458,4.767326354980469,4.61407470703125,4.67397403717041,4.746091365814209
1995-04-17,7.231673717498779,7.455108642578125,7.7146830558776855,7.343016624450684,7.534086227416992,7.725366592407227
1995-04-18,4.013099670410156,4.130425930023193,4.2676682472229,4.110767364501953,4.216310501098633,4.329986572265625
1995-04-19,3.258612632751465,3.1843183040618896,3.094515085220337,3.3703973293304443,3.2600419521331787,3.1067116260528564
1995-04-20,4.510861396789551,4.5076212882995605,4.519179344177246,4.485658645629883,4.4484477043151855,4.414188385009766
1995-04-21,3.0273003578186035,2.9149210453033447,2.7505414485931396,2.6439692974090576,2.548308849334717,2.4463789463043213
1995-04-22,4.651817798614502,4.6909918785095215,4.848838806152344,4.83575963973999,4.806492328643799,4.866819381713867
1995-04-23,3.994858503341675,4.0464630126953125,4.156444072723389,3.979750394821167,4.002962112426758,4.067265033721924
1995-04-24,3.2954745292663574,3.353166103363037,3.4191207885742188,3.352858543395996,3.39029860496521,3.437074661254883
1995-04-25,1.7265880107879639,1.7204461097717285,1.7643024921417236,1.8572970628738403,1.8284437656402588,1.8378742933273315
1995-04-26,3.5098299980163574,3.5644407272338867,3.655311107635498,3.4510765075683594,3.4860048294067383,3.5489983558654785
1995-04-27,2.2697930335998535,2.3317105770111084,2.486621856689453,2.1666340827941895,2.2198760509490967,2.360729217529297
1995-04-28,3.4398441314697266,3.4921586513519287,3.502181053161621,3.2605459690093994,3.291917324066162,3.2985546588897705
1995-04-29,4.36906623840332,4.314136981964111,4.255122184753418,4.390611171722412,4.320859909057617,4.237828731536865
1995-04-30,2.5264933109283447,2.394684314727783,2.2481722831726074,2.5274314880371094,2.3880295753479004,2.234107732772827
1995-05-01,3.069392442703247,3.0993266105651855,3.151185989379883,3.1057515144348145,3.120715618133545,3.145705461502075
1995-05-02,6.9786224365234375,7.035229206085205,7.117573261260986,7.051308631896973,7.075313568115234,7.119597911834717
1995-05-03,3.931722640991211,4.109875202178955,4.3072710037231445,4.0596466064453125,4.223621368408203,4.402529239654541
1995-05-04,3.0692009925842285,3.185636281967163,3.3093457221984863,3.1846232414245605,3.291848659515381,3.401082754135132
1995-05-05,1.919975996017456,1.989622950553894,2.06603741645813,2.0627095699310303,2.131150722503662,2.2018089294433594
1995-05-06,1.6093958616256714,1.6092288494110107,1.6117254495620728,1.672974944114685,1.680185079574585,1.6856098175048828
1995-05-07,1.9981224536895752,2.0562307834625244,2.130052089691162,2.0244147777557373,2.0977110862731934,2.1921629905700684
1995-05-08,1.7030619382858276,1.7138241529464722,1.736669659614563,1.7256063222885132,1.7270431518554688,1.7294507026672363
1995-05-09,2.6401195526123047,2.6518077850341797,2.7498044967651367,2.8168680667877197,2.8091042041778564,2.8564188480377197
1995-05-10,3.3851401805877686,3.438422918319702,3.5158371925354004,3.4571282863616943,3.490797996520996,3.554187059402466
1995-05-11,4.5599164962768555,4.570192813873291,4.649541854858398,4.656210422515869,4.642585277557373,4.689414024353027
1995-05-12,4.446591854095459,4.579789638519287,4.765093803405762,4.467030048370361,4.585829257965088,4.7364115715026855
1995-05-13,3.2516276836395264,3.4043819904327393,3.5460755825042725,3.2602102756500244,3.4004178047180176,3.528716564178467
1995-05-14,2.90200138092041,2.9913885593414307,3.064663887023926,2.92248797416687,3.007657289505005,3.076205015182495
1995-05-15,4.025503158569336,4.117238521575928,4.225959300994873,4.068614482879639,4.144948482513428,4.229269981384277
1995-05-16,2.282139539718628,2.186577320098877,2.1513328552246094,2.4032418727874756,2.2878577709198,2.201611280441284
1995-05-17,2.776104688644409,2.829792022705078,2.9032835960388184,2.782421350479126,2.8425700664520264,2.928633213043213
1995-05-18,1.5855811834335327,1.5740606784820557,1.5860159397125244,1.6851046085357666,1.6770503520965576,1.6794662475585938
1995-05-19,1.2787120342254639,1.353973388671875,1.4025901556015015,1.3215968608856201,1.3977854251861572,1.4501010179519653
1995-05-20,2.5268232822418213,2.5420095920562744,2.586308002471924,2.606966257095337,2.587379217147827,2.5879080295562744
1995-05-21,1.7906804084777832,1.8072633743286133,1.846867561340332,1.8733834028244019,1.8938442468643188,1.935031533241272
1995-05-22,3.287931442260742,3.5296730995178223,3.79058837890625,3.304274559020996,3.52549409866333,3.7195584774017334
1995-05-23,2.108797788619995,2.0638935565948486,1.9919862747192383,2.161895513534546,2.1305086612701416,2.0584566593170166
1995-05-24,3.9633283615112305,3.7963380813598633,3.6083598136901855,3.985441207885742,3.8435277938842773,3.685687303543091
1995-05-25,4.121637344360352,4.142330646514893,4.134652614593506,4.250134468078613,4.255727291107178,4.2318196296691895
1995-05-26,1.5919013023376465,1.5590202808380127,1.555206060409546,1.8897370100021362,1.844963550567627,1.81178617477417
1995-05-27,3.8627724647521973,3.8161978721618652,3.7238783836364746,3.7777554988861084,3.7363121509552,3.6467807292938232
1995-05-28,2.966301202774048,3.0390872955322266,3.1243607997894287,2.8230199813842773,2.878434181213379,2.946887731552124
1995-05-29,2.039947032928467,2.2155110836029053,2.487109661102295,1.9495289325714111,2.126269817352295,2.3884027004241943
1995-05-30,2.758091449737549,2.8336760997772217,2.9446403980255127,2.7141025066375732,2.783599853515625,2.895935535430908
1995-05-31,2.8515501022338867,2.8643081188201904,2.9327456951141357,2.9043025970458984,2.9024429321289062,2.9257960319519043
1995-06-01,3.7537858486175537,3.8270347118377686,3.949765920639038,3.8631296157836914,3.921809434890747,4.0051140785217285
1995-06-02,3.168625831604004,3.196787118911743,3.230393886566162,3.2614452838897705,3.2732045650482178,3.2747044563293457
1995-06-03,2.6691272258758545,2.786930561065674,2.9002175331115723,2.5659749507904053,2.668921947479248,2.7601654529571533
1995-06-04,3.67657732963562,3.957495927810669,4.317499160766602,3.302136182785034,3.5502281188964844,3.9095757007598877
1995-06-05,2.770634651184082,2.8167877197265625,2.9661669731140137,2.8406763076782227,2.833470106124878,2.940513849258423
1995-06-06,4.251816749572754,4.42136812210083,4.618187427520752,4.183785915374756,4.317407608032227,4.477382183074951
1995-06-07,2.6489346027374268,2.6831753253936768,2.708392858505249,2.7222204208374023,2.747584819793701,2.770742893218994
1995-06-08,2.9218406677246094,2.933535099029541,2.9490866661071777,2.9884238243103027,3.0050406455993652,3.0238585472106934
1995-06-09,3.7569689750671387,3.823936700820923,3.9196579456329346,3.8185386657714844,3.865814208984375,3.919656753540039
1995-06-10,4.477347373962402,4.665497303009033,4.952239036560059,4.3719329833984375,4.537522315979004,4.784695625305176
1995-06-11,3.2504780292510986,3.3408772945404053,3.413133144378662,3.3161704540252686,3.4005892276763916,3.4671664237976074
1995-06-12,1.4607049226760864,1.4929965734481812,1.5194902420043945,1.3120296001434326,1.3436063528060913,1.3632296323776245
1995-06-13,1.3756775856018066,1.3853700160980225,1.4675723314285278,1.4118157625198364,1.412796139717102,1.4722760915756226
1995-06-14,2.161001682281494,2.156689405441284,2.1894195079803467,2.1509673595428467,2.1427741050720215,2.1537539958953857
1995-06-15,3.4916622638702393,3.445040702819824,3.4083032608032227,3.5152342319488525,3.4570236206054688,3.399094343185425
1995-06-16,6.193216800689697,6.397645473480225,6.587574005126953,6.091533184051514,6.2886738777160645,6.482038497924805
1995-06-17,2.0740745067596436,2.021981954574585,1.8987958431243896,2.010503053665161,1.9615250825881958,1.8522002696990967
1995-06-18,1.8007750511169434,1.896609902381897,1.9938127994537354,2.03715181350708,2.1445086002349854,2.25178599357605
1995-06-19,2.5515081882476807,2.579551935195923,2.598247766494751,2.671926259994507,2.7098548412323,2.7243804931640625
1995-06-20,2.31949520111084,2.330665111541748,2.3354780673980713,2.299365282058716,2.309868335723877,2.314842939376831
1995-06-21,2.5279042720794678,2.590111017227173,2.6705639362335205,2.4911739826202393,2.5493993759155273,2.6185433864593506
1995-06-22,1.8112643957138062,1.7787927389144897,1.7732353210449219,2.174375534057617,2.154041290283203,2.158771514892578
1995-06-23,3.5831527709960938,3.7195446491241455,3.8859667778015137,3.822599172592163,3.938052177429199,4.073273658752441
1995-06-24,4.032796382904053,4.109831809997559,4.109152317047119,4.320256233215332,4.363222599029541,4.332605838775635
1995-06-25,2.862205743789673,3.0281617641448975,3.176037073135376,2.7300097942352295,2.895688056945801,3.047870397567749
1995-06-26,1.2420728206634521,1.2923033237457275,1.3930906057357788,1.205120325088501,1.236614465713501,1.3236018419265747
1995-06-27,3.50949764251709,3.6239585876464844,3.8233213424682617,3.511741876602173,3.62786865234375,3.8219594955444336
1995-06-28,3.853250026702881,3.9394001960754395,4.080904483795166,3.8515450954437256,3.9224188327789307,4.04588508605957
1995-06-29,5.448676109313965,5.539587497711182,5.657481670379639,5.412221431732178,5.492285251617432,5.58309268951416
1995-06-30,3.7403008937835693,3.8808395862579346,4.02173376083374,3.763453483581543,3.884108543395996,3.985419750213623
1995-07-01,2.8764455318450928,2.9947590827941895,3.0794873237609863,2.9532017707824707,3.054849624633789,3.1258203983306885
1995-07-02,2.6116456985473633,2.6886909008026123,2.7933926582336426,2.5525283813476562,2.61944317817688,2.7106270790100098
1995-07-03,2.640456438064575,2.6723742485046387,2.731914758682251,2.6260573863983154,2.64798903465271,2.6856744289398193
1995-07-04,2.2313520908355713,2.2268972396850586,2.2288730144500732,2.288897752761841,2.2901785373687744,2.296367645263672
1995-07-05,1.7005295753479004,1.7252421379089355,1.809847116470337,2.000523328781128,1.9956146478652954,2.0244343280792236
1995-07-06,1.99654221534729,1.8987631797790527,1.7809611558914185,2.1420040130615234,2.0703063011169434,1.9703271389007568
1995-07-07,1.9406179189682007,1.9095227718353271,1.8594790697097778,2.005575180053711,1.9802627563476562,1.9299194812774658
1995-07-08,3.2351572513580322,3.273775339126587,3.328864097595215,3.359118938446045,3.407938003540039,3.4618334770202637
1995-07-09,3.6737313270568848,3.716909170150757,3.771573543548584,3.769979476928711,3.8186511993408203,3.8739373683929443
1995-07-10,2.4149792194366455,2.42364501953125,2.4717342853546143,2.517115592956543,2.510350227355957,2.534872531890869
1995-07-11,2.346510648727417,2.3263425827026367,2.331190347671509,2.2444612979888916,2.21474552154541,2.2019004821777344
1995-07-12,1.5884966850280762,1.5063179731369019,1.4384949207305908,1.4845569133758545,1.4152460098266602,1.3621387481689453
1995-07-13,2.0451459884643555,2.059892177581787,2.2447619438171387,2.2720766067504883,2.3108205795288086,2.4875335693359375
1995-07-14,3.0893445014953613,3.124455451965332,3.17708420753479,3.1754167079925537,3.202784538269043,3.2429513931274414
1995-07-15,3.7741427421569824,3.7781453132629395,3.7936997413635254,3.9056804180145264,3.9125845432281494,3.932953357696533
1995-07-16,2.6226909160614014,2.716236114501953,2.819240093231201,2.516927480697632,2.600924253463745,2.6930315494537354
1995-07-17,1.8974570035934448,1.9074398279190063,1.906424641609192,1.9002857208251953,1.9171037673950195,1.9228060245513916
1995-07-18,1.4270830154418945,1.475452184677124,1.5995310544967651,1.4302664995193481,1.4800546169281006,1.5824953317642212
1995-07-19,1.7387583255767822,1.8169267177581787,1.975045084953308,1.8995187282562256,1.9520395994186401,2.0615484714508057
1995-07-20,3.7493135929107666,3.7547380924224854,3.7302567958831787,3.893289566040039,3.8902926445007324,3.8443424701690674
1995-07-21,1.4595386981964111,1.5051400661468506,1.5853897333145142,1.4125449657440186,1.4526493549346924,1.515425443649292
1995-07-22,1.8425569534301758,1.8789570331573486,2.000775098800659,1.721158742904663,1.7454336881637573,1.8340909481048584
1995-07-23,2.0140151977539062,2.0340654850006104,2.087294101715088,2.0968899726867676,2.1247336864471436,2.170710563659668
1995-07-24,2.3162193298339844,2.434094190597534,2.5407323837280273,2.319885015487671,2.437227487564087,2.548271656036377
1995-07-25,1.2950736284255981,1.2892038822174072,1.3125767707824707,1.300243854522705,1.2866418361663818,1.3011423349380493
1995-07-26,4.121870040893555,4.254720211029053,4.568528175354004,4.4464216232299805,4.5536603927612305,4.7942399978637695
1995-07-27,3.942685842514038,4.088109493255615,4.221308708190918,3.73726224899292,3.8527443408966064,3.97593355178833
1995-07-28,1.4945588111877441,1.4560192823410034,1.4369767904281616,1.3599276542663574,1.3226056098937988,1.326879858970642
1995-07-29,1.7367665767669678,1.8133975267410278,1.9115962982177734,1.8898051977157593,1.9460999965667725,2.015082836151123
1995-07-30,2.5361406803131104,2.5447030067443848,2.5724027156829834,2.536485195159912,2.534550905227661,2.5557711124420166
1995-07-31,3.5567760467529297,3.562103509902954,3.6630797386169434,3.6460068225860596,3.6396405696868896,3.698720932006836
1995-08-01,3.017333507537842,3.099283218383789,3.1248767375946045,3.0061147212982178,3.070472240447998,3.0992279052734375
1995-08-02,2.2550439834594727,2.3331854343414307,2.412324905395508,2.2551779747009277,2.321282386779785,2.387225866317749
1995-08-03,1.7841006517410278,1.8866374492645264,2.005742311477661,1.9887399673461914,2.081821918487549,2.1863722801208496
1995-08-04,2.4434642791748047,2.516167402267456,2.567802906036377,2.4249179363250732,2.503453493118286,2.567457914352417
1995-08-05,2.292958974838257,2.350597381591797,2.42976713180542,2.435727119445801,2.468336820602417,2.5012025833129883
1995-08-06,1.7714509963989258,1.8519953489303589,1.9743870496749878,1.859031319618225,1.9283649921417236,2.0320348739624023
1995-08-07,1.185583233833313,1.1458213329315186,1.1533849239349365,1.3505539894104004,1.2966949939727783,1.2831320762634277
1995-08-08,2.379016399383545,2.371335029602051,2.4563992023468018,2.391913414001465,2.3759765625,2.4400556087493896
1995-08-09,3.0239179134368896,3.0834503173828125,3.1447458267211914,2.8950095176696777,2.9365220069885254,2.9730031490325928
1995-08-10,3.3736023902893066,3.3864290714263916,3.4215853214263916,3.4920411109924316,3.5023159980773926,3.5255517959594727
1995-08-11,2.4698240756988525,2.5526959896087646,2.664520025253296,2.281233072280884,2.355504274368286,2.4675490856170654
1995-08-12,3.483365535736084,3.485028028488159,3.5456438064575195,3.52050518989563,3.52288818359375,3.561910629272461
1995-08-13,3.462444305419922,3.453500986099243,3.4527275562286377,3.41890811920166,3.3987133502960205,3.3692398071289062
1995-08-14,2.950144052505493,2.9609832763671875,2.9329495429992676,3.0196783542633057,3.003850221633911,2.9473001956939697
1995-08-15,3.2804346084594727,3.3103508949279785,3.379561424255371,3.345616579055786,3.3760175704956055,3.4280893802642822
1995-08-16,2.4871742725372314,2.5884885787963867,2.723339319229126,2.436579704284668,2.534729242324829,2.6620736122131348
1995-08-17,1.888669490814209,1.9599506855010986,2.0508344173431396,1.7665622234344482,1.8249549865722656,1.9058899879455566
1995-08-18,1.3524314165115356,1.4027256965637207,1.5212738513946533,1.354276180267334,1.396452784538269,1.5023503303527832
1995-08-19,3.186022996902466,3.291924476623535,3.373265027999878,3.0411460399627686,3.143946886062622,3.2220592498779297
1995-08-20,1.2262614965438843,1.2895832061767578,1.398770809173584,1.2699813842773438,1.3274410963058472,1.4288816452026367
1995-08-21,2.8763575553894043,2.9855127334594727,3.1475439071655273,2.7839136123657227,2.8657584190368652,2.9825985431671143
1995-08-22,2.3686909675598145,2.4318509101867676,2.5599827766418457,2.537043809890747,2.592825174331665,2.6861791610717773
1995-08-23,2.176053047180176,2.2415964603424072,2.3455121517181396,2.136215925216675,2.1926796436309814,2.2860541343688965
1995-08-24,4.322166919708252,4.41762638092041,4.571571350097656,4.266077041625977,4.333678245544434,4.4467058181762695
1995-08-25,3.744025230407715,3.8785252571105957,4.023531436920166,3.847097635269165,3.971611976623535,4.0861992835998535
1995-08-26,2.103792428970337,2.200856924057007,2.3535983562469482,2.019012451171875,2.1060354709625244,2.24615740776062
1995-08-27,4.659892559051514,4.692712783813477,4.848046779632568,4.8559699058532715,4.868576526641846,4.949530124664307
1995-08-28,3.5155129432678223,3.570115327835083,3.63651442527771,3.275404214859009,3.3246049880981445,3.3703486919403076
1995-08-29,3.3725647926330566,3.3702383041381836,3.3843188285827637,3.2374513149261475,3.2154345512390137,3.2018613815307617
1995-08-30,2.6821024417877197,2.705099105834961,2.7620444297790527,2.5732738971710205,2.5745270252227783,2.6013760566711426
1995-08-31,3.4746148586273193,3.475642442703247,3.4744722843170166,3.467337131500244,3.4455323219299316,3.413029909133911
1995-09-01,4.449892520904541,4.485629558563232,4.540790557861328,4.413314342498779,4.405853271484375,4.406777381896973
1995-09-02,1.8506903648376465,2.0590670108795166,2.385625123977661,1.946694254875183,2.150481700897217,2.4485602378845215
1995-09-03,1.5019290447235107,1.5071403980255127,1.5658870935440063,1.5436753034591675,1.5460125207901,1.584539771080017
1995-09-04,1.4354149103164673,1.404402494430542,1.3839071989059448,1.4611437320709229,1.424017310142517,1.3854600191116333
1995-09-05,1.560982346534729,1.5503090620040894,1.5687956809997559,1.576448917388916,1.5466645956039429,1.5342649221420288
1995-09-06,2.92388916015625,3.010279655456543,3.157902717590332,2.7900874614715576,2.858774185180664,2.9840939044952393
1995-09-07,3.6892359256744385,3.7186853885650635,3.7553484439849854,3.5359156131744385,3.546161651611328,3.5561201572418213
1995-09-08,3.1550538539886475,3.1746675968170166,3.1996896266937256,2.929987907409668,2.93408465385437,2.9366939067840576
1995-09-09,1.6922481060028076,1.7335295677185059,1.7586132287979126,1.5262949466705322,1.5624078512191772,1.5967429876327515
1995-09-10,1.698643445968628,1.7269058227539062,1.7829316854476929,1.8210135698318481,1.8529837131500244,1.9001060724258423
1995-09-11,1.2175227403640747,1.2220169305801392,1.311569094657898,1.333899974822998,1.3176424503326416,1.371868371963501
1995-09-12,2.9796102046966553,2.935616970062256,2.893310546875,3.083310842514038,3.0385982990264893,2.9711318016052246
1995-09-13,2.4839704036712646,2.5049266815185547,2.5611467361450195,2.4972939491271973,2.498093366622925,2.526824474334717
1995-09-14,6.2787251472473145,6.379828929901123,6.4942626953125,6.3050761222839355,6.383677959442139,6.443670749664307
1995-09-15,1.7376476526260376,1.8107091188430786,1.949594259262085,1.6612308025360107,1.721994400024414,1.8419560194015503
1995-09-16,5.249186992645264,5.2453460693359375,5.285452365875244,5.380959510803223,5.378681182861328,5.398870468139648
1995-09-17,3.978328227996826,4.046656608581543,4.139439582824707,4.013362884521484,4.048004150390625,4.113140106201172
1995-09-18,4.282346725463867,4.367215156555176,4.486669540405273,4.284239768981934,4.345518112182617,4.4312639236450195
1995-09-19,3.8630082607269287,4.017341613769531,4.213128566741943,3.7872462272644043,3.915600538253784,4.073495388031006
1995-09-20,1.383988618850708,1.430132508277893,1.4985543489456177,1.2772047519683838,1.3140119314193726,1.3747808933258057
1995-09-21,1.3642504215240479,1.3204046487808228,1.3029801845550537,1.344985842704773,1.2779790163040161,1.2259105443954468
1995-09-22,1.9278113842010498,1.893386721611023,1.8938857316970825,2.0729024410247803,2.040193796157837,2.040867328643799
1995-09-23,2.990035057067871,3.074913263320923,3.193338394165039,3.0338187217712402,3.0944807529449463,3.173482894897461
1995-09-24,3.786019802093506,3.7491791248321533,3.719604969024658,4.034943580627441,4.017195224761963,3.9786155223846436
1995-09-25,4.618135452270508,4.7451066970825195,4.911179542541504,4.806445598602295,4.897266387939453,5.0041022300720215
1995-09-26,4.946702480316162,5.096960544586182,5.290493011474609,4.9758830070495605,5.094752788543701,5.230085372924805
1995-09-27,2.9511406421661377,2.934389114379883,2.9778025150299072,3.3216490745544434,3.293617010116577,3.2908718585968018
1995-09-28,5.033056259155273,5.101709842681885,5.186035633087158,5.0595879554748535,5.114833354949951,5.178023338317871
1995-09-29,7.112346649169922,7.226203918457031,7.318328380584717,7.060436725616455,7.143219947814941,7.179966449737549
1995-09-30,5.612565994262695,5.84682035446167,6.1316447257995605,5.873270034790039,6.067734241485596,6.278847694396973
1995-10-01,3.765439987182617,3.962402105331421,4.17322301864624,3.868638038635254,4.048250675201416,4.236981391906738
1995-10-02,3.4468636512756348,3.4456281661987305,3.4211313724517822,3.499703884124756,3.4882330894470215,3.449597120285034
1995-10-03,3.980536460876465,4.022919654846191,4.109684944152832,4.116634845733643,4.154323101043701,4.212307453155518
1995-10-04,4.1926140785217285,4.222168445587158,4.307440757751465,4.322007179260254,4.349420070648193,4.40070104598999
1995-10-05,3.5606555938720703,3.533137321472168,3.5129809379577637,3.6234564781188965,3.5939178466796875,3.555748462677002
1995-10-06,4.477541923522949,4.506840229034424,4.558045387268066,4.578214168548584,4.606284141540527,4.629070281982422
1995-10-07,2.7519195079803467,2.7947275638580322,2.8729450702667236,2.8223612308502197,2.858058452606201,2.9215381145477295
1995-10-08,4.604811191558838,4.653700351715088,4.820221424102783,4.8140788078308105,4.831567287445068,4.903432846069336
1995-10-09,5.008183002471924,5.114704608917236,5.331400394439697,5.133758068084717,5.229781627655029,5.407185077667236
1995-10-10,6.66977596282959,6.736795425415039,6.875794410705566,6.771813869476318,6.810641765594482,6.86724853515625
1995-10-11,5.4332709312438965,5.59813928604126,5.746271133422852,5.36262845993042,5.481677532196045,5.568730354309082
1995-10-12,2.156984806060791,2.3085641860961914,2.5021274089813232,2.0465314388275146,2.182021141052246,2.3507347106933594
1995-10-13,2.829867362976074,2.672384738922119,2.5680270195007324,2.8523337841033936,2.685105323791504,2.559692621231079
1995-10-14,1.8137260675430298,1.8689768314361572,1.9369796514511108,1.868341088294983,1.9052191972732544,1.936953067779541
1995-10-15,3.46802020072937,3.643761157989502,3.919801950454712,3.4474329948425293,3.6035866737365723,3.8381686210632324
1995-10-16,1.501021385192871,1.589148998260498,1.8014181852340698,1.4854249954223633,1.5497355461120605,1.7298047542572021
1995-10-17,4.75329065322876,4.767469882965088,4.795873641967773,4.910233974456787,4.9040398597717285,4.888449192047119
1995-10-18,4.572309494018555,4.6028971672058105,4.683714389801025,4.704800128936768,4.706276893615723,4.7373366355896
1995-10-19,5.148463726043701,5.388741493225098,5.7031025886535645,5.164546012878418,5.379429340362549,5.646944046020508
1995-10-20,2.197373390197754,2.313042640686035,2.5164222717285156,2.122476100921631,2.2217419147491455,2.3887829780578613
1995-10-21,4.622964859008789,4.729172706604004,4.999769687652588,4.447373867034912,4.530447959899902,4.774372100830078
1995-10-22,4.894038677215576,4.876297473907471,4.954084873199463,4.915333271026611,4.880116939544678,4.944004058837891
1995-10-23,2.6249349117279053,2.6941077709198,2.789065361022949,2.624735116958618,2.672133445739746,2.736402750015259
1995-10-24,2.434483289718628,2.3362014293670654,2.293288230895996,2.62786602973938,2.522219181060791,2.444066286087036
1995-10-25,2.465526580810547,2.4524741172790527,2.4626548290252686,2.615870952606201,2.5993189811706543,2.5929625034332275
1995-10-26,3.147392511367798,3.1315667629241943,3.127593755722046,3.1980295181274414,3.174910545349121,3.150134325027466
1995-10-27,5.2508931159973145,5.309331893920898,5.393560886383057,5.3129658699035645,5.364850997924805,5.434357643127441
1995-10-28,2.0081732273101807,2.060979127883911,2.15586256980896,2.141633987426758,2.2071664333343506,2.31853985786438
1995-10-29,2.4862537384033203,2.591898202896118,2.7384912967681885,2.457658052444458,2.5542399883270264,2.6647138595581055
1995-10-30,1.9231696128845215,2.048153877258301,2.238898277282715,1.7525501251220703,1.795658826828003,1.9124070405960083
1995-10-31,5.135007381439209,5.277553081512451,5.4298858642578125,5.394644737243652,5.5002827644348145,5.583850860595703
1995-11-01,2.9123380184173584,2.8685860633850098,2.908263683319092,2.7819619178771973,2.7223148345947266,2.715686559677124
1995-11-02,5.992568492889404,6.09922456741333,6.258608818054199,6.0600199699401855,6.160373687744141,6.292739391326904
1995-11-03,3.279799222946167,3.3336946964263916,3.523402214050293,3.109351634979248,3.1330060958862305,3.264153003692627
1995-11-04,4.120667457580566,4.199883460998535,4.313378810882568,4.129127502441406,4.20142936706543,4.295807361602783
1995-11-05,1.6947616338729858,1.6889866590499878,1.7331526279449463,1.6481208801269531,1.6302447319030762,1.651102900505066
1995-11-06,2.447878122329712,2.553356647491455,2.6826529502868652,2.4655039310455322,2.5712671279907227,2.6932528018951416
1995-11-07,3.3572399616241455,3.3744993209838867,3.5017893314361572,3.418896436691284,3.410205125808716,3.4689548015594482
1995-11-08,4.158206939697266,4.116451740264893,4.1101975440979,4.289353370666504,4.273317813873291,4.279082298278809
1995-11-09,3.377779722213745,3.4676713943481445,3.6589510440826416,3.309058427810669,3.3712806701660156,3.521451950073242
1995-11-10,1.6978563070297241,1.7671900987625122,1.8610841035842896,1.642752766609192,1.676958441734314,1.7383666038513184
1995-11-11,2.540297508239746,2.7209465503692627,2.965254306793213,2.334585666656494,2.4871973991394043,2.695866584777832
1995-11-12,3.6484968662261963,3.5728366374969482,3.4587693214416504,3.891193151473999,3.819655418395996,3.692610025405884
1995-11-13,3.139620542526245,3.175952911376953,3.1768176555633545,3.1434597969055176,3.169691562652588,3.165813684463501
1995-11-14,5.4835381507873535,5.529338836669922,5.616032123565674,5.47830867767334,5.493946552276611,5.529034614562988
1995-11-15,3.7842628955841064,3.9906070232391357,4.275119304656982,3.847728729248047,4.040471076965332,4.293565273284912
1995-11-16,2.1682076454162598,2.3447163105010986,2.70318865776062,2.2669005393981934,2.4362633228302,2.768486261367798
1995-11-17,3.065784454345703,3.0764825344085693,3.128290891647339,3.0770537853240967,3.0822019577026367,3.1239430904388428
1995-11-18,5.636366367340088,5.711668014526367,5.8609700202941895,5.675769329071045,5.73311710357666,5.846856594085693
1995-11-19,3.414693593978882,3.470883846282959,3.555772304534912,3.5302538871765137,3.5650734901428223,3.6076903343200684
1995-11-20,4.20021390914917,4.40240478515625,4.738279819488525,4.048556327819824,4.22133731842041,4.5104451179504395
1995-11-21,1.8739970922470093,2.0181009769439697,2.2851898670196533,1.724747896194458,1.82275390625,2.074766159057617
1995-11-22,3.8531129360198975,3.720250129699707,3.4627041816711426,4.390226364135742,4.255707740783691,3.950878858566284
1995-11-23,3.899524211883545,4.015515327453613,4.226879596710205,3.818549394607544,3.913313150405884,4.088749885559082
1995-11-24,5.286105155944824,5.591434478759766,5.915388107299805,5.172361850738525,5.456118106842041,5.747695446014404
1995-11-25,1.2162443399429321,1.4212552309036255,1.9088683128356934,1.1470026969909668,1.3294368982315063,1.7676163911819458
1995-11-26,3.255701780319214,3.153440237045288,3.077768325805664,3.4212069511413574,3.252572536468506,3.074511766433716
1995-11-27,3.1180315017700195,3.2755203247070312,3.5075795650482178,3.2282257080078125,3.3125877380371094,3.472301959991455
1995-11-28,5.147820949554443,5.183502197265625,5.4182963371276855,5.305622577667236,5.27396297454834,5.375810623168945
1995-11-29,9.924824714660645,10.036110877990723,10.306480407714844,9.878435134887695,9.951727867126465,10.148015022277832
1995-11-30,4.6240129470825195,4.929574489593506,5.353414058685303,4.646708011627197,4.904650688171387,5.252007961273193
1995-12-01,5.007562637329102,5.015153408050537,5.061563968658447,5.276194095611572,5.287238121032715,5.3192973136901855
1995-12-02,3.564358711242676,3.5977189540863037,3.6683831214904785,3.6763460636138916,3.7020792961120605,3.7535765171051025
1995-12-03,5.411104679107666,5.5786638259887695,5.786666393280029,5.430569171905518,5.574118137359619,5.714776515960693
1995-12-04,2.9939584732055664,3.191382884979248,3.539889097213745,2.961608648300171,3.153529167175293,3.469325065612793
1995-12-05,3.731560230255127,3.6811933517456055,3.6672706604003906,3.713092088699341,3.652888536453247,3.6108875274658203
1995-12-06,3.949932098388672,3.838273525238037,3.7632815837860107,4.061457633972168,3.919766426086426,3.7993478775024414
1995-12-07,5.323371887207031,5.405727863311768,5.575010776519775,5.406915664672852,5.43585205078125,5.528922080993652
1995-12-08,6.421438217163086,6.72103214263916,7.118232727050781,6.493156433105469,6.739528179168701,7.046811580657959
1995-12-09,2.9021432399749756,3.246342182159424,3.7264082431793213,2.9205868244171143,3.2047882080078125,3.5710973739624023
1995-12-10,4.953560829162598,4.8646087646484375,4.810488224029541,5.053864479064941,4.948570728302002,4.855790615081787
1995-12-11,9.318514823913574,9.412907600402832,9.536595344543457,9.451532363891602,9.50103759765625,9.579815864562988
1995-12-12,5.46042537689209,5.77935266494751,6.2639594078063965,5.520542144775391,5.806591510772705,6.236379623413086
1995-12-13,4.242485523223877,4.357333660125732,4.580653667449951,4.5604448318481445,4.660091400146484,4.811103820800781
1995-12-14,4.014292240142822,4.261455535888672,4.605565547943115,3.8948895931243896,4.111893653869629,4.367668151855469
1995-12-15,5.74899435043335,5.91464376449585,6.227937698364258,5.754408836364746,5.8826680183410645,6.129245758056641
1995-12-16,6.677401065826416,6.711244583129883,6.750168323516846,6.982440948486328,7.007143020629883,7.0070343017578125
1995-12-17,6.780069828033447,7.0605244636535645,7.402646541595459,6.754666328430176,7.002397537231445,7.2923970222473145
1995-12-18,4.696937561035156,4.773439884185791,4.977733612060547,4.599560737609863,4.678441047668457,4.876795291900635
1995-12-19,4.529205322265625,4.478933811187744,4.555938243865967,4.8541669845581055,4.809776306152344,4.83863639831543
1995-12-20,2.999882221221924,2.9083826541900635,2.870309591293335,3.0558340549468994,2.980220317840576,2.9349024295806885
1995-12-21,3.2550764083862305,3.4905617237091064,3.8343589305877686,3.4027562141418457,3.633681058883667,3.9318220615386963
1995-12-22,4.340656757354736,4.342340469360352,4.373682975769043,4.569854736328125,4.568186283111572,4.572194576263428
1995-12-23,6.549341678619385,6.769687652587891,7.1095476150512695,6.5221052169799805,6.734774589538574,7.018932819366455
1995-12-24,3.7949559688568115,3.831511974334717,3.9951395988464355,3.1383156776428223,3.1519320011138916,3.2625274658203125
1995-12-25,8.325799942016602,8.476469039916992,8.737881660461426,8.062360763549805,8.202622413635254,8.433982849121094
1995-12-26,6.186564922332764,6.484128952026367,6.855513572692871,5.877224922180176,6.163990497589111,6.506749629974365
1995-12-27,3.6953561305999756,3.9402408599853516,4.437099933624268,3.317354917526245,3.5300087928771973,3.938218355178833
1995-12-28,4.2191948890686035,4.506919860839844,5.009247779846191,3.8035190105438232,4.068610191345215,4.504779815673828
1995-12-29,5.1268839836120605,5.470958232879639,5.786402225494385,4.786049842834473,5.119898319244385,5.428447723388672
1995-12-30,3.400282621383667,3.726618766784668,4.121621131896973,3.2840006351470947,3.5852394104003906,3.9442243576049805
1995-12-31,1.160132884979248,1.1695846319198608,1.347243309020996,1.2336796522140503,1.2460033893585205,1.3764220476150513
1996-01-01,5.439948558807373,5.5892767906188965,5.707723140716553,5.23797607421875,5.3537187576293945,5.446780204772949
1996-01-02,4.089904308319092,4.3327412605285645,4.69157075881958,3.5989670753479004,3.732786178588867,3.996612310409546
1996-01-03,6.5255961418151855,6.550208568572998,6.6014933586120605,6.421026229858398,6.4163594245910645,6.409916877746582
1996-01-04,5.267161846160889,5.15924072265625,5.085582733154297,5.540110111236572,5.461518287658691,5.391008377075195
1996-01-05,6.287871360778809,6.409123420715332,6.642031669616699,6.370640277862549,6.471432685852051,6.652254104614258
1996-01-06,4.180411338806152,4.284873008728027,4.438329219818115,4.220630168914795,4.2961835861206055,4.398877143859863
1996-01-07,2.9340758323669434,2.8842642307281494,2.866335868835449,2.950756072998047,2.9215972423553467,2.915743589401245
1996-01-08,7.045017719268799,7.129781723022461,7.3276166915893555,7.014692783355713,7.107734680175781,7.26459264755249
1996-01-09,5.449818134307861,5.811548233032227,6.286247730255127,5.0482096672058105,5.3795671463012695,5.801194667816162
1996-01-10,3.996170997619629,4.139329433441162,4.350311756134033,3.872049570083618,3.9700522422790527,4.1284260749816895
1996-01-11,9.19371223449707,9.447061538696289,9.708060264587402,8.848937034606934,9.099655151367188,9.365673065185547
1996-01-12,6.902536392211914,7.068864822387695,7.297582149505615,6.898472309112549,7.032854080200195,7.225973129272461
1996-01-13,3.602046012878418,3.807828664779663,4.115176200866699,3.4971649646759033,3.6817827224731445,3.9507880210876465
1996-01-14,4.325483322143555,4.460229873657227,4.7451276779174805,3.9491374492645264,4.0516180992126465,4.276071548461914
1996-01-15,5.3362250328063965,5.589571952819824,6.009468078613281,5.107946395874023,5.305004596710205,5.6491618156433105
1996-01-16,3.7871339321136475,3.9447948932647705,4.237437725067139,3.591498613357544,3.726684093475342,3.986652374267578
1996-01-17,3.9291017055511475,4.133403301239014,4.4465789794921875,3.615889310836792,3.8025267124176025,4.08673095703125
1996-01-18,3.998793840408325,4.052369117736816,4.232945442199707,4.115469932556152,4.145474910736084,4.271788120269775
1996-01-19,3.748025894165039,3.958592653274536,4.2288408279418945,3.816249132156372,4.005120754241943,4.243978500366211
1996-01-20,4.138030052185059,4.092100143432617,4.09452486038208,4.218746662139893,4.156557559967041,4.115390300750732
1996-01-21,5.147153854370117,5.224123954772949,5.42080545425415,5.229593753814697,5.275959491729736,5.404478073120117
1996-01-22,3.274603843688965,3.5419182777404785,3.9137380123138428,3.062678098678589,3.294591188430786,3.6312310695648193
1996-01-23,3.551302909851074,3.5443508625030518,3.6650443077087402,3.8423502445220947,3.813401699066162,3.857640027999878
1996-01-24,6.483541488647461,6.642228603363037,6.838871955871582,6.279789924621582,6.444709300994873,6.618528366088867
1996-01-25,5.364223957061768,5.473443031311035,5.602191925048828,5.161001682281494,5.226241588592529,5.3031134605407715
1996-01-26,5.766534805297852,6.214105129241943,6.585193157196045,5.639825820922852,6.056654930114746,6.380422592163086
1996-01-27,3.640840768814087,3.6394736766815186,3.6383094787597656,3.759070873260498,3.759230136871338,3.7448813915252686
1996-01-28,3.489175796508789,3.7382407188415527,4.032649993896484,3.4441444873809814,3.645714521408081,3.8758015632629395
1996-01-29,2.65712833404541,2.6650915145874023,2.6857738494873047,2.7890219688415527,2.775956392288208,2.7741520404815674
1996-01-30,3.0437443256378174,2.955914258956909,2.919715166091919,3.2386837005615234,3.153502941131592,3.1007399559020996
1996-01-31,4.966057300567627,4.976958751678467,5.048356533050537,5.118881702423096,5.118314266204834,5.152989387512207
1996-02-01,8.581633567810059,8.734893798828125,8.961380004882812,8.703202247619629,8.840592384338379,9.02523136138916
1996-02-02,7.673528671264648,8.034300804138184,8.366501808166504,7.286618709564209,7.6064133644104,7.938309192657471
1996-02-03,5.031765937805176,5.457062244415283,5.925253868103027,4.500705718994141,4.874516010284424,5.304525375366211
1996-02-04,1.6048448085784912,1.733343243598938,1.9116833209991455,1.471209168434143,1.57698655128479,1.7217633724212646
1996-02-05,4.516783237457275,4.77224588394165,5.182045936584473,4.137827396392822,4.342286109924316,4.6640944480896
1996-02-06,4.753305912017822,4.9060959815979,5.104002475738525,4.605746269226074,4.718090057373047,4.846295356750488
1996-02-07,5.451328754425049,5.595587253570557,5.8080925941467285,5.428268909454346,5.549888610839844,5.726886749267578
1996-02-08,3.09744930267334,3.193502187728882,3.385047435760498,3.05922794342041,3.1278693675994873,3.2697341442108154
1996-02-09,2.6379435062408447,2.6061928272247314,2.6379103660583496,2.672604560852051,2.6241393089294434,2.624925374984741
1996-02-10,3.0465481281280518,3.0722196102142334,3.1431610584259033,3.152937173843384,3.175208330154419,3.2454116344451904
1996-02-11,3.6353704929351807,3.6888792514801025,3.7523508071899414,3.579113245010376,3.616225004196167,3.659780979156494
1996-02-12,3.096500873565674,3.2102959156036377,3.376729726791382,2.911541223526001,3.00459361076355,3.145008087158203
1996-02-13,2.0888845920562744,2.122957229614258,2.18241024017334,1.997135877609253,2.018712282180786,2.055255889892578
1996-02-14,3.903336524963379,4.104234218597412,4.419230937957764,3.992928981781006,4.167026042938232,4.426443576812744
1996-02-15,3.803954601287842,3.7904324531555176,3.8417813777923584,3.844374656677246,3.8116281032562256,3.813645362854004
1996-02-16,3.9075419902801514,3.8804373741149902,3.8955516815185547,4.121935844421387,4.081585884094238,4.054593086242676
1996-02-17,5.895144462585449,5.904625415802002,5.9750518798828125,5.847312927246094,5.848634243011475,5.89755916595459
1996-02-18,7.827893257141113,8.175884246826172,8.549308776855469,7.510847568511963,7.791748523712158,8.109800338745117
1996-02-19,5.631298542022705,5.908013820648193,6.263073921203613,5.47404670715332,5.706793308258057,6.017912864685059
1996-02-20,3.792548418045044,3.8340885639190674,3.942605972290039,3.889859676361084,3.9162983894348145,3.990859270095825
1996-02-21,3.0842723846435547,3.0331265926361084,3.0256192684173584,3.1276044845581055,3.0750913619995117,3.0667476654052734
1996-02-22,7.102837562561035,7.3853440284729,7.655256271362305,7.074448585510254,7.316106796264648,7.521944522857666
1996-02-23,2.830792188644409,3.0421884059906006,3.3281288146972656,2.8072235584259033,2.9857373237609863,3.2249724864959717
1996-02-24,2.508737325668335,2.7725231647491455,3.0708208084106445,2.600133180618286,2.8306074142456055,3.092118978500366
1996-02-25,3.9559338092803955,4.220216274261475,4.636221885681152,3.9457693099975586,4.197410583496094,4.565192699432373
1996-02-26,2.857300281524658,3.0400514602661133,3.2833757400512695,2.7051773071289062,2.859694480895996,3.0592944622039795
1996-02-27,4.062674522399902,4.194425582885742,4.422410011291504,4.029653072357178,4.125609874725342,4.30254602432251
1996-02-28,4.5818610191345215,4.7652812004089355,5.069630146026611,4.653414249420166,4.788212299346924,5.008222579956055
1996-02-29,,,,,,
1996-03-01,3.941629648208618,3.967942953109741,4.049742698669434,4.138336658477783,4.1244964599609375,4.149970054626465
1996-03-02,4.036101341247559,4.138928413391113,4.291045665740967,4.132269382476807,4.186082363128662,4.256039619445801
1996-03-03,3.3500101566314697,3.4037907123565674,3.482194185256958,3.329008102416992,3.3475587368011475,3.3912792205810547
1996-03-04,5.795976638793945,5.828785419464111,5.915582180023193,5.887878894805908,5.9023213386535645,5.958953380584717
1996-03-05,3.67287540435791,3.8504629135131836,4.10222053527832,3.5879812240600586,3.7129971981048584,3.8953659534454346
1996-03-06,3.422128200531006,3.5132791996002197,3.6755528450012207,3.53194260597229,3.5825753211975098,3.6981887817382812
1996-03-07,6.21428108215332,6.4415669441223145,6.6882524490356445,6.204232215881348,6.4084625244140625,6.623478889465332
1996-03-08,2.855015993118286,2.9323575496673584,3.0854291915893555,2.962193727493286,3.0025477409362793,3.0955560207366943
1996-03-09,5.057337284088135,5.219494819641113,5.433446884155273,5.025734901428223,5.1282124519348145,5.275998592376709
1996-03-10,7.471959114074707,7.621996879577637,7.824234485626221,7.5812482833862305,7.692473411560059,7.840339183807373
1996-03-11,4.170660495758057,4.265659332275391,4.479644298553467,4.172604560852051,4.219986438751221,4.3621931076049805
1996-03-12,3.2969329357147217,3.295560121536255,3.3471689224243164,3.5298099517822266,3.52679181098938,3.554189443588257
1996-03-13,3.645770311355591,3.783787250518799,3.9762420654296875,3.6042542457580566,3.696021318435669,3.8133771419525146
1996-03-14,2.1281864643096924,2.2734012603759766,2.437188148498535,2.203138589859009,2.3285508155822754,2.4568355083465576
1996-03-15,1.4428930282592773,1.60086989402771,1.898679256439209,1.389121651649475,1.4973516464233398,1.7220805883407593
1996-03-16,1.6650216579437256,1.6750435829162598,1.7068812847137451,1.6658459901809692,1.6737630367279053,1.687050223350525
1996-03-17,4.371464729309082,4.493852615356445,4.655029773712158,4.3737335205078125,4.4734039306640625,4.5898308753967285
1996-03-18,3.5265889167785645,3.643718957901001,3.8612513542175293,3.634925127029419,3.7215428352355957,3.8715291023254395
1996-03-19,3.1704118251800537,3.3247218132019043,3.5565567016601562,3.044616222381592,3.1414263248443604,3.3235232830047607
1996-03-20,4.96685266494751,5.159982681274414,5.407873153686523,5.014775276184082,5.182693004608154,5.39064884185791
1996-03-21,4.068075180053711,4.051019668579102,4.018158912658691,4.138136386871338,4.112419128417969,4.054458141326904
1996-03-22,3.456890344619751,3.5540554523468018,3.7141730785369873,3.659518241882324,3.7497963905334473,3.8910419940948486
1996-03-23,4.936542987823486,5.13326358795166,5.360222339630127,4.9123101234436035,5.080618381500244,5.257192611694336
1996-03-24,2.8834972381591797,2.985424757003784,3.135916233062744,2.8600428104400635,2.922384023666382,3.0018999576568604
1996-03-25,3.8537378311157227,3.934443473815918,4.097984790802002,3.7709012031555176,3.7692129611968994,3.824589729309082
1996-03-26,7.014072418212891,7.035378932952881,7.135408878326416,7.096167087554932,7.058999538421631,7.088705062866211
1996-03-27,8.488190650939941,8.725698471069336,8.942872047424316,8.304648399353027,8.552173614501953,8.73957347869873
1996-03-28,3.2485437393188477,3.3182878494262695,3.413071632385254,3.1398794651031494,3.2176289558410645,3.3368942737579346
1996-03-29,2.7430403232574463,2.711294174194336,2.7514359951019287,2.643418073654175,2.6006152629852295,2.6114840507507324
1996-03-30,2.2225005626678467,2.2660021781921387,2.3683881759643555,1.9690662622451782,1.9992283582687378,2.1097514629364014
1996-03-31,4.224605083465576,4.3269805908203125,4.556154251098633,3.853604793548584,3.938143253326416,4.151077747344971
1996-04-01,6.7070817947387695,6.770111560821533,6.952997207641602,6.373884677886963,6.439274787902832,6.647390365600586
1996-04-02,4.989058971405029,5.1097517013549805,5.360890865325928,4.897365093231201,5.010921478271484,5.272663593292236
1996-04-03,2.1017425060272217,2.0808913707733154,2.030024528503418,1.9118406772613525,1.8927500247955322,1.8363615274429321
1996-04-04,4.793780326843262,4.894932746887207,5.03906774520874,4.740791320800781,4.82325553894043,4.936949729919434
1996-04-05,6.0125203132629395,6.0347819328308105,6.099974155426025,6.022642612457275,6.0326690673828125,6.055972099304199
1996-04-06,7.152137279510498,7.344970226287842,7.626727104187012,7.345648765563965,7.542201519012451,7.76487922668457
1996-04-07,3.3430733680725098,3.364502429962158,3.5043785572052,3.6194353103637695,3.6200785636901855,3.6733052730560303
1996-04-08,5.260544300079346,5.380642890930176,5.568475246429443,5.371386528015137,5.494552135467529,5.6521196365356445
1996-04-09,5.347867965698242,5.4126296043396,5.597537994384766,5.37355899810791,5.431241512298584,5.5704169273376465
1996-04-10,5.338846683502197,5.37490177154541,5.48640775680542,5.432966232299805,5.462916851043701,5.520052909851074
1996-04-11,9.007753372192383,9.029611587524414,9.077584266662598,9.030860900878906,9.072376251220703,9.089581489562988
1996-04-12,4.14577054977417,4.447505474090576,4.781376361846924,4.123355865478516,4.421829700469971,4.730113506317139
1996-04-13,2.648956775665283,2.743823766708374,2.8835675716400146,2.6234776973724365,2.7121400833129883,2.83389949798584
1996-04-14,2.2463080883026123,2.1936233043670654,2.0865957736968994,2.2058722972869873,2.152350902557373,2.0386085510253906
1996-04-15,4.794098377227783,4.718360424041748,4.682620048522949,4.646541595458984,4.539597988128662,4.420085906982422
1996-04-16,6.817941665649414,6.9211626052856445,7.126129627227783,6.780807971954346,6.876744270324707,7.040414810180664
1996-04-17,6.870030879974365,6.951308727264404,7.0904316902160645,6.8684773445129395,6.94659423828125,7.041188716888428
1996-04-18,4.881163120269775,4.9408040046691895,5.071217060089111,4.943885326385498,4.997473239898682,5.097822666168213
1996-04-19,2.4564459323883057,2.447434425354004,2.425321340560913,2.5369420051574707,2.5344736576080322,2.517629861831665
1996-04-20,2.2117490768432617,2.251466751098633,2.2924835681915283,2.152970314025879,2.201798915863037,2.2577648162841797
1996-04-21,2.881307363510132,2.931002378463745,3.0459976196289062,2.922661781311035,2.96952223777771,3.062317132949829
1996-04-22,3.3118228912353516,3.424018621444702,3.584728956222534,3.1859130859375,3.2953104972839355,3.425373077392578
1996-04-23,3.9833385944366455,3.977539300918579,4.008674144744873,4.0141401290893555,4.0314249992370605,4.03494930267334
1996-04-24,3.8101234436035156,3.745406150817871,3.6876749992370605,3.8498189449310303,3.8197457790374756,3.7517502307891846
1996-04-25,4.353453636169434,4.58363676071167,4.821348667144775,3.8968493938446045,4.117151737213135,4.350678443908691
1996-04-26,4.405224800109863,4.565123081207275,4.6772003173828125,3.949169158935547,4.099110126495361,4.2092461585998535
1996-04-27,4.224247455596924,4.488948345184326,4.785213470458984,3.9983386993408203,4.268795013427734,4.552151203155518
1996-04-28,2.3397879600524902,2.477325677871704,2.588730812072754,2.3880977630615234,2.5156445503234863,2.605450391769409
1996-04-29,1.857296347618103,1.933304786682129,1.9428550004959106,1.8071551322937012,1.8844083547592163,1.9028469324111938
1996-04-30,2.178769588470459,2.237776756286621,2.355978012084961,2.1870787143707275,2.2371137142181396,2.3239595890045166
1996-05-01,2.6032674312591553,2.646544933319092,2.656933069229126,2.6116445064544678,2.6573867797851562,2.660426139831543
1996-05-02,3.3413140773773193,3.4085590839385986,3.442183017730713,3.3164150714874268,3.3759210109710693,3.381016492843628
1996-05-03,3.766843557357788,3.8970117568969727,3.9779903888702393,3.7207250595092773,3.8449184894561768,3.911565065383911
1996-05-04,3.6382639408111572,3.7224555015563965,3.761993169784546,3.793092727661133,3.8896560668945312,3.919931650161743
1996-05-05,5.681017875671387,5.70762300491333,5.645799160003662,5.704189777374268,5.750829219818115,5.684233665466309
1996-05-06,6.926472187042236,7.083350658416748,7.26315450668335,6.996143341064453,7.141815185546875,7.283539772033691
1996-05-07,4.030873775482178,4.000377655029297,3.995758295059204,4.082056522369385,4.047877311706543,4.025627613067627
1996-05-08,5.20123815536499,5.252048969268799,5.332509517669678,5.3153510093688965,5.366583824157715,5.430701732635498
1996-05-09,1.8640295267105103,1.947493076324463,1.987870216369629,1.9586330652236938,2.039961814880371,2.070777177810669
1996-05-10,4.613650798797607,4.651306629180908,4.734909534454346,4.695276737213135,4.712287902832031,4.752079010009766
1996-05-11,3.6348745822906494,3.6429033279418945,3.6693038940429688,3.819483757019043,3.8178868293762207,3.8208022117614746
1996-05-12,2.3937454223632812,2.4116923809051514,2.435467481613159,2.4085230827331543,2.4190328121185303,2.429664373397827
1996-05-13,1.689819097518921,1.6571720838546753,1.6202598810195923,1.829437255859375,1.8084882497787476,1.777132272720337
1996-05-14,1.7084369659423828,1.7092033624649048,1.7349823713302612,1.6842042207717896,1.6792504787445068,1.687710165977478
1996-05-15,1.8880810737609863,1.923027753829956,1.9330594539642334,1.8140453100204468,1.8529832363128662,1.8634155988693237
1996-05-16,3.4321231842041016,3.4230103492736816,3.428792953491211,3.452141523361206,3.424276828765869,3.3870325088500977
1996-05-17,2.20469331741333,2.204300880432129,2.190641164779663,2.328813076019287,2.3355507850646973,2.3213181495666504
1996-05-18,1.646440029144287,1.7115458250045776,1.833240270614624,1.6331275701522827,1.680918574333191,1.772513508796692
1996-05-19,3.4346959590911865,3.4650609493255615,3.4563801288604736,3.465817928314209,3.474013328552246,3.4244961738586426
1996-05-20,4.017998218536377,4.035239219665527,3.982913017272949,4.012601375579834,4.023388862609863,3.965733528137207
1996-05-21,2.4031784534454346,2.496333360671997,2.5909931659698486,2.3779189586639404,2.4606428146362305,2.5365819931030273
1996-05-22,2.2288880348205566,2.2894561290740967,2.3859381675720215,2.1442365646362305,2.194035768508911,2.277336835861206
1996-05-23,2.5246710777282715,2.593235969543457,2.7032887935638428,2.48710036277771,2.5458760261535645,2.6444458961486816
1996-05-24,3.564181089401245,3.5603349208831787,3.522010326385498,3.6420137882232666,3.641155958175659,3.6086838245391846
1996-05-25,3.99541974067688,3.991509437561035,3.9691383838653564,3.675591230392456,3.6578867435455322,3.6304471492767334
1996-05-26,4.705572128295898,4.715816497802734,4.734416484832764,4.740408420562744,4.746415138244629,4.745689392089844
1996-05-27,3.0032219886779785,3.1005570888519287,3.1550204753875732,3.059530258178711,3.141455888748169,3.18178391456604
1996-05-28,1.571345329284668,1.5508310794830322,1.559565544128418,1.3784846067428589,1.3587956428527832,1.3797978162765503
1996-05-29,3.761962890625,3.82731032371521,3.905474901199341,3.727466583251953,3.7670798301696777,3.801713228225708
1996-05-30,3.879615306854248,4.020804405212402,4.168684005737305,3.8490335941314697,3.9765820503234863,4.104824066162109
1996-05-31,4.906648635864258,5.074265480041504,5.230528831481934,4.912034034729004,5.067517280578613,5.205379962921143
1996-06-01,2.6060891151428223,2.637251853942871,2.7286667823791504,2.7387919425964355,2.7553396224975586,2.8116815090179443
1996-06-02,4.792340278625488,4.911619663238525,5.0486345291137695,4.805480480194092,4.907445430755615,5.0127339363098145
1996-06-03,3.859041929244995,3.9572649002075195,4.088492393493652,3.9617602825164795,4.041062355041504,4.137482166290283
1996-06-04,3.0236380100250244,3.064297914505005,3.0895631313323975,2.8816604614257812,2.9254257678985596,2.9551565647125244
1996-06-05,1.697862982749939,1.7416256666183472,1.7718234062194824,1.71138596534729,1.7538540363311768,1.7833601236343384
1996-06-06,1.505968689918518,1.5770987272262573,1.6423474550247192,1.5354315042495728,1.601016879081726,1.661288857460022
1996-06-07,1.2787803411483765,1.4051051139831543,1.5686678886413574,1.2400957345962524,1.3474972248077393,1.4910248517990112
1996-06-08,1.3126554489135742,1.2955458164215088,1.2578790187835693,1.4405802488327026,1.4021464586257935,1.3460657596588135
1996-06-09,2.4522600173950195,2.634272813796997,2.9079556465148926,2.4422402381896973,2.5988752841949463,2.8163487911224365
1996-06-10,4.353672981262207,4.524624347686768,4.675731182098389,4.386894702911377,4.548542499542236,4.678682327270508
1996-06-11,3.0259897708892822,3.1053264141082764,3.2759978771209717,3.2206785678863525,3.289422035217285,3.4262402057647705
1996-06-12,3.047287702560425,3.0942862033843994,3.105928421020508,3.03326153755188,3.056136131286621,3.040126085281372
1996-06-13,1.4632550477981567,1.623576283454895,1.8072162866592407,1.5755876302719116,1.7298719882965088,1.8899965286254883
1996-06-14,0.8473880290985107,0.8532649874687195,0.8993086218833923,0.824342668056488,0.8375173807144165,0.8906863331794739
1996-06-15,0.9950949549674988,0.986502468585968,0.9850828647613525,1.050339698791504,1.0266193151474,1.00369131565094
1996-06-16,1.671157956123352,1.5730743408203125,1.5009177923202515,1.9110307693481445,1.8120819330215454,1.6963802576065063
1996-06-17,3.682645320892334,3.6899242401123047,3.6555354595184326,3.606600284576416,3.624546766281128,3.6139276027679443
1996-06-18,2.850231170654297,2.8861043453216553,2.8819360733032227,2.795713424682617,2.8375091552734375,2.85152530670166
1996-06-19,2.6864542961120605,2.74528169631958,2.8555026054382324,2.8007335662841797,2.8434441089630127,2.928246259689331
1996-06-20,2.049431800842285,2.081780433654785,2.181270122528076,2.107942581176758,2.1229777336120605,2.1964070796966553
1996-06-21,1.7165987491607666,1.7008166313171387,1.711703896522522,1.9218393564224243,1.9125014543533325,1.9267703294754028
1996-06-22,2.4492928981781006,2.365278720855713,2.2929904460906982,2.5820398330688477,2.489631175994873,2.3895771503448486
1996-06-23,3.8981385231018066,3.8793301582336426,3.8604984283447266,4.015569686889648,4.00787353515625,4.000612735748291
1996-06-24,4.600243091583252,4.712068557739258,4.8371992111206055,4.496871471405029,4.601930141448975,4.711611270904541
1996-06-25,2.087682008743286,2.1717867851257324,2.2655210494995117,1.9963998794555664,2.0541975498199463,2.1225645542144775
1996-06-26,3.7195498943328857,3.774613380432129,3.86492919921875,3.8283984661102295,3.878918409347534,3.950690984725952
1996-06-27,4.359739780426025,4.440709114074707,4.54784631729126,4.416673183441162,4.486392974853516,4.571782112121582
1996-06-28,4.302358150482178,4.457129001617432,4.600392818450928,4.1561431884765625,4.298624515533447,4.438388824462891
1996-06-29,3.023314952850342,3.099370241165161,3.1731085777282715,3.082688808441162,3.16153883934021,3.2348506450653076
1996-06-30,1.8659499883651733,1.873349666595459,1.8765279054641724,1.8246735334396362,1.8383115530014038,1.8464229106903076
1996-07-01,2.357966661453247,2.441936492919922,2.5064761638641357,2.2849268913269043,2.3761351108551025,2.452453851699829
1996-07-02,1.9713447093963623,2.0674359798431396,2.164954662322998,1.9556796550750732,2.0444583892822266,2.138493299484253
1996-07-03,2.4023118019104004,2.4304699897766113,2.448047161102295,2.456803321838379,2.4827420711517334,2.5074656009674072
1996-07-04,2.480638027191162,2.5243968963623047,2.660601854324341,2.577638864517212,2.6005070209503174,2.6887454986572266
1996-07-05,3.905186414718628,4.027065277099609,4.165046215057373,3.8877298831939697,3.9900550842285156,4.106174945831299
1996-07-06,3.3850767612457275,3.4864895343780518,3.6270837783813477,3.393237590789795,3.488682985305786,3.60681414604187
1996-07-07,4.107146263122559,4.088815212249756,4.073577404022217,4.132961273193359,4.1130690574646,4.0712103843688965
1996-07-08,2.0557398796081543,2.132798671722412,2.2373275756835938,2.097806692123413,2.155147075653076,2.2292206287384033
1996-07-09,3.325246810913086,3.373059034347534,3.444319725036621,3.3790948390960693,3.430817127227783,3.488269567489624
1996-07-10,2.7548704147338867,2.932542562484741,3.166100263595581,2.64801025390625,2.789391040802002,2.9883439540863037
1996-07-11,1.8857611417770386,1.9848864078521729,2.110659599304199,1.7985066175460815,1.8827873468399048,1.9840971231460571
1996-07-12,2.463548183441162,2.5294013023376465,2.623483180999756,2.4839367866516113,2.534006118774414,2.599644422531128
1996-07-13,2.5537261962890625,2.6792969703674316,2.8304336071014404,2.5518951416015625,2.665423631668091,2.7968783378601074
1996-07-14,2.114328145980835,2.049694299697876,1.9535911083221436,2.2144060134887695,2.154550075531006,2.0566205978393555
1996-07-15,1.9605600833892822,2.0367112159729004,2.101979970932007,1.989067792892456,2.050706624984741,2.102241039276123
1996-07-16,3.8328795433044434,3.8716516494750977,3.9416518211364746,3.7745978832244873,3.787147045135498,3.816307783126831
1996-07-17,3.888606548309326,3.965322971343994,4.072535514831543,3.802450656890869,3.8660407066345215,3.9612503051757812
1996-07-18,3.164579391479492,3.2486085891723633,3.343456745147705,3.171386241912842,3.2437307834625244,3.320368528366089
1996-07-19,2.9104738235473633,2.8948333263397217,2.871847152709961,2.999098300933838,2.973832368850708,2.9357292652130127
1996-07-20,2.1905221939086914,2.2000415325164795,2.1896870136260986,2.372664213180542,2.3882386684417725,2.367056369781494
1996-07-21,1.833780288696289,1.9453908205032349,2.046384334564209,1.6891348361968994,1.7896095514297485,1.8804572820663452
1996-07-22,2.8945116996765137,2.9337339401245117,2.9870378971099854,3.0081002712249756,3.0425453186035156,3.0911240577697754
1996-07-23,2.5848276615142822,2.633570432662964,2.7448956966400146,2.6198737621307373,2.6575019359588623,2.7362921237945557
1996-07-24,3.165943145751953,3.1938860416412354,3.241037368774414,3.2920539379119873,3.3158209323883057,3.3429887294769287
1996-07-25,3.175297498703003,3.2745537757873535,3.3584742546081543,3.188060998916626,3.289419412612915,3.363778591156006
1996-07-26,2.736332654953003,2.710419178009033,2.7200779914855957,2.7553625106811523,2.70678448677063,2.679870128631592
1996-07-27,4.252534866333008,4.272536754608154,4.313637733459473,4.3268513679504395,4.3394246101379395,4.372009754180908
1996-07-28,4.810312271118164,4.963308334350586,5.141392230987549,4.94476842880249,5.082256317138672,5.219374179840088
1996-07-29,1.4579225778579712,1.533571481704712,1.6450262069702148,1.5284066200256348,1.5905550718307495,1.6812200546264648
1996-07-30,2.4430012702941895,2.4597816467285156,2.4881198406219482,2.4294562339782715,2.4373703002929688,2.4496066570281982
1996-07-31,2.233872652053833,2.2034833431243896,2.208205461502075,2.345165729522705,2.3165931701660156,2.313516616821289
1996-08-01,3.070587396621704,3.1887240409851074,3.311018228530884,3.1273863315582275,3.2251791954040527,3.329028844833374
1996-08-02,2.3195648193359375,2.2973248958587646,2.238337755203247,2.3738389015197754,2.368349075317383,2.3321096897125244
1996-08-03,2.0870587825775146,2.1563308238983154,2.251591682434082,2.0198140144348145,2.0816140174865723,2.162801742553711
1996-08-04,2.231253147125244,2.23704195022583,2.225667953491211,2.2369260787963867,2.2318925857543945,2.205225944519043
1996-08-05,2.3313825130462646,2.461876153945923,2.6038358211517334,2.531031847000122,2.659268617630005,2.7886855602264404
1996-08-06,2.601505994796753,2.739879846572876,2.912459373474121,2.679335117340088,2.802199363708496,2.9554035663604736
1996-08-07,2.2527308464050293,2.3674161434173584,2.5124688148498535,2.338942050933838,2.4390065670013428,2.5658721923828125
1996-08-08,2.09660267829895,2.1196374893188477,2.1927971839904785,2.285740375518799,2.3160367012023926,2.3817453384399414
1996-08-09,3.5063507556915283,3.682131052017212,3.88421893119812,3.2423923015594482,3.3731882572174072,3.5142929553985596
1996-08-10,1.9345133304595947,2.0462517738342285,2.175081729888916,1.9100745916366577,2.00770902633667,2.1045074462890625
1996-08-11,3.263162136077881,3.4009735584259033,3.5625367164611816,3.4415488243103027,3.5575995445251465,3.6915385723114014
1996-08-12,3.951268196105957,3.8988547325134277,3.8987643718719482,4.049933433532715,3.959109306335449,3.896251916885376
1996-08-13,2.806204080581665,2.794135808944702,2.8396213054656982,2.9971282482147217,2.980288028717041,3.00819993019104
1996-08-14,2.8742575645446777,2.888833999633789,2.9215784072875977,3.0094704627990723,3.0239756107330322,3.048405647277832
1996-08-15,3.260371685028076,3.2939813137054443,3.317429304122925,3.242609977722168,3.2652227878570557,3.2848336696624756
1996-08-16,1.5181028842926025,1.6063649654388428,1.748469352722168,1.4474438428878784,1.5125778913497925,1.6178882122039795
1996-08-17,3.734318971633911,3.8261773586273193,3.9729485511779785,3.5912256240844727,3.6559886932373047,3.760890007019043
1996-08-18,2.17411732673645,2.198599100112915,2.2126848697662354,2.2219369411468506,2.2471537590026855,2.2648403644561768
1996-08-19,1.4008787870407104,1.4663587808609009,1.6084667444229126,1.4705588817596436,1.5164726972579956,1.6149024963378906
1996-08-20,2.93131160736084,2.9693398475646973,3.06718373298645,3.0556957721710205,3.0881786346435547,3.1738016605377197
1996-08-21,4.636381149291992,4.779369354248047,4.950212478637695,4.523141384124756,4.658724784851074,4.810565948486328
1996-08-22,2.972268581390381,3.0515356063842773,3.2481131553649902,3.0437002182006836,3.0925400257110596,3.2137553691864014
1996-08-23,1.9307475090026855,2.0316202640533447,2.2056894302368164,1.9159027338027954,1.9950339794158936,2.1406073570251465
1996-08-24,1.1198065280914307,1.1443448066711426,1.1924021244049072,1.1174894571304321,1.128851294517517,1.152213215827942
1996-08-25,1.7856013774871826,1.9077062606811523,2.0989859104156494,1.6771187782287598,1.7624253034591675,1.8955707550048828
1996-08-26,1.4982014894485474,1.4779261350631714,1.5000755786895752,1.7763144969940186,1.7446558475494385,1.7380094528198242
1996-08-27,2.773258924484253,2.7778244018554688,2.79972505569458,2.8142013549804688,2.822364330291748,2.8396217823028564
1996-08-28,2.6508595943450928,2.720966100692749,2.837824583053589,2.5738792419433594,2.6275737285614014,2.722153425216675
1996-08-29,2.1147143840789795,2.11281418800354,2.092135429382324,2.106487512588501,2.1197478771209717,2.106739044189453
1996-08-30,3.1276743412017822,3.15618634223938,3.251250982284546,3.2932562828063965,3.3256070613861084,3.4005911350250244
1996-08-31,4.301610469818115,4.308603286743164,4.311000347137451,4.4315009117126465,4.439671993255615,4.4209771156311035
1996-09-01,3.052157163619995,3.1024298667907715,3.1410977840423584,3.12631893157959,3.1723875999450684,3.19180965423584
1996-09-02,3.0482654571533203,3.1616201400756836,3.313344955444336,3.1624155044555664,3.252159833908081,3.3612146377563477
1996-09-03,2.8899898529052734,2.9026148319244385,2.8978028297424316,2.901817798614502,2.9074416160583496,2.8941383361816406
1996-09-04,3.4789626598358154,3.730081796646118,3.9995644092559814,3.4458043575286865,3.6800897121429443,3.9147567749023438
1996-09-05,2.3924739360809326,2.4083311557769775,2.513162851333618,2.46549129486084,2.457988739013672,2.501621961593628
1996-09-06,2.867450475692749,2.8812415599823,2.893889904022217,2.783311605453491,2.8048319816589355,2.8366317749023438
1996-09-07,2.6919984817504883,2.76051664352417,2.8997066020965576,2.608577251434326,2.6497445106506348,2.7604682445526123
1996-09-08,3.447755813598633,3.6731960773468018,4.016158103942871,3.776270627975464,3.9836955070495605,4.27168083190918
1996-09-09,3.050607681274414,3.1436784267425537,3.3917739391326904,2.987164258956909,3.055868148803711,3.268218517303467
1996-09-10,3.1164615154266357,3.1247830390930176,3.145735025405884,3.101961374282837,3.1099586486816406,3.118178129196167
1996-09-11,2.162764310836792,2.1880815029144287,2.235415458679199,2.142146110534668,2.1742851734161377,2.22410249710083
1996-09-12,1.847737431526184,1.8120216131210327,1.7846486568450928,1.872894525527954,1.8413970470428467,1.804608702659607
1996-09-13,3.0303683280944824,3.1261956691741943,3.1027867794036865,2.750760078430176,2.832707166671753,2.8240349292755127
1996-09-14,2.3247594833374023,2.3838231563568115,2.4373860359191895,2.257117748260498,2.2998862266540527,2.335583209991455
1996-09-15,2.6286566257476807,2.732177495956421,2.897522211074829,2.540597438812256,2.6295974254608154,2.754063367843628
1996-09-16,3.111159324645996,3.3134639263153076,3.5021328926086426,3.0382938385009766,3.203563690185547,3.3517112731933594
1996-09-17,2.705324649810791,2.745894193649292,2.814540386199951,2.719409227371216,2.7425599098205566,2.785384178161621
1996-09-18,3.6005616188049316,3.7622644901275635,3.9329941272735596,3.6339800357818604,3.7726871967315674,3.9130964279174805
1996-09-19,1.5677891969680786,1.6737439632415771,1.7757256031036377,1.54572594165802,1.646043300628662,1.747543454170227
1996-09-20,3.780838966369629,3.781442880630493,3.892193078994751,3.8433146476745605,3.828437089920044,3.882673501968384
1996-09-21,3.883147954940796,3.904142141342163,3.961681365966797,4.216291904449463,4.245275020599365,4.262199878692627
1996-09-22,2.234442710876465,2.267343759536743,2.266127109527588,2.1764564514160156,2.2139546871185303,2.2218008041381836
1996-09-23,2.3908376693725586,2.4906654357910156,2.5756428241729736,2.2240653038024902,2.3158576488494873,2.3959476947784424
1996-09-24,2.334217071533203,2.4266207218170166,2.514798879623413,2.164228916168213,2.2424466609954834,2.322506904602051
1996-09-25,1.366970419883728,1.3853013515472412,1.415156364440918,1.3157286643981934,1.324552297592163,1.3539657592773438
1996-09-26,1.6367405652999878,1.6702226400375366,1.7253224849700928,1.6479421854019165,1.675524353981018,1.7054221630096436
1996-09-27,2.956409454345703,2.9970598220825195,3.001723289489746,2.7994003295898438,2.8404700756073,2.844398260116577
1996-09-28,2.4699504375457764,2.5251972675323486,2.545924186706543,2.3246092796325684,2.3740227222442627,2.392432451248169
1996-09-29,1.8027899265289307,1.8196754455566406,1.835996389389038,1.7307536602020264,1.7526007890701294,1.7740060091018677
1996-09-30,2.8703558444976807,2.8908298015594482,2.913630962371826,2.9879252910614014,2.9829795360565186,2.9544506072998047
1996-10-01,2.8034586906433105,2.780996561050415,2.9203848838806152,2.828310966491699,2.7837555408477783,2.863163471221924
1996-10-02,4.4699835777282715,4.5993266105651855,4.807497024536133,4.508908748626709,4.598752021789551,4.725700378417969
1996-10-03,3.0015573501586914,2.96905517578125,2.9381613731384277,3.1303489208221436,3.07943058013916,3.013873338699341
1996-10-04,2.413065195083618,2.551269769668579,2.7165822982788086,2.3437893390655518,2.461427927017212,2.6020374298095703
1996-10-05,1.9689503908157349,2.0635862350463867,2.179189682006836,1.9773067235946655,2.0460259914398193,2.13016939163208
1996-10-06,4.9330735206604,5.019189357757568,5.11894416809082,4.996598243713379,5.068506717681885,5.144851207733154
1996-10-07,4.38623571395874,4.587413787841797,4.808712959289551,4.2788496017456055,4.455384254455566,4.641788959503174
1996-10-08,3.3820269107818604,3.39556884765625,3.4430532455444336,3.67696213722229,3.6957590579986572,3.7395594120025635
1996-10-09,4.161047458648682,4.231788158416748,4.319299697875977,4.304359436035156,4.361093997955322,4.425746440887451
1996-10-10,5.130019187927246,5.168003082275391,5.2333149909973145,5.333328723907471,5.362135887145996,5.3976311683654785
1996-10-11,6.714756965637207,6.952558517456055,7.2940897941589355,6.715085506439209,6.915411472320557,7.1803998947143555
1996-10-12,3.585756301879883,3.7406840324401855,3.961717128753662,3.43361234664917,3.566715717315674,3.7580366134643555
1996-10-13,2.875077486038208,3.033498525619507,3.19631028175354,2.6531529426574707,2.797628402709961,2.9399843215942383
1996-10-14,1.7078148126602173,1.6821662187576294,1.865828275680542,1.8811103105545044,1.8167808055877686,1.9218310117721558
1996-10-15,5.783570766448975,5.9578857421875,6.278535842895508,5.450193881988525,5.595426559448242,5.860493183135986
1996-10-16,2.652663469314575,2.9398622512817383,3.3362107276916504,2.377018451690674,2.6358659267425537,2.988765239715576
1996-10-17,2.8658649921417236,2.9134950637817383,3.0075275897979736,3.0011909008026123,3.0325777530670166,3.0816874504089355
1996-10-18,2.619821786880493,2.6314637660980225,2.6294445991516113,2.6811583042144775,2.684448719024658,2.674558401107788
1996-10-19,3.32696533203125,3.4368324279785156,3.6130857467651367,3.206388473510742,3.2750985622406006,3.3987250328063965
1996-10-20,2.7395708560943604,2.938263177871704,3.228931188583374,2.73384165763855,2.89831805229187,3.1373448371887207
1996-10-21,4.348790168762207,4.391313552856445,4.4790940284729,4.3731818199157715,4.394599437713623,4.445258140563965
1996-10-22,3.548307418823242,3.6741816997528076,3.8073978424072266,3.485261917114258,3.592278242111206,3.6910452842712402
1996-10-23,1.9763942956924438,2.1316874027252197,2.3386223316192627,2.29167103767395,2.4283649921417236,2.5843303203582764
1996-10-24,1.6157697439193726,1.6324546337127686,1.713382601737976,1.504366159439087,1.51957368850708,1.5761666297912598
1996-10-25,4.993734359741211,5.28284215927124,5.665916919708252,4.86880350112915,5.111480236053467,5.4476213455200195
1996-10-26,6.042593479156494,6.325178146362305,6.643523216247559,5.955350875854492,6.21372127532959,6.482471466064453
1996-10-27,4.076133728027344,4.279500484466553,4.705838680267334,4.175972938537598,4.359442234039307,4.745475769042969
1996-10-28,4.6909637451171875,4.829052925109863,5.008745193481445,4.692089557647705,4.798691749572754,4.913116931915283
1996-10-29,2.308396816253662,2.3392553329467773,2.4501843452453613,2.4430019855499268,2.452233076095581,2.513362169265747
1996-10-30,3.318711757659912,3.4755642414093018,3.6872482299804688,3.197101593017578,3.3223350048065186,3.486804485321045
1996-10-31,6.758033752441406,6.978260517120361,7.216282844543457,6.603542804718018,6.819522380828857,7.021158695220947
1996-11-01,9.483205795288086,9.94481372833252,10.471423149108887,9.315704345703125,9.742842674255371,10.1262788772583
1996-11-02,2.386080026626587,2.572453260421753,2.906109094619751,2.2941040992736816,2.4487547874450684,2.73067045211792
1996-11-03,2.916285514831543,2.9911279678344727,3.141925573348999,2.8951103687286377,2.9513919353485107,3.0822930335998535
1996-11-04,3.350790500640869,3.5536134243011475,3.7916393280029297,3.278310775756836,3.4685001373291016,3.6848883628845215
1996-11-05,2.9091014862060547,2.8722970485687256,2.9146945476531982,3.0888516902923584,3.0277528762817383,3.0030417442321777
1996-11-06,4.60417366027832,4.731958866119385,4.925134181976318,4.710383892059326,4.798309803009033,4.936959743499756
1996-11-07,2.355464458465576,2.462799310684204,2.634568214416504,2.3990139961242676,2.4765968322753906,2.60384202003479
1996-11-08,2.7436327934265137,2.6892120838165283,2.638810396194458,2.7991273403167725,2.7350971698760986,2.6597232818603516
1996-11-09,2.3994479179382324,2.49896502494812,2.6755387783050537,2.384392261505127,2.488737106323242,2.6602623462677
1996-11-10,0.989738941192627,1.0555713176727295,1.2400665283203125,1.0274838209152222,1.0651205778121948,1.1880006790161133
1996-11-11,2.0083279609680176,2.037832260131836,2.134061574935913,2.1353487968444824,2.137805938720703,2.188340663909912
1996-11-12,3.6314475536346436,3.823085069656372,4.041254997253418,3.6084306240081787,3.76120662689209,3.946229934692383
1996-11-13,6.0364227294921875,6.354712963104248,6.820850372314453,5.803492546081543,6.07670259475708,6.478365898132324
1996-11-14,3.096611261367798,3.289245128631592,3.5871026515960693,3.074885845184326,3.231386184692383,3.4527082443237305
1996-11-15,4.366793632507324,4.560779571533203,4.84391975402832,4.562979698181152,4.673436164855957,4.821971416473389
1996-11-16,4.404450416564941,4.676095962524414,5.028752326965332,4.721430778503418,4.932034969329834,5.179358959197998
1996-11-17,5.962090492248535,5.981473922729492,6.0434184074401855,6.2780561447143555,6.2462921142578125,6.1915178298950195
1996-11-18,7.831323146820068,8.160871505737305,8.648690223693848,7.956385135650635,8.268641471862793,8.696442604064941
1996-11-19,8.925128936767578,9.290724754333496,9.770849227905273,8.549467086791992,8.895777702331543,9.337605476379395
1996-11-20,6.681706428527832,7.0120344161987305,7.3922505378723145,6.2883195877075195,6.607817649841309,6.986457347869873
1996-11-21,2.4601521492004395,2.4734110832214355,2.5146634578704834,2.3819642066955566,2.3740546703338623,2.419318437576294
1996-11-22,3.874589204788208,3.73203706741333,3.6594619750976562,3.5143966674804688,3.3291642665863037,3.211148977279663
1996-11-23,7.799822807312012,7.830433368682861,7.958198547363281,7.694468975067139,7.670666217803955,7.713242530822754
1996-11-24,8.07338809967041,8.262089729309082,8.53411865234375,8.124035835266113,8.260334968566895,8.453043937683105
1996-11-25,6.026000499725342,6.264097213745117,6.541670799255371,6.090417861938477,6.292529106140137,6.527459144592285
1996-11-26,2.513838291168213,2.7222723960876465,2.988863229751587,2.387539863586426,2.5437779426574707,2.746309518814087
1996-11-27,2.9441065788269043,2.760878562927246,2.664548873901367,3.3109476566314697,3.117737293243408,2.9654455184936523
1996-11-28,4.168946743011475,4.175659656524658,4.196969509124756,4.219689846038818,4.225564479827881,4.2442498207092285
1996-11-29,2.4894063472747803,2.5140626430511475,2.5333480834960938,2.5042808055877686,2.513401508331299,2.523956537246704
1996-11-30,3.047907590866089,3.188004970550537,3.4092776775360107,2.9564008712768555,3.068877696990967,3.2473514080047607
1996-12-01,2.8005428314208984,2.691774845123291,2.674360990524292,3.1003735065460205,2.9874427318573,2.9299275875091553
1996-12-02,4.457566261291504,4.471661567687988,4.559473037719727,4.758189678192139,4.781433582305908,4.84920597076416
1996-12-03,2.3039777278900146,2.4344491958618164,2.6593916416168213,2.377078056335449,2.50201153755188,2.7021000385284424
1996-12-04,5.155256271362305,5.168412208557129,5.252556324005127,5.144277095794678,5.144335746765137,5.185634613037109
1996-12-05,3.9551775455474854,4.214279651641846,4.6282148361206055,3.922407865524292,4.154146671295166,4.507378578186035
1996-12-06,3.7804510593414307,3.8386752605438232,3.935333013534546,3.8244082927703857,3.8660738468170166,3.9522461891174316
1996-12-07,4.429041862487793,4.442760467529297,4.627186298370361,4.733404159545898,4.702114105224609,4.793553352355957
1996-12-08,3.4877240657806396,3.5023093223571777,3.6679022312164307,3.5070815086364746,3.5140318870544434,3.6988015174865723
1996-12-09,3.713125467300415,3.6769485473632812,3.6882424354553223,3.6090645790100098,3.561345100402832,3.5614216327667236
1996-12-10,3.113551139831543,3.0293097496032715,3.138185501098633,3.5109565258026123,3.4149575233459473,3.45558762550354
1996-12-11,6.455048084259033,6.548003673553467,6.71046781539917,6.415710926055908,6.491611480712891,6.638753890991211
1996-12-12,7.963369369506836,8.16798210144043,8.421363830566406,7.926551818847656,8.084799766540527,8.307379722595215
1996-12-13,5.346543312072754,5.60915994644165,5.916516304016113,5.375839710235596,5.593039035797119,5.887526035308838
1996-12-14,2.8241639137268066,2.999370813369751,3.3010287284851074,2.9591548442840576,3.0879530906677246,3.337758779525757
1996-12-15,3.882370710372925,4.100863933563232,4.4727606773376465,4.266914367675781,4.461474895477295,4.735203742980957
1996-12-16,1.9118893146514893,2.205559015274048,2.642620086669922,1.8473544120788574,2.082676887512207,2.4151411056518555
1996-12-17,3.961608648300171,4.131168842315674,4.4745402336120605,3.828327178955078,3.949907064437866,4.215162754058838
1996-12-18,2.644012451171875,2.8787801265716553,3.1446361541748047,2.5181119441986084,2.7243504524230957,2.964193105697632
1996-12-19,4.229269027709961,4.186814785003662,4.195741653442383,4.443758964538574,4.392917633056641,4.371437072753906
1996-12-20,2.5092811584472656,2.4218368530273438,2.336146831512451,2.7875864505767822,2.7109949588775635,2.646979331970215
1996-12-21,7.147050857543945,7.340874671936035,7.601064205169678,7.084728717803955,7.251661777496338,7.468844413757324
1996-12-22,2.426941156387329,2.4437649250030518,2.5980641841888428,2.432806968688965,2.412869453430176,2.50018048286438
1996-12-23,5.637728691101074,5.620291709899902,5.711254596710205,5.8156819343566895,5.806578636169434,5.895529270172119
1996-12-24,2.227276086807251,2.2676239013671875,2.341449499130249,2.219454526901245,2.2602241039276123,2.3228535652160645
1996-12-25,2.1053903102874756,2.1406733989715576,2.2678682804107666,2.125610828399658,2.1518545150756836,2.2511889934539795
1996-12-26,3.1484615802764893,3.4098260402679443,3.804629325866699,3.0301480293273926,3.2653961181640625,3.6152076721191406
1996-12-27,1.6282482147216797,1.6060985326766968,1.623204231262207,1.587796926498413,1.5590147972106934,1.561166763305664
1996-12-28,2.3853893280029297,2.4826765060424805,2.6809346675872803,2.453312635421753,2.5655953884124756,2.779296636581421
1996-12-29,3.1916754245758057,3.2510569095611572,3.4563214778900146,3.600271701812744,3.6478662490844727,3.8201308250427246
1996-12-30,4.935956001281738,5.129690170288086,5.3622894287109375,5.095910549163818,5.254753112792969,5.463399887084961
1996-12-31,6.332289218902588,6.5408735275268555,6.753612995147705,6.338508605957031,6.516282558441162,6.72204065322876
1997-01-01,7.769114971160889,8.009692192077637,8.349868774414062,7.578733921051025,7.774160861968994,8.072589874267578
1997-01-02,9.190041542053223,9.320473670959473,9.485471725463867,9.152371406555176,9.235179901123047,9.350322723388672
1997-01-03,7.184884071350098,7.506224155426025,7.947537899017334,7.337658405303955,7.646214008331299,8.000383377075195
1997-01-04,3.610828161239624,4.010801315307617,4.505354881286621,3.320255756378174,3.6813902854919434,4.127547740936279
1997-01-05,1.970181941986084,1.978952407836914,2.3113410472869873,1.9539501667022705,1.892031192779541,2.1304190158843994
1997-01-06,3.6317315101623535,3.6524386405944824,3.6514384746551514,3.896123170852661,3.9300482273101807,3.915273427963257
1997-01-07,3.301499366760254,3.3988752365112305,3.519408702850342,3.2390575408935547,3.3215441703796387,3.4303700923919678
1997-01-08,4.500223636627197,4.462542533874512,4.484504222869873,4.434085369110107,4.34130334854126,4.291172981262207
1997-01-09,6.7101969718933105,6.879506587982178,7.053956985473633,6.88493013381958,7.042705059051514,7.204550743103027
1997-01-10,6.804262161254883,7.08174467086792,7.494253158569336,6.728513717651367,6.989186763763428,7.345578193664551
1997-01-11,5.275341510772705,5.341450214385986,5.462626934051514,4.780116558074951,4.8255157470703125,4.927196025848389
1997-01-12,2.1541261672973633,2.244391441345215,2.4958412647247314,2.213909864425659,2.2556817531585693,2.4267759323120117
1997-01-13,4.281474590301514,4.357395648956299,4.503309726715088,4.255373477935791,4.302002906799316,4.411861896514893
1997-01-14,5.846896648406982,6.089640140533447,6.433767318725586,5.819884777069092,6.036252021789551,6.3161749839782715
1997-01-15,2.1752381324768066,2.4711670875549316,2.9554715156555176,2.258348226547241,2.5157604217529297,2.91902232170105
1997-01-16,3.638047933578491,3.7113873958587646,3.791867971420288,3.8274664878845215,3.85868501663208,3.8743491172790527
1997-01-17,4.448151588439941,4.86977481842041,5.393241882324219,4.159095287322998,4.540508270263672,5.003196716308594
1997-01-18,1.9550923109054565,1.8478078842163086,2.033857822418213,1.9444314241409302,1.833557367324829,1.9714983701705933
1997-01-19,1.2352325916290283,1.3055517673492432,1.5413908958435059,1.3186885118484497,1.3686909675598145,1.5382825136184692
1997-01-20,3.410395860671997,3.4185006618499756,3.5497796535491943,3.1787993907928467,3.1538074016571045,3.2541284561157227
1997-01-21,4.249453067779541,4.233153820037842,4.172333717346191,4.022340297698975,3.9737343788146973,3.883064031600952
1997-01-22,4.671539783477783,4.747943878173828,4.853280067443848,4.660704135894775,4.6773552894592285,4.710666179656982
1997-01-23,7.860965728759766,7.941715240478516,8.105398178100586,7.8277177810668945,7.8805437088012695,7.978522300720215
1997-01-24,6.98099946975708,7.249565601348877,7.625810623168945,6.760331153869629,7.002439022064209,7.318641662597656
1997-01-25,3.6721224784851074,3.7926082611083984,4.02149772644043,3.8717119693756104,3.954493284225464,4.110612869262695
1997-01-26,1.7298599481582642,1.7538011074066162,1.8722131252288818,1.6694825887680054,1.687516212463379,1.793665885925293
1997-01-27,8.316954612731934,8.410711288452148,8.597399711608887,8.391633033752441,8.457906723022461,8.581599235534668
1997-01-28,3.828768253326416,3.8842315673828125,4.044136047363281,3.7868711948394775,3.8306665420532227,3.977642774581909
1997-01-29,8.227014541625977,8.306715965270996,8.474893569946289,8.314794540405273,8.368850708007812,8.49150276184082
1997-01-30,5.734045028686523,5.885121822357178,6.172332286834717,5.712390422821045,5.830308437347412,6.06830358505249
1997-01-31,4.246248245239258,4.21862268447876,4.2704973220825195,4.451206207275391,4.428819179534912,4.473365306854248
1997-02-01,6.439749717712402,6.488245964050293,6.662533283233643,6.680221080780029,6.698611259460449,6.813230037689209
1997-02-02,8.61441421508789,8.726395606994629,8.959473609924316,8.97168254852295,9.056487083435059,9.227546691894531
1997-02-03,5.301253318786621,5.392615795135498,5.542562961578369,5.4284987449646,5.491384983062744,5.572839260101318
1997-02-04,5.068742752075195,5.029850006103516,5.01431131362915,5.209318161010742,5.156929016113281,5.11769437789917
1997-02-05,7.444953441619873,7.506092071533203,7.649858474731445,7.6351847648620605,7.674055576324463,7.77247953414917
1997-02-06,6.060205459594727,6.203628063201904,6.416619777679443,6.149289608001709,6.268537521362305,6.451450347900391
1997-02-07,1.610292673110962,1.7089935541152954,1.8798600435256958,1.6399952173233032,1.7038278579711914,1.8269047737121582
1997-02-08,1.9691280126571655,1.9989532232284546,2.1414785385131836,1.9751464128494263,1.9723843336105347,2.056013822555542
1997-02-09,3.527076005935669,3.5192909240722656,3.6267242431640625,3.685122013092041,3.657212257385254,3.7146379947662354
1997-02-10,6.487534999847412,6.399599552154541,6.432479381561279,6.433329105377197,6.323300361633301,6.3133087158203125
1997-02-11,10.844759941101074,11.018380165100098,11.251046180725098,10.951849937438965,11.102399826049805,11.260232925415039
1997-02-12,3.883686065673828,4.011781215667725,4.19570255279541,4.1468119621276855,4.273035049438477,4.396899223327637
1997-02-13,1.541917085647583,1.6564860343933105,1.8209832906723022,1.5184935331344604,1.6063106060028076,1.7254596948623657
1997-02-14,3.2701292037963867,3.311593770980835,3.4519505500793457,3.455989360809326,3.5083673000335693,3.6203696727752686
1997-02-15,4.148441314697266,4.132974624633789,4.176159858703613,4.300328731536865,4.280343532562256,4.297069072723389
1997-02-16,10.169002532958984,10.378180503845215,10.66273021697998,10.0487699508667,10.242748260498047,10.468449592590332
1997-02-17,10.422061920166016,10.71778392791748,11.104727745056152,10.41690444946289,10.712321281433105,11.019843101501465
1997-02-18,8.566143989562988,8.815195083618164,9.141349792480469,8.561785697937012,8.75607967376709,9.013815879821777
1997-02-19,6.198088645935059,6.394104480743408,6.69320011138916,6.195889949798584,6.357525825500488,6.590154647827148
1997-02-20,5.2743000984191895,5.549241542816162,5.886109828948975,5.224213600158691,5.481863498687744,5.77711296081543
1997-02-21,2.4776618480682373,2.514742136001587,2.6502163410186768,2.3798563480377197,2.4025580883026123,2.5134687423706055
1997-02-22,6.6347503662109375,6.676488876342773,6.8468337059021,6.745790004730225,6.770485877990723,6.881606578826904
1997-02-23,7.190557479858398,7.276415824890137,7.450346946716309,7.143475532531738,7.195879936218262,7.317211151123047
1997-02-24,6.019403457641602,6.1943488121032715,6.316410541534424,5.777397632598877,5.917746543884277,5.994430065155029
1997-02-25,6.190732479095459,6.510251522064209,6.8146653175354,5.924686908721924,6.179409027099609,6.4245924949646
1997-02-26,2.613175630569458,2.7275047302246094,2.8794031143188477,2.684718132019043,2.773472785949707,2.8923683166503906
1997-02-27,4.781028747558594,4.798107624053955,4.865532875061035,4.360256671905518,4.350708484649658,4.387775897979736
1997-02-28,7.300935745239258,7.379931926727295,7.559264659881592,7.207186698913574,7.264776706695557,7.424691677093506
1997-03-01,6.332305908203125,6.406905651092529,6.437989711761475,6.290280818939209,6.357436656951904,6.383049011230469
1997-03-02,3.6030805110931396,3.8484079837799072,4.175443649291992,3.6010260581970215,3.834167718887329,4.13967227935791
1997-03-03,1.1846765279769897,1.216567039489746,1.2719746828079224,1.1001683473587036,1.11962890625,1.1813381910324097
1997-03-04,1.8295977115631104,1.8937435150146484,1.9807606935501099,1.9844262599945068,2.029507875442505,2.0949695110321045
1997-03-05,3.3982415199279785,3.336749792098999,3.2723374366760254,3.6964550018310547,3.641631841659546,3.552948474884033
1997-03-06,2.671700954437256,2.67425799369812,2.694800615310669,2.738715648651123,2.7499191761016846,2.7682695388793945
1997-03-07,1.6076712608337402,1.6937141418457031,1.8164178133010864,1.5262988805770874,1.5853784084320068,1.6871368885040283
1997-03-08,1.8081023693084717,1.8408362865447998,1.9085012674331665,1.7769664525985718,1.799187421798706,1.8521329164505005
1997-03-09,2.439178705215454,2.5547749996185303,2.6903610229492188,2.1817023754119873,2.2638497352600098,2.3801989555358887
1997-03-10,3.891878128051758,4.193025588989258,4.654481410980225,3.7853188514709473,4.040548801422119,4.416330814361572
1997-03-11,1.6263633966445923,1.6149356365203857,1.6943455934524536,1.6865308284759521,1.6802763938903809,1.7464054822921753
1997-03-12,6.2841267585754395,6.292984962463379,6.354071140289307,5.863150596618652,5.8433122634887695,5.875918388366699
1997-03-13,5.9247212409973145,6.099910736083984,6.298820972442627,5.926932334899902,6.086769104003906,6.287115097045898
1997-03-14,3.5966567993164062,3.535820722579956,3.505732297897339,3.7168357372283936,3.653507709503174,3.6014935970306396
1997-03-15,6.855643272399902,6.927236080169678,7.055515766143799,6.705663681030273,6.746102333068848,6.830135822296143
1997-03-16,6.595422744750977,6.785218238830566,7.022634029388428,6.46984338760376,6.639360427856445,6.829288959503174
1997-03-17,5.948825836181641,6.173349380493164,6.487035274505615,5.709377288818359,5.918039798736572,6.201951503753662
1997-03-18,4.763670444488525,5.079508304595947,5.492541790008545,4.6240553855896,4.916537761688232,5.304567813873291
1997-03-19,2.1062662601470947,2.264103651046753,2.476508855819702,2.1383941173553467,2.2797772884368896,2.467707633972168
1997-03-20,3.6580333709716797,3.747743844985962,3.842921733856201,3.4315097332000732,3.4933197498321533,3.566662311553955
1997-03-21,4.873220920562744,4.7979512214660645,4.799616813659668,4.986454010009766,4.89996862411499,4.8640899658203125
1997-03-22,4.176174163818359,4.267600059509277,4.506161212921143,4.368988513946533,4.425069808959961,4.579402923583984
1997-03-23,5.902866840362549,6.131886959075928,6.346302509307861,5.722030162811279,5.937702178955078,6.137387275695801
1997-03-24,2.8854875564575195,2.9202189445495605,2.998141288757324,2.8876166343688965,2.903287887573242,2.942387104034424
1997-03-25,5.784383773803711,5.895659923553467,6.131741046905518,5.739006042480469,5.822727680206299,6.000002861022949
1997-03-26,4.132327079772949,4.347382545471191,4.562232971191406,3.967186212539673,4.144711494445801,4.329040050506592
1997-03-27,2.6835176944732666,2.626336097717285,2.630871295928955,2.809802532196045,2.7367663383483887,2.7130587100982666
1997-03-28,8.999555587768555,9.303993225097656,9.648344039916992,8.712244033813477,8.995939254760742,9.307497024536133
1997-03-29,2.0612518787384033,2.1937508583068848,2.446953296661377,2.0999293327331543,2.2214314937591553,2.447382688522339
1997-03-30,2.385387897491455,2.421351194381714,2.4779233932495117,2.4648327827453613,2.487044334411621,2.51481032371521
1997-03-31,1.4157462120056152,1.4495068788528442,1.543607234954834,1.428754210472107,1.4599179029464722,1.5482512712478638
1997-04-01,3.9377589225769043,3.9927163124084473,4.090028762817383,3.6871516704559326,3.7296674251556396,3.805494546890259
1997-04-02,4.862025260925293,4.816391944885254,4.790991306304932,4.956653118133545,4.90617036819458,4.864657402038574
1997-04-03,5.455985069274902,5.586154937744141,5.855693340301514,5.475061416625977,5.56640100479126,5.776747226715088
1997-04-04,5.023108959197998,5.202762603759766,5.368091106414795,5.0820536613464355,5.257178783416748,5.439354419708252
1997-04-05,2.715669631958008,2.819502353668213,2.902256965637207,2.420440912246704,2.506486415863037,2.582186698913574
1997-04-06,2.836109161376953,3.0125632286071777,3.212005138397217,2.891141176223755,3.043274402618408,3.2215147018432617
1997-04-07,3.2142491340637207,3.2843921184539795,3.3824734687805176,3.375481367111206,3.4051268100738525,3.4386842250823975
1997-04-08,4.887798309326172,5.096855163574219,5.279584884643555,4.682777404785156,4.8222455978393555,4.9361677169799805
1997-04-09,3.1553707122802734,3.3195793628692627,3.486229658126831,3.0270793437957764,3.1270291805267334,3.2279298305511475
1997-04-10,3.9107422828674316,3.9797472953796387,3.940819501876831,3.7663371562957764,3.777431011199951,3.7133898735046387
1997-04-11,4.353517055511475,4.523409843444824,4.6112060546875,4.197893142700195,4.291886806488037,4.324193000793457
1997-04-12,4.4088053703308105,4.594756126403809,4.797351837158203,4.697119235992432,4.83824348449707,4.972031593322754
1997-04-13,4.683730602264404,4.908169746398926,5.103209972381592,4.82028341293335,5.024919509887695,5.184561252593994
1997-04-14,2.247666597366333,2.356332540512085,2.4880032539367676,2.4034597873687744,2.5043540000915527,2.6111555099487305
1997-04-15,4.291240215301514,4.357044696807861,4.406015872955322,4.09255313873291,4.148891925811768,4.18720006942749
1997-04-16,2.974379062652588,3.0739946365356445,3.1838881969451904,3.0968101024627686,3.193844795227051,3.2746641635894775
1997-04-17,2.658841848373413,2.679229736328125,2.765800714492798,2.4264936447143555,2.439373731613159,2.521651029586792
1997-04-18,2.742055654525757,2.8073933124542236,2.9424021244049072,2.501101016998291,2.5403647422790527,2.66296648979187
1997-04-19,3.014329195022583,3.0272624492645264,3.0813748836517334,2.6352925300598145,2.6666271686553955,2.7546753883361816
1997-04-20,5.129580020904541,5.262815475463867,5.408013343811035,4.982988357543945,5.153244495391846,5.304171562194824
1997-04-21,5.085018634796143,5.240293979644775,5.457549571990967,4.940774917602539,5.1157450675964355,5.3059210777282715
1997-04-22,5.5718817710876465,5.633505344390869,5.872133255004883,5.3344831466674805,5.391000747680664,5.618577003479004
1997-04-23,6.370443344116211,6.434189796447754,6.51681661605835,6.4477925300598145,6.499414920806885,6.570337772369385
1997-04-24,3.6504228115081787,3.7217915058135986,3.845553159713745,3.721958875656128,3.7790210247039795,3.865917682647705
1997-04-25,3.9692723751068115,3.83347225189209,3.7245864868164062,4.0950517654418945,3.9407527446746826,3.7828142642974854
1997-04-26,3.834017515182495,3.8521652221679688,3.919372320175171,3.7933390140533447,3.7919366359710693,3.8332293033599854
1997-04-27,2.8044700622558594,2.850114583969116,2.9117681980133057,2.829850912094116,2.882312297821045,2.943046808242798
1997-04-28,2.3089447021484375,2.326817750930786,2.324066638946533,2.2556653022766113,2.2794229984283447,2.2857868671417236
1997-04-29,3.290416717529297,3.348297119140625,3.3805148601531982,3.2416319847106934,3.2854373455047607,3.3001389503479004
1997-04-30,3.77351713180542,3.716890811920166,3.6714868545532227,3.634284496307373,3.5746665000915527,3.5298261642456055
1997-05-01,2.0264270305633545,2.178502082824707,2.476748466491699,1.8025962114334106,1.9137147665023804,2.154768705368042
1997-05-02,5.499014854431152,5.543674468994141,5.622313022613525,5.597563743591309,5.624542713165283,5.670540809631348
1997-05-03,5.140964984893799,5.288931369781494,5.444891929626465,5.057254791259766,5.182894706726074,5.301321506500244
1997-05-04,3.7416298389434814,3.9297034740448,4.139517307281494,3.751054525375366,3.9355335235595703,4.135887145996094
1997-05-05,3.0245718955993652,3.148008108139038,3.3100831508636475,3.0010311603546143,3.113870143890381,3.256114959716797
1997-05-06,1.6725444793701172,1.626395583152771,1.604642629623413,1.5813195705413818,1.5281100273132324,1.4921026229858398
1997-05-07,4.497687339782715,4.583865165710449,4.7657318115234375,4.533885478973389,4.590663433074951,4.701490879058838
1997-05-08,4.928154468536377,5.01735782623291,5.239983081817627,5.057459831237793,5.130188941955566,5.279807090759277
1997-05-09,6.481407165527344,6.470979690551758,6.365433216094971,6.5346598625183105,6.547447681427002,6.453129768371582
1997-05-10,3.669755458831787,3.7820873260498047,3.912261486053467,3.4088780879974365,3.512112617492676,3.6304984092712402
1997-05-11,3.8845009803771973,3.987163782119751,4.125918865203857,3.9721662998199463,4.068885326385498,4.18731689453125
1997-05-12,3.7303900718688965,3.7013144493103027,3.685058355331421,3.9029104709625244,3.8647427558898926,3.829401969909668
1997-05-13,4.917448043823242,4.95451545715332,5.000694274902344,5.048666477203369,5.075259685516357,5.099621772766113
1997-05-14,4.174027919769287,4.1079325675964355,4.000946044921875,4.425288200378418,4.362751007080078,4.254153251647949
1997-05-15,3.748626947402954,3.805100202560425,3.8364691734313965,3.631667375564575,3.691070079803467,3.7101049423217773
1997-05-16,2.727084159851074,2.8367624282836914,2.913154363632202,2.727250337600708,2.866672992706299,2.965034008026123
1997-05-17,3.447383403778076,3.381941318511963,3.3277554512023926,3.4564108848571777,3.3911609649658203,3.315375566482544
1997-05-18,4.444923400878906,4.406026363372803,4.4076337814331055,4.591787815093994,4.537843704223633,4.493619918823242
1997-05-19,3.759162187576294,3.779752254486084,3.791321039199829,3.8789265155792236,3.903158187866211,3.923617362976074
1997-05-20,2.3093338012695312,2.272871971130371,2.2014875411987305,2.195526599884033,2.157470464706421,2.0996081829071045
1997-05-21,3.884688138961792,4.001606464385986,4.152376651763916,3.702908515930176,3.805027961730957,3.939917802810669
1997-05-22,2.4033100605010986,2.4573850631713867,2.497387647628784,2.274817705154419,2.3361339569091797,2.388463020324707
1997-05-23,1.639986515045166,1.5836459398269653,1.5580151081085205,1.6349608898162842,1.57171630859375,1.529821515083313
1997-05-24,3.5065624713897705,3.4873104095458984,3.4740748405456543,3.6360127925872803,3.6145637035369873,3.578770399093628
1997-05-25,3.8653860092163086,3.915238857269287,3.9554572105407715,3.766785144805908,3.803481101989746,3.819319725036621
1997-05-26,4.774583339691162,4.840676307678223,4.908496856689453,4.794844627380371,4.847184181213379,4.895115852355957
1997-05-27,3.6707565784454346,3.731959819793701,3.8235514163970947,3.585954189300537,3.6371233463287354,3.705688238143921
1997-05-28,2.3885281085968018,2.472590684890747,2.5700719356536865,2.433579921722412,2.4985930919647217,2.575033187866211
1997-05-29,4.723604679107666,4.802953243255615,4.937188625335693,4.763416290283203,4.821319103240967,4.912608623504639
1997-05-30,4.375495910644531,4.541835308074951,4.709796905517578,4.46504020690918,4.611388683319092,4.755129814147949
1997-05-31,2.0018324851989746,2.0360970497131348,2.0811376571655273,1.8377646207809448,1.869513988494873,1.9235057830810547
1997-06-01,3.3846490383148193,3.4796054363250732,3.609480619430542,3.410895347595215,3.4827780723571777,3.5687739849090576
1997-06-02,3.6793222427368164,3.726287841796875,3.8004355430603027,3.711411952972412,3.751582384109497,3.8066303730010986
1997-06-03,3.59775710105896,3.693068027496338,3.7989449501037598,3.7253005504608154,3.8044486045837402,3.8816046714782715
1997-06-04,4.600172996520996,4.643626689910889,4.663331985473633,4.634964942932129,4.685530185699463,4.716944217681885
1997-06-05,1.937154769897461,1.9887609481811523,2.019510507583618,1.9433822631835938,2.008699655532837,2.063403367996216
1997-06-06,2.9540390968322754,3.014357566833496,3.0779941082000732,2.9503495693206787,3.011688470840454,3.060957193374634
1997-06-07,2.897444009780884,2.945826768875122,3.004868984222412,2.8952856063842773,2.9356980323791504,2.9745044708251953
1997-06-08,4.708316326141357,4.771684646606445,4.830203533172607,4.685713291168213,4.750339984893799,4.805936813354492
1997-06-09,6.431894302368164,6.693418502807617,7.055570125579834,6.273518085479736,6.495506763458252,6.8058648109436035
1997-06-10,2.7100319862365723,2.7736926078796387,2.838228702545166,2.8570895195007324,2.8966987133026123,2.929157257080078
1997-06-11,2.9933505058288574,2.977473497390747,2.9619197845458984,2.959670066833496,2.9376869201660156,2.9127767086029053
1997-06-12,3.011674404144287,3.1235265731811523,3.262260913848877,2.9409854412078857,3.030815839767456,3.1388301849365234
1997-06-13,2.3600618839263916,2.4168508052825928,2.50114369392395,2.4017586708068848,2.4431049823760986,2.496027708053589
1997-06-14,2.428124189376831,2.3855764865875244,2.2994933128356934,2.451995372772217,2.4184861183166504,2.367340326309204
1997-06-15,3.804044008255005,3.8305647373199463,3.829831838607788,3.699528217315674,3.727942943572998,3.73649263381958
1997-06-16,1.7823410034179688,1.8069820404052734,1.8338145017623901,1.7376110553741455,1.7679740190505981,1.791311502456665
1997-06-17,2.8186821937561035,2.8840677738189697,2.9561095237731934,2.935227870941162,3.004831314086914,3.062009572982788
1997-06-18,1.3909560441970825,1.3981962203979492,1.4139885902404785,1.4029523134231567,1.3964431285858154,1.3985706567764282
1997-06-19,2.583136558532715,2.635626792907715,2.7543752193450928,2.664318561553955,2.7021660804748535,2.7863872051239014
1997-06-20,2.3583028316497803,2.362962007522583,2.3891971111297607,2.4837262630462646,2.48848295211792,2.501973867416382
1997-06-21,2.573747396469116,2.6466434001922607,2.706641674041748,2.6214094161987305,2.6968789100646973,2.767437696456909
1997-06-22,1.5934264659881592,1.5969890356063843,1.5658574104309082,1.5092332363128662,1.5160818099975586,1.4917399883270264
1997-06-23,3.7304553985595703,3.798457145690918,3.9104456901550293,3.6647047996520996,3.729630947113037,3.830883741378784
1997-06-24,3.7935261726379395,3.8598103523254395,3.926774501800537,3.8490118980407715,3.9087884426116943,3.960523843765259
1997-06-25,3.08031964302063,3.17451810836792,3.3073935508728027,3.0483710765838623,3.127305030822754,3.2431933879852295
1997-06-26,3.273898124694824,3.32950758934021,3.3743278980255127,3.2948882579803467,3.34159517288208,3.3788249492645264
1997-06-27,2.190307140350342,2.2952847480773926,2.434490203857422,2.089482545852661,2.144374370574951,2.231024980545044
1997-06-28,4.081718921661377,4.1664204597473145,4.258951187133789,4.224087238311768,4.291316986083984,4.3422675132751465
1997-06-29,3.7909507751464844,3.884427785873413,3.9706220626831055,3.9315874576568604,4.018034934997559,4.0868306159973145
1997-06-30,3.774801015853882,3.9688405990600586,4.177143096923828,3.8025801181793213,3.9849305152893066,4.171483993530273
1997-07-01,2.5769920349121094,2.5414681434631348,2.4983139038085938,2.310072422027588,2.2481353282928467,2.1809864044189453
1997-07-02,3.2146880626678467,3.3223674297332764,3.5270447731018066,3.112790822982788,3.1981472969055176,3.3931479454040527
1997-07-03,3.1574885845184326,3.2730515003204346,3.3523764610290527,2.936678886413574,3.035599708557129,3.105778217315674
1997-07-04,1.796756625175476,1.8985264301300049,1.9851951599121094,1.7029043436050415,1.8192696571350098,1.9136930704116821
1997-07-05,3.3696494102478027,3.462028980255127,3.6048758029937744,3.3917300701141357,3.461838483810425,3.562613010406494
1997-07-06,2.4393818378448486,2.6233229637145996,2.934459924697876,2.4247777462005615,2.5715317726135254,2.8264551162719727
1997-07-07,2.6944220066070557,2.829451084136963,2.99288010597229,2.7074368000030518,2.8336379528045654,2.9871652126312256
1997-07-08,3.053295373916626,3.0437941551208496,3.0442001819610596,3.203886032104492,3.1980748176574707,3.1749348640441895
1997-07-09,5.332489490509033,5.429789066314697,5.520066261291504,5.356581211090088,5.439770221710205,5.514820098876953
1997-07-10,2.4123263359069824,2.4876012802124023,2.5748403072357178,2.449300765991211,2.515662908554077,2.5893912315368652
1997-07-11,2.03010892868042,2.1153156757354736,2.1993558406829834,1.8767237663269043,1.9605884552001953,2.047685146331787
1997-07-12,1.8955246210098267,1.9434195756912231,2.0288496017456055,1.9954959154129028,2.041449785232544,2.112814426422119
1997-07-13,1.6107653379440308,1.597447395324707,1.605717420578003,1.8095004558563232,1.8029807806015015,1.7970188856124878
1997-07-14,1.7280993461608887,1.7345819473266602,1.7828890085220337,1.84660804271698,1.8664839267730713,1.9132068157196045
1997-07-15,2.3676247596740723,2.296909809112549,2.2236554622650146,2.4722957611083984,2.378728151321411,2.290593147277832
1997-07-16,3.837266445159912,3.9652631282806396,4.104057312011719,3.6729414463043213,3.8132948875427246,3.9722766876220703
1997-07-17,4.38284969329834,4.5060529708862305,4.654475212097168,4.416587829589844,4.521378040313721,4.628159999847412
1997-07-18,2.204408645629883,2.2755799293518066,2.376878261566162,2.2551605701446533,2.3128740787506104,2.390254259109497
1997-07-19,2.987927198410034,2.9435513019561768,2.931898355484009,3.227731227874756,3.1874959468841553,3.1310324668884277
1997-07-20,2.513561964035034,2.588754177093506,2.7581613063812256,2.5565896034240723,2.6187756061553955,2.7444028854370117
1997-07-21,4.829773426055908,4.867910861968994,4.918936252593994,4.875081539154053,4.904378890991211,4.908424377441406
1997-07-22,3.121669054031372,3.2011454105377197,3.2567195892333984,3.122852325439453,3.182002067565918,3.2230145931243896
1997-07-23,3.110259532928467,3.195389747619629,3.3288991451263428,3.234308958053589,3.3183000087738037,3.4319114685058594
1997-07-24,3.169806957244873,3.2476534843444824,3.3428924083709717,3.223984479904175,3.2888283729553223,3.3660197257995605
1997-07-25,1.829265832901001,1.8676868677139282,1.9172978401184082,1.9407920837402344,1.9728472232818604,2.0096044540405273
1997-07-26,2.397479295730591,2.474717855453491,2.538491725921631,2.4682183265686035,2.533189535140991,2.582930088043213
1997-07-27,2.350688934326172,2.425262689590454,2.465890407562256,2.5351643562316895,2.6107399463653564,2.6510467529296875
1997-07-28,2.620145082473755,2.708265542984009,2.75211501121521,2.664095401763916,2.7498693466186523,2.790846824645996
1997-07-29,2.586878776550293,2.727214813232422,2.859067916870117,2.5487561225891113,2.660287857055664,2.7599518299102783
1997-07-30,2.4426143169403076,2.4880824089050293,2.5319390296936035,2.420973777770996,2.464324474334717,2.504528522491455
1997-07-31,1.5639042854309082,1.576774001121521,1.6414787769317627,1.4997179508209229,1.4920389652252197,1.5213652849197388
1997-08-01,4.162320137023926,4.1985578536987305,4.248623371124268,4.1286187171936035,4.161397933959961,4.202003002166748
1997-08-02,2.951075553894043,3.0489392280578613,3.167675733566284,2.994276285171509,3.079525947570801,3.178647994995117
1997-08-03,2.6890804767608643,2.748706340789795,2.7837979793548584,2.517434597015381,2.5578904151916504,2.5846762657165527
1997-08-04,4.739651679992676,4.864060401916504,5.041403770446777,4.62199592590332,4.7160868644714355,4.845919132232666
1997-08-05,2.5654871463775635,2.7004199028015137,2.890655279159546,2.6750118732452393,2.7860846519470215,2.9297704696655273
1997-08-06,2.8628714084625244,2.9480602741241455,3.053356647491455,2.8870773315429688,2.957958459854126,3.0416367053985596
1997-08-07,2.2771103382110596,2.310706377029419,2.372737169265747,2.3523502349853516,2.389570951461792,2.4500768184661865
1997-08-08,1.7034459114074707,1.681860327720642,1.6523584127426147,1.5528258085250854,1.5431374311447144,1.5248712301254272
1997-08-09,2.8814408779144287,2.9059059619903564,2.896735668182373,2.900477886199951,2.925734758377075,2.9071295261383057
1997-08-10,2.034332513809204,2.0924558639526367,2.179119825363159,2.1617329120635986,2.204543113708496,2.261622905731201
1997-08-11,2.8117756843566895,2.844040632247925,2.8583486080169678,2.829404830932617,2.8645777702331543,2.8732690811157227
1997-08-12,3.8795952796936035,3.971778631210327,4.079215049743652,3.9515931606292725,4.0226054191589355,4.096004486083984
1997-08-13,2.0609309673309326,2.1523776054382324,2.247655153274536,1.9463772773742676,2.0298502445220947,2.1223185062408447
1997-08-14,2.703138828277588,2.8295836448669434,3.0123376846313477,2.660626173019409,2.760225296020508,2.896314859390259
1997-08-15,1.5237432718276978,1.570338249206543,1.7836652994155884,1.5890148878097534,1.6028023958206177,1.7467771768569946
1997-08-16,2.6208183765411377,2.6309614181518555,2.5552127361297607,2.614576816558838,2.610882520675659,2.53403639793396
1997-08-17,2.9790492057800293,3.1758859157562256,3.3503735065460205,2.9280436038970947,3.1104736328125,3.269340753555298
1997-08-18,1.2875266075134277,1.449350118637085,1.6871109008789062,1.3599454164505005,1.5140159130096436,1.7254185676574707
1997-08-19,1.5823758840560913,1.6540486812591553,1.7744859457015991,1.512168288230896,1.5716208219528198,1.6688005924224854
1997-08-20,0.8358966708183289,0.8764340281486511,0.9589307308197021,0.841831624507904,0.8584067225456238,0.9108279943466187
1997-08-21,0.9137871265411377,1.0165570974349976,1.1407369375228882,1.010933756828308,1.1102467775344849,1.2170048952102661
1997-08-22,1.955169677734375,1.9497853517532349,1.9945182800292969,2.021404981613159,2.0119478702545166,2.035327672958374
1997-08-23,2.7451469898223877,2.809446096420288,2.889143705368042,2.7891101837158203,2.84299898147583,2.9121627807617188
1997-08-24,1.7008192539215088,1.666413426399231,1.6525626182556152,1.6458981037139893,1.6109066009521484,1.596942663192749
1997-08-25,2.744323968887329,2.8230907917022705,2.947617530822754,2.5029447078704834,2.582810640335083,2.695289373397827
1997-08-26,1.7755779027938843,1.7928080558776855,1.8538190126419067,1.801621913909912,1.8131166696548462,1.850443959236145
1997-08-27,2.629180431365967,2.7935779094696045,2.9887707233428955,2.5729522705078125,2.710225820541382,2.8677456378936768
1997-08-28,1.3238027095794678,1.4098284244537354,1.5070194005966187,1.3370380401611328,1.4068189859390259,1.4814651012420654
1997-08-29,1.455089807510376,1.536330223083496,1.6715270280838013,1.4832695722579956,1.5609657764434814,1.6837425231933594
1997-08-30,3.377445936203003,3.3527421951293945,3.3162639141082764,3.558976888656616,3.5303730964660645,3.4773945808410645
1997-08-31,4.757004261016846,4.926280498504639,5.0744757652282715,4.650103569030762,4.794135570526123,4.913578033447266
1997-09-01,2.6884591579437256,2.8362488746643066,3.063040018081665,2.660562753677368,2.783316135406494,2.9579246044158936
1997-09-02,1.694750428199768,1.6571909189224243,1.6360118389129639,1.5732882022857666,1.5251036882400513,1.5020923614501953
1997-09-03,3.407792806625366,3.513324737548828,3.6289288997650146,3.320996046066284,3.4149796962738037,3.5042428970336914
1997-09-04,1.5486414432525635,1.6365753412246704,1.733562707901001,1.4564472436904907,1.5202935934066772,1.594334363937378
1997-09-05,2.3127803802490234,2.415001630783081,2.5752313137054443,2.3636133670806885,2.45387601852417,2.595991373062134
1997-09-06,2.989804267883301,3.0341789722442627,3.0703752040863037,3.1004245281219482,3.1552488803863525,3.1823809146881104
1997-09-07,3.186540365219116,3.239248752593994,3.3296570777893066,3.104734182357788,3.1342146396636963,3.196143388748169
1997-09-08,5.147993087768555,5.2581987380981445,5.421847343444824,5.101366996765137,5.173865795135498,5.262167930603027
1997-09-09,4.353243827819824,4.561307430267334,4.831548690795898,4.347888946533203,4.521858215332031,4.732299327850342
1997-09-10,1.7118579149246216,1.8573952913284302,2.0558574199676514,1.8453309535980225,1.9605544805526733,2.107706308364868
1997-09-11,1.932852864265442,2.0611438751220703,2.2483069896698,1.942276120185852,2.0426266193389893,2.1916732788085938
1997-09-12,2.961514472961426,3.054288864135742,3.167623281478882,2.8780479431152344,2.9442520141601562,3.0190107822418213
1997-09-13,2.393106698989868,2.4876372814178467,2.5898876190185547,2.4099442958831787,2.4829370975494385,2.5521492958068848
1997-09-14,2.7418372631073,2.751343011856079,2.7998600006103516,2.7928943634033203,2.7790191173553467,2.7868893146514893
1997-09-15,5.721302509307861,5.830737113952637,5.966675281524658,5.854281425476074,5.946662425994873,6.047733306884766
1997-09-16,2.2418999671936035,2.408322334289551,2.6264710426330566,2.1698145866394043,2.3244335651397705,2.5225040912628174
1997-09-17,2.4402148723602295,2.413958787918091,2.3841183185577393,2.5532917976379395,2.5222229957580566,2.476198673248291
1997-09-18,2.4184224605560303,2.5058088302612305,2.6352546215057373,2.3760688304901123,2.4513370990753174,2.551908493041992
1997-09-19,4.03978967666626,4.082810401916504,4.154464244842529,3.9835636615753174,4.007915496826172,4.046787738800049
1997-09-20,4.3842902183532715,4.462559223175049,4.588101387023926,4.478252410888672,4.527305603027344,4.598311901092529
1997-09-21,2.4540793895721436,2.5417492389678955,2.714249610900879,2.347578525543213,2.415482759475708,2.5495517253875732
1997-09-22,3.870255708694458,4.038801193237305,4.241926193237305,3.6252281665802,3.760805606842041,3.934438705444336
1997-09-23,2.861656665802002,2.928565740585327,3.057507276535034,3.135807752609253,3.1686782836914062,3.2396931648254395
1997-09-24,3.784543991088867,3.8547987937927246,3.9433953762054443,3.82604718208313,3.8860256671905518,3.9591667652130127
1997-09-25,2.645069122314453,2.7489004135131836,2.863827705383301,2.6206212043762207,2.708991289138794,2.797382354736328
1997-09-26,2.168480157852173,2.2485949993133545,2.3162424564361572,1.8833426237106323,1.9440186023712158,1.987034797668457
1997-09-27,1.905881643295288,1.8560054302215576,1.8500779867172241,1.92802095413208,1.8719044923782349,1.8448522090911865
1997-09-28,2.922877073287964,2.8250815868377686,2.6140546798706055,3.0191845893859863,2.9230849742889404,2.715331792831421
1997-09-29,1.5253715515136719,1.4928401708602905,1.492486596107483,1.7176212072372437,1.6902779340744019,1.6778769493103027
1997-09-30,1.9718303680419922,1.8518452644348145,1.8087844848632812,2.0769495964050293,1.943183183670044,1.8688703775405884
1997-10-01,3.2159299850463867,3.1747288703918457,3.160228729248047,3.3416314125061035,3.288041830062866,3.234949827194214
1997-10-02,2.9746062755584717,3.101658582687378,3.3143744468688965,3.0888168811798096,3.1885221004486084,3.352592945098877
1997-10-03,2.455404043197632,2.8677518367767334,3.357158660888672,2.3231711387634277,2.7245678901672363,3.2079341411590576
1997-10-04,1.0120439529418945,1.0754998922348022,1.3864177465438843,1.2029799222946167,1.263788104057312,1.5171747207641602
1997-10-05,3.0995893478393555,3.014946699142456,2.861032009124756,2.9594969749450684,2.874274730682373,2.717329740524292
1997-10-06,2.831191062927246,2.8760666847229004,2.929006576538086,2.785182476043701,2.812363624572754,2.8375051021575928
1997-10-07,2.4384396076202393,2.5101685523986816,2.6107306480407715,2.3679025173187256,2.4293148517608643,2.5176842212677
1997-10-08,2.627202033996582,2.7848453521728516,2.9710795879364014,2.5082924365997314,2.652545928955078,2.820247173309326
1997-10-09,1.653037667274475,1.702926516532898,1.7657772302627563,1.5338987112045288,1.5643364191055298,1.6001943349838257
1997-10-10,3.1138668060302734,3.0898666381835938,3.050457000732422,3.140592336654663,3.1192829608917236,3.073425531387329
1997-10-11,3.410432815551758,3.4064204692840576,3.4227423667907715,3.313258647918701,3.3112566471099854,3.327253818511963
1997-10-12,3.6140589714050293,3.822474241256714,4.058103084564209,3.578533887863159,3.7618191242218018,3.955207347869873
1997-10-13,2.4990015029907227,2.5178816318511963,2.590630292892456,2.7330193519592285,2.7313034534454346,2.759035110473633
1997-10-14,3.3429453372955322,3.3496603965759277,3.380880832672119,3.4065558910369873,3.3929474353790283,3.382981538772583
1997-10-15,4.239492416381836,4.226351737976074,4.237854957580566,4.3205084800720215,4.318922519683838,4.330156326293945
1997-10-16,5.724339485168457,5.758009433746338,5.766941070556641,5.548245906829834,5.560622692108154,5.568428039550781
1997-10-17,4.763683795928955,5.002773284912109,5.237083435058594,4.820737838745117,5.025876045227051,5.224029064178467
1997-10-18,1.6703253984451294,1.751112461090088,1.8954333066940308,1.7559024095535278,1.7955600023269653,1.8728492259979248
1997-10-19,1.537830114364624,1.5719354152679443,1.5972118377685547,1.492716670036316,1.505479335784912,1.505473017692566
1997-10-20,3.2252392768859863,3.2148780822753906,3.1364691257476807,3.413865566253662,3.4136581420898438,3.3282816410064697
1997-10-21,3.279637098312378,3.332770347595215,3.3885931968688965,3.3210651874542236,3.3702099323272705,3.414386034011841
1997-10-22,2.0681846141815186,2.183959722518921,2.3790111541748047,2.151516914367676,2.243785858154297,2.393817663192749
1997-10-23,2.1385223865509033,2.2201099395751953,2.361910343170166,2.07637882232666,2.15492844581604,2.277925491333008
1997-10-24,2.9805471897125244,3.1345956325531006,3.366626262664795,3.0303845405578613,3.159714460372925,3.349357843399048
1997-10-25,2.479820728302002,2.5788135528564453,2.6857895851135254,2.2553389072418213,2.350731611251831,2.455737829208374
1997-10-26,1.2213903665542603,1.2936620712280273,1.3803017139434814,1.2312284708023071,1.29588782787323,1.385335087776184
1997-10-27,3.909512519836426,4.101746082305908,4.422571659088135,3.8827762603759766,4.058207035064697,4.364257335662842
1997-10-28,5.928935527801514,6.056349754333496,6.294209003448486,6.015255451202393,6.169282913208008,6.449402332305908
1997-10-29,5.961517810821533,6.0609822273254395,6.184546947479248,5.914156913757324,6.0094380378723145,6.149522304534912
1997-10-30,3.8721957206726074,4.056971073150635,4.282567024230957,3.946808099746704,4.124338150024414,4.326266288757324
1997-10-31,4.703017711639404,4.751046657562256,4.800993919372559,4.807731628417969,4.848751544952393,4.849856376647949
1997-11-01,4.741239070892334,5.086513519287109,5.516915321350098,4.731863975524902,5.053191661834717,5.446339130401611
1997-11-02,2.253594398498535,2.383484125137329,2.626042366027832,2.2735915184020996,2.402449369430542,2.6301801204681396
1997-11-03,4.227402687072754,4.209944725036621,4.294802665710449,4.309597492218018,4.29823112487793,4.366693496704102
1997-11-04,7.363247871398926,7.674026012420654,8.039278984069824,7.197329044342041,7.448310852050781,7.738101005554199
1997-11-05,5.701907634735107,5.966136455535889,6.258909702301025,5.803707122802734,6.026137828826904,6.273665904998779
1997-11-06,3.9604597091674805,4.257845401763916,4.6379499435424805,3.9758212566375732,4.24432373046875,4.578071117401123
1997-11-07,6.026421546936035,6.243114948272705,6.5580220222473145,6.056023597717285,6.255281925201416,6.540127277374268
1997-11-08,5.900267124176025,6.119375228881836,6.402756214141846,5.951817989349365,6.119751930236816,6.342938423156738
1997-11-09,2.355797290802002,2.5272533893585205,2.9443111419677734,2.3967676162719727,2.514676332473755,2.8291127681732178
1997-11-10,3.003373622894287,3.0091381072998047,3.051246404647827,3.029834270477295,3.0456016063690186,3.078528642654419
1997-11-11,1.8467031717300415,1.8047667741775513,1.812983751296997,2.033416986465454,1.9792872667312622,1.9463022947311401
1997-11-12,1.8912537097930908,1.9397196769714355,2.056467056274414,1.847199559211731,1.8456426858901978,1.89705228805542
1997-11-13,2.791287660598755,2.8896546363830566,3.0504865646362305,2.746455430984497,2.819364070892334,2.938513994216919
1997-11-14,3.4713940620422363,3.576531410217285,3.720087766647339,3.247117280960083,3.3317134380340576,3.4639570713043213
1997-11-15,4.2228193283081055,4.26505184173584,4.30626106262207,4.457433223724365,4.473037242889404,4.443258285522461
1997-11-16,5.271667957305908,5.494719505310059,5.782886981964111,5.262076377868652,5.456550598144531,5.682684898376465
1997-11-17,3.063873052597046,3.275473117828369,3.551344394683838,3.1447949409484863,3.336106300354004,3.5582830905914307
1997-11-18,2.4722483158111572,2.5079164505004883,2.66998291015625,2.5030899047851562,2.5522310733795166,2.7287917137145996
1997-11-19,5.304353713989258,5.3312668800354,5.395924091339111,5.238368511199951,5.278109073638916,5.368892669677734
1997-11-20,8.085646629333496,8.286172866821289,8.643431663513184,8.240522384643555,8.43248176574707,8.741848945617676
1997-11-21,4.870141506195068,4.966273784637451,5.150631427764893,4.660577774047852,4.747819900512695,4.903614044189453
1997-11-22,4.8731818199157715,4.793972492218018,4.680301666259766,4.980386257171631,4.9057769775390625,4.814230918884277
1997-11-23,3.77165150642395,4.02036714553833,4.412957191467285,3.6952059268951416,3.9051012992858887,4.255074977874756
1997-11-24,2.817516565322876,2.8934454917907715,3.0039381980895996,2.7585608959198,2.825648069381714,2.9280552864074707
1997-11-25,4.400119781494141,4.502254486083984,4.659046649932861,4.357346057891846,4.416855335235596,4.546738147735596
1997-11-26,7.883078098297119,8.009773254394531,8.247511863708496,7.877791881561279,7.958218097686768,8.147711753845215
1997-11-27,4.851341247558594,4.986433506011963,5.184531211853027,4.790423393249512,4.898470401763916,5.069061756134033
1997-11-28,3.4631383419036865,3.59429931640625,3.784830093383789,3.3774869441986084,3.4890339374542236,3.6523592472076416
1997-11-29,3.6218044757843018,3.6012775897979736,3.528671979904175,3.896972417831421,3.875842809677124,3.7859504222869873
1997-11-30,4.955227375030518,5.0833868980407715,5.239328384399414,4.888191223144531,4.991942882537842,5.103250503540039
1997-12-01,2.22304105758667,2.370910882949829,2.5444202423095703,2.1352295875549316,2.275174140930176,2.4392478466033936
1997-12-02,2.6617321968078613,2.572850227355957,2.561183214187622,2.6311185359954834,2.5353779792785645,2.4975414276123047
1997-12-03,7.468730926513672,7.505055904388428,7.559476852416992,7.543349266052246,7.562993049621582,7.589684963226318
1997-12-04,5.533849239349365,5.851470947265625,6.2384538650512695,5.567192554473877,5.870242118835449,6.201236248016357
1997-12-05,5.632190704345703,5.636584758758545,5.681149959564209,5.759772777557373,5.7471418380737305,5.763030052185059
1997-12-06,4.585050106048584,4.649955749511719,4.777910232543945,4.6226725578308105,4.682035446166992,4.784234523773193
1997-12-07,3.3650295734405518,3.384303569793701,3.5049641132354736,3.6335527896881104,3.6326043605804443,3.6897099018096924
1997-12-08,5.658007621765137,5.6553850173950195,5.625178813934326,5.742557525634766,5.7262444496154785,5.679694652557373
1997-12-09,5.307226181030273,5.469459533691406,5.665857791900635,5.300337314605713,5.450057506561279,5.623716831207275
1997-12-10,3.8472607135772705,3.8520009517669678,3.898794651031494,3.823516368865967,3.8205037117004395,3.8436810970306396
1997-12-11,4.152106761932373,4.109698295593262,4.091650485992432,4.176351070404053,4.129602909088135,4.097611904144287
1997-12-12,3.1413004398345947,3.1279489994049072,3.1855356693267822,3.2047841548919678,3.179783344268799,3.192155599594116
1997-12-13,5.783902168273926,5.934992790222168,6.18545389175415,5.893392562866211,6.015389442443848,6.207100868225098
1997-12-14,4.237455368041992,4.508959770202637,4.988436698913574,4.044314861297607,4.310299873352051,4.750330448150635
1997-12-15,3.500532627105713,3.587186336517334,3.6278610229492188,3.5537514686584473,3.630733013153076,3.644343376159668
1997-12-16,5.8031697273254395,5.878428936004639,6.093631744384766,5.972938060760498,6.0049943923950195,6.128981590270996
1997-12-17,8.720381736755371,8.736642837524414,8.8821382522583,8.842848777770996,8.833857536315918,8.913878440856934
1997-12-18,9.091623306274414,9.294299125671387,9.609627723693848,9.079952239990234,9.225018501281738,9.431553840637207
1997-12-19,4.742589473724365,4.886258602142334,5.246862888336182,4.657748222351074,4.746978282928467,5.040748596191406
1997-12-20,2.9359898567199707,3.144702911376953,3.5102131366729736,2.5752975940704346,2.7247023582458496,3.0424365997314453
1997-12-21,5.490588665008545,5.4891886711120605,5.514623165130615,5.511388778686523,5.51912784576416,5.522755146026611
1997-12-22,7.032571315765381,7.179715156555176,7.437539100646973,7.001007556915283,7.111644744873047,7.295860767364502
1997-12-23,8.51944351196289,8.66628646850586,8.854390144348145,8.633796691894531,8.751771926879883,8.905567169189453
1997-12-24,6.0268940925598145,6.3495097160339355,6.754060745239258,6.25892972946167,6.537938594818115,6.889730930328369
1997-12-25,4.264432430267334,4.450071811676025,4.702114105224609,4.159115314483643,4.31463623046875,4.54270601272583
1997-12-26,3.2479186058044434,3.462566614151001,3.800095796585083,3.181000232696533,3.329608201980591,3.565258741378784
1997-12-27,6.434196472167969,6.515535354614258,6.7061638832092285,6.43288516998291,6.490523815155029,6.665606498718262
1997-12-28,5.445601463317871,5.572919845581055,5.866555690765381,5.561190605163574,5.652536869049072,5.899911880493164
1997-12-29,6.0416083335876465,6.10220193862915,6.190523624420166,6.257343769073486,6.297004699707031,6.3604888916015625
1997-12-30,2.260688543319702,2.240002393722534,2.2636163234710693,2.60052227973938,2.571706771850586,2.5687906742095947
1997-12-31,3.120986223220825,3.2012228965759277,3.3771417140960693,3.0922670364379883,3.1503751277923584,3.298336982727051
1998-01-01,6.966863632202148,7.042397499084473,7.145167827606201,7.082648277282715,7.126407623291016,7.197170734405518
1998-01-02,4.272969722747803,4.392787456512451,4.59916877746582,4.447652816772461,4.5289740562438965,4.6628289222717285
1998-01-03,3.7686033248901367,3.8751275539398193,4.073411464691162,3.743726968765259,3.8132874965667725,3.9513556957244873
1998-01-04,7.438170433044434,7.598466873168945,7.832780361175537,7.165608882904053,7.322653293609619,7.517851829528809
1998-01-05,6.240890979766846,6.572455406188965,7.075616359710693,5.855823516845703,6.153030872344971,6.581078052520752
1998-01-06,4.418674468994141,4.653492450714111,5.006030082702637,4.4617085456848145,4.664737701416016,4.973370552062988
1998-01-07,3.258206605911255,3.284273862838745,3.3697638511657715,3.3959619998931885,3.402921199798584,3.4461984634399414
1998-01-08,4.0586466789245605,4.144689083099365,4.2671661376953125,4.099605083465576,4.177169322967529,4.292156219482422
1998-01-09,5.157299518585205,5.355924129486084,5.61749267578125,5.0136027336120605,5.185360908508301,5.428671360015869
1998-01-10,4.528036594390869,4.703379154205322,4.942048072814941,4.431983947753906,4.578343391418457,4.777500629425049
1998-01-11,2.2307353019714355,2.2796828746795654,2.397526741027832,2.2915000915527344,2.3634228706359863,2.4924798011779785
1998-01-12,4.253452777862549,4.369174480438232,4.49357271194458,4.181097507476807,4.249722480773926,4.2943830490112305
1998-01-13,3.456099271774292,3.490286111831665,3.57753586769104,3.546903133392334,3.577449083328247,3.6248035430908203
1998-01-14,1.6830847263336182,1.7227023839950562,1.7930680513381958,1.802396535873413,1.8481143712997437,1.9138065576553345
1998-01-15,2.856900930404663,3.10432505607605,3.4900834560394287,2.6881141662597656,2.917236328125,3.267634391784668
1998-01-16,2.8118956089019775,3.129319429397583,3.565927267074585,2.590806484222412,2.8905444145202637,3.308168888092041
1998-01-17,2.715337038040161,2.8575801849365234,2.9697349071502686,2.2819721698760986,2.365164279937744,2.4269051551818848
1998-01-18,3.183527708053589,3.2838211059570312,3.4358022212982178,2.979684591293335,3.107078790664673,3.2795817852020264
1998-01-19,3.293745279312134,3.362391710281372,3.4109456539154053,3.132819175720215,3.1914706230163574,3.222024440765381
1998-01-20,7.84703254699707,8.000266075134277,8.225895881652832,7.661229133605957,7.7902960777282715,7.984347343444824
1998-01-21,9.900897026062012,10.043277740478516,10.326571464538574,9.870561599731445,10.002410888671875,10.231680870056152
1998-01-22,7.212080955505371,7.280483245849609,7.474535942077637,7.2606096267700195,7.306187629699707,7.451222896575928
1998-01-23,3.469090461730957,3.473385810852051,3.5399036407470703,3.6370420455932617,3.6733293533325195,3.7553341388702393
1998-01-24,2.3816020488739014,2.4102160930633545,2.4802494049072266,2.248806953430176,2.2660953998565674,2.328488826751709
1998-01-25,1.4030810594558716,1.3902205228805542,1.447270154953003,1.3248847723007202,1.3107242584228516,1.3527227640151978
1998-01-26,5.081539154052734,5.2921319007873535,5.533974647521973,4.723939895629883,4.902977466583252,5.096210956573486
1998-01-27,5.594354629516602,5.887202262878418,6.2129225730896,5.021308898925781,5.273900985717773,5.598356246948242
1998-01-28,4.972586631774902,5.133824348449707,5.333370685577393,4.44976282119751,4.598749160766602,4.784698486328125
1998-01-29,3.1350133419036865,3.0953054428100586,3.18282413482666,3.5420241355895996,3.4603068828582764,3.454543113708496
1998-01-30,2.651733160018921,2.6801340579986572,2.7182717323303223,2.7264750003814697,2.751237630844116,2.7857282161712646
1998-01-31,3.1757402420043945,3.1888749599456787,3.2390832901000977,3.22639536857605,3.20704984664917,3.206369161605835
1998-02-01,4.210091590881348,4.144097328186035,4.095147609710693,4.4412760734558105,4.367135524749756,4.283528804779053
1998-02-02,3.1723833084106445,3.4257142543792725,3.725595474243164,3.052546739578247,3.2636642456054688,3.489995241165161
1998-02-03,4.66749906539917,4.670657634735107,4.676707744598389,4.972651481628418,4.960689067840576,4.909652233123779
1998-02-04,3.1508190631866455,3.197795867919922,3.2801711559295654,3.1231491565704346,3.135481119155884,3.1909806728363037
1998-02-05,5.371765613555908,5.475765228271484,5.645185470581055,5.448940753936768,5.528883934020996,5.665004253387451
1998-02-06,5.888779640197754,5.86223840713501,5.906650543212891,5.607854843139648,5.5332536697387695,5.523914813995361
1998-02-07,5.992218494415283,6.167557716369629,6.423355579376221,5.905642032623291,6.063139915466309,6.2930426597595215
1998-02-08,6.796317100524902,6.900212287902832,7.050540924072266,6.847651958465576,6.914525985717773,7.0384674072265625
1998-02-09,5.232499599456787,5.46798849105835,5.765883445739746,5.177336692810059,5.390600204467773,5.634655952453613
1998-02-10,3.763103485107422,3.829850435256958,3.9862587451934814,3.5794930458068848,3.594512462615967,3.6908199787139893
1998-02-11,4.12945556640625,4.1074604988098145,4.0928239822387695,4.140331268310547,4.103511810302734,4.074400424957275
1998-02-12,7.4190897941589355,7.552631378173828,7.743676662445068,7.588289260864258,7.691192626953125,7.839963436126709
1998-02-13,3.73783278465271,3.8253753185272217,3.9288790225982666,3.4586758613586426,3.498933792114258,3.5512888431549072
1998-02-14,4.9756364822387695,4.959619045257568,5.075434684753418,5.187426567077637,5.124807834625244,5.165070056915283
1998-02-15,5.5410475730896,5.670477390289307,5.932873725891113,5.497080326080322,5.596128463745117,5.807193756103516
1998-02-16,5.7616658210754395,5.775153636932373,5.885502338409424,6.024195194244385,6.012765407562256,6.0928826332092285
1998-02-17,7.454646110534668,7.609302520751953,7.888686180114746,7.297823429107666,7.424792766571045,7.658301830291748
1998-02-18,5.4733428955078125,5.644205570220947,5.951817035675049,5.422654628753662,5.556098461151123,5.808076858520508
1998-02-19,3.839991331100464,3.902533531188965,4.058532238006592,3.859544277191162,3.9094882011413574,4.036818504333496
1998-02-20,4.6259894371032715,4.73535680770874,4.901158809661865,4.603141784667969,4.6778645515441895,4.820353031158447
1998-02-21,3.598721504211426,3.6577842235565186,3.7756121158599854,3.6540462970733643,3.714181423187256,3.832758903503418
1998-02-22,5.899714946746826,5.949627876281738,6.083786487579346,5.904021263122559,5.932579517364502,6.039067268371582
1998-02-23,4.4820556640625,4.4993181228637695,4.638713359832764,4.545332431793213,4.537240982055664,4.622687816619873
1998-02-24,9.035562515258789,9.212393760681152,9.442190170288086,9.081143379211426,9.248322486877441,9.439295768737793
1998-02-25,3.4304358959198,3.737353563308716,4.182373046875,3.3828089237213135,3.657872200012207,4.066091537475586
1998-02-26,3.7333779335021973,3.836707830429077,3.9663288593292236,3.8434808254241943,3.9450771808624268,4.056442737579346
1998-02-27,6.129850387573242,6.240906238555908,6.396205425262451,6.301859378814697,6.394260883331299,6.516371250152588
1998-02-28,7.172647476196289,7.367538928985596,7.674788475036621,7.11038875579834,7.281728267669678,7.531582355499268
1998-03-01,3.8640148639678955,4.009687423706055,4.2332444190979,3.9955685138702393,4.111215114593506,4.298972129821777
1998-03-02,2.877816915512085,2.986947536468506,3.1064977645874023,2.931917428970337,3.0430033206939697,3.1733155250549316
1998-03-03,2.9988486766815186,3.0625133514404297,3.1777710914611816,3.021113634109497,3.075671672821045,3.16182017326355
1998-03-04,8.288338661193848,8.369464874267578,8.531200408935547,8.43380069732666,8.480854034423828,8.59217357635498
1998-03-05,6.170023441314697,6.360559463500977,6.646845817565918,6.198729515075684,6.355281352996826,6.592990398406982
1998-03-06,2.4241292476654053,2.5128531455993652,2.6806986331939697,2.390892267227173,2.471710205078125,2.620593786239624
1998-03-07,3.192924976348877,3.2617454528808594,3.3299050331115723,3.227440595626831,3.275602340698242,3.293776512145996
1998-03-08,1.4697606563568115,1.474289894104004,1.5460689067840576,1.4545036554336548,1.450619101524353,1.4997996091842651
1998-03-09,4.54222297668457,4.466610431671143,4.389210224151611,4.603127956390381,4.521518230438232,4.428207874298096
1998-03-10,7.402707099914551,7.461442947387695,7.620182037353516,7.498754024505615,7.527585029602051,7.627179145812988
1998-03-11,5.7338151931762695,6.015807151794434,6.351043701171875,5.7640700340271,6.021492004394531,6.325568199157715
1998-03-12,1.8478857278823853,1.9001717567443848,1.9881178140640259,1.76508629322052,1.8043920993804932,1.8729844093322754
1998-03-13,3.762712001800537,3.9588472843170166,4.251513481140137,3.7873682975769043,3.9918949604034424,4.2784104347229
1998-03-14,3.4983723163604736,3.5278165340423584,3.615643262863159,3.6393744945526123,3.6504600048065186,3.6998960971832275
1998-03-15,3.0682289600372314,3.063385248184204,3.0863382816314697,3.198517322540283,3.1696131229400635,3.1621580123901367
1998-03-16,4.786300182342529,4.8484086990356445,5.039525985717773,4.822684288024902,4.855837821960449,5.0023016929626465
1998-03-17,3.3035855293273926,3.3387348651885986,3.3941190242767334,3.3615307807922363,3.3857309818267822,3.4193978309631348
1998-03-18,1.581415057182312,1.6632530689239502,1.8022304773330688,1.5088603496551514,1.5701428651809692,1.6731733083724976
1998-03-19,4.506645679473877,4.612818241119385,4.7745747566223145,4.587606430053711,4.6425089836120605,4.723488807678223
1998-03-20,3.577139377593994,3.542255163192749,3.5228896141052246,3.618739604949951,3.5602059364318848,3.521064043045044
1998-03-21,5.811936378479004,5.914306163787842,6.088430881500244,6.0094499588012695,6.076535224914551,6.20194149017334
1998-03-22,4.491661548614502,4.640561103820801,4.913934707641602,4.630309104919434,4.756826877593994,5.004479885101318
1998-03-23,3.90966796875,4.00697660446167,4.18867826461792,3.8973069190979004,3.9558990001678467,4.096289157867432
1998-03-24,5.7765278816223145,5.804287433624268,5.907949924468994,5.7185564041137695,5.724942207336426,5.7990827560424805
1998-03-25,6.357096195220947,6.480167865753174,6.695390224456787,6.3471293449401855,6.436890125274658,6.597530841827393
1998-03-26,5.231112003326416,5.373249053955078,5.575900554656982,5.139171600341797,5.26539421081543,5.447621822357178
1998-03-27,6.4518513679504395,6.5524373054504395,6.729032039642334,6.536172866821289,6.600674629211426,6.733266830444336
1998-03-28,5.5756072998046875,5.736026287078857,5.945333003997803,5.532824993133545,5.673719882965088,5.862497806549072
1998-03-29,5.369685649871826,5.550563335418701,5.784235954284668,5.323965072631836,5.486518383026123,5.693491458892822
1998-03-30,3.090306520462036,3.2438337802886963,3.471022129058838,3.2810428142547607,3.425128936767578,3.6289761066436768
1998-03-31,2.784186601638794,2.773589849472046,2.824289560317993,2.698481798171997,2.6769039630889893,2.7059948444366455
1998-04-01,1.494292974472046,1.5846960544586182,1.7612888813018799,2.0592129230499268,2.1599209308624268,2.324235439300537
1998-04-02,2.743685483932495,2.8666160106658936,3.0917744636535645,2.6729087829589844,2.793241024017334,3.0053069591522217
1998-04-03,4.213876724243164,4.282756328582764,4.420289039611816,4.256657600402832,4.30164909362793,4.389623165130615
1998-04-04,6.757596015930176,6.854278564453125,7.0752034187316895,6.915241718292236,6.923959732055664,7.030732154846191
1998-04-05,8.48913288116455,8.69170093536377,8.992728233337402,8.525304794311523,8.702787399291992,8.941393852233887
1998-04-06,3.702733278274536,3.7757132053375244,3.9236979484558105,3.800508975982666,3.8348965644836426,3.900376558303833
1998-04-07,4.854650020599365,4.920101642608643,4.9965338706970215,4.7355756759643555,4.747562885284424,4.763906478881836
1998-04-08,4.459153652191162,4.4767351150512695,4.531815528869629,4.587484836578369,4.580158710479736,4.596539497375488
1998-04-09,8.827064514160156,8.932304382324219,9.125645637512207,8.780008316040039,8.838876724243164,8.954217910766602
1998-04-10,4.151739597320557,4.322422981262207,4.574614524841309,4.146814346313477,4.305612087249756,4.533337593078613
1998-04-11,4.664899826049805,4.7073187828063965,4.785236358642578,4.363178730010986,4.388769149780273,4.454686164855957
1998-04-12,3.6099305152893066,3.6335175037384033,3.834376811981201,3.863440990447998,3.8838930130004883,4.029233932495117
1998-04-13,3.257237672805786,3.3519110679626465,3.4880619049072266,3.31710147857666,3.3968777656555176,3.5060951709747314
1998-04-14,4.5715413093566895,4.570786952972412,4.575584888458252,4.63004732131958,4.6154561042785645,4.577978610992432
1998-04-15,4.322771072387695,4.509820461273193,4.746604919433594,4.472069263458252,4.605014324188232,4.7819647789001465
1998-04-16,4.221755504608154,4.09604024887085,4.00075626373291,4.124397277832031,3.992950677871704,3.886920213699341
1998-04-17,6.779480934143066,6.846434116363525,6.938264846801758,6.804152011871338,6.821807384490967,6.858310699462891
1998-04-18,3.7441582679748535,3.666323184967041,3.66477632522583,3.9644224643707275,3.8881819248199463,3.8389322757720947
1998-04-19,4.463794708251953,4.519205093383789,4.599237442016602,4.454789161682129,4.511516571044922,4.5739946365356445
1998-04-20,3.0416505336761475,3.0372793674468994,3.0759379863739014,3.140900135040283,3.11010479927063,3.1049211025238037
1998-04-21,2.878995656967163,2.9100992679595947,2.945072889328003,3.2456436157226562,3.2647273540496826,3.265519380569458
1998-04-22,5.107274532318115,5.182948589324951,5.217065811157227,5.023224830627441,5.0572991371154785,5.042112827301025
1998-04-23,2.666707754135132,2.6826651096343994,2.8132994174957275,2.7119991779327393,2.721402168273926,2.8209385871887207
1998-04-24,5.184564590454102,5.258603572845459,5.202433109283447,5.3059539794921875,5.352511405944824,5.266108512878418
1998-04-25,3.582646608352661,3.6581945419311523,3.7343263626098633,3.54215145111084,3.617265462875366,3.6816859245300293
1998-04-26,2.9120290279388428,2.9356672763824463,3.005216360092163,2.9014387130737305,2.8894593715667725,2.908393144607544
1998-04-27,5.775355339050293,5.884002685546875,5.979209899902344,5.845412731170654,5.944998264312744,6.005348205566406
1998-04-28,4.762494087219238,4.822999000549316,4.923183441162109,4.7654595375061035,4.793524265289307,4.852674961090088
1998-04-29,3.48073410987854,3.506960153579712,3.5688538551330566,3.5627477169036865,3.569166421890259,3.5976643562316895
1998-04-30,5.0575151443481445,5.157873630523682,5.268204689025879,5.057320594787598,5.137466907501221,5.204476833343506
1998-05-01,5.534458637237549,5.591183662414551,5.690033912658691,5.564736843109131,5.596583366394043,5.651178359985352
1998-05-02,3.4515810012817383,3.530785083770752,3.58015513420105,3.2279903888702393,3.2916531562805176,3.352468729019165
1998-05-03,4.514730930328369,4.499059677124023,4.4282660484313965,4.412519931793213,4.369383811950684,4.275458335876465
1998-05-04,2.2467823028564453,2.3621513843536377,2.4734020233154297,2.2696642875671387,2.363612413406372,2.457285165786743
1998-05-05,2.9726192951202393,3.103949546813965,3.1977744102478027,2.996000289916992,3.107985734939575,3.1805741786956787
1998-05-06,4.134592056274414,4.205336570739746,4.323288917541504,4.292219161987305,4.325459003448486,4.381795406341553
1998-05-07,3.9716224670410156,3.988938570022583,4.024359703063965,3.970447540283203,3.9735805988311768,4.002608299255371
1998-05-08,3.5886290073394775,3.6376960277557373,3.734703540802002,3.6006274223327637,3.6436548233032227,3.7321207523345947
1998-05-09,2.1215126514434814,2.2464029788970947,2.4070544242858887,2.1999905109405518,2.335578680038452,2.5083324909210205
1998-05-10,3.295647144317627,3.3570709228515625,3.4868531227111816,3.268068552017212,3.3298428058624268,3.464167833328247
1998-05-11,4.4852190017700195,4.568406105041504,4.701847553253174,4.588510036468506,4.675104141235352,4.812564849853516
1998-05-12,3.7580080032348633,3.927363634109497,4.125626564025879,3.772211790084839,3.949211359024048,4.160220146179199
1998-05-13,2.725259304046631,2.760295867919922,2.8481199741363525,2.856029987335205,2.8824353218078613,2.9478611946105957
1998-05-14,3.342768430709839,3.409165620803833,3.494346857070923,3.2909293174743652,3.365960121154785,3.4581704139709473
1998-05-15,4.1072821617126465,4.104323863983154,4.120601177215576,4.252707004547119,4.243890762329102,4.241583824157715
1998-05-16,5.3923211097717285,5.471040725708008,5.593918800354004,5.453874111175537,5.49647331237793,5.56199312210083
1998-05-17,3.959498882293701,4.149178504943848,4.333742618560791,4.041134357452393,4.229547500610352,4.408439636230469
1998-05-18,1.7246971130371094,1.7486222982406616,1.7808834314346313,1.7545214891433716,1.7618513107299805,1.7954879999160767
1998-05-19,4.9349684715271,4.9745869636535645,5.038966178894043,5.057430744171143,5.071203231811523,5.103736877441406
1998-05-20,3.779397964477539,3.7866592407226562,3.785615921020508,3.7405624389648438,3.7462682723999023,3.756626844406128
1998-05-21,2.515162467956543,2.4500632286071777,2.361304521560669,2.4380359649658203,2.364348888397217,2.275418281555176
1998-05-22,2.0112950801849365,2.0011022090911865,2.0753118991851807,1.911340594291687,1.8804293870925903,1.9170633554458618
1998-05-23,3.2907354831695557,3.3150837421417236,3.387267827987671,3.2037711143493652,3.214109182357788,3.2595622539520264
1998-05-24,3.5853381156921387,3.6000094413757324,3.6472339630126953,3.6122937202453613,3.6306562423706055,3.675672769546509
1998-05-25,2.735581636428833,2.807729959487915,2.921353816986084,2.645328998565674,2.711097002029419,2.8046796321868896
1998-05-26,2.360049247741699,2.36932635307312,2.3997862339019775,2.07749605178833,2.075920820236206,2.0856878757476807
1998-05-27,3.3040521144866943,3.3976128101348877,3.5839922428131104,3.3044090270996094,3.3800320625305176,3.5321669578552246
1998-05-28,1.7822645902633667,1.8745297193527222,1.9902230501174927,1.8747769594192505,1.9514403343200684,2.0424201488494873
1998-05-29,2.72798490524292,2.868466854095459,3.1466338634490967,2.7687463760375977,2.905822992324829,3.156877279281616
1998-05-30,5.381931304931641,5.329000473022461,5.201733589172363,5.447465896606445,5.382664680480957,5.234220504760742
1998-05-31,5.092867374420166,5.301837921142578,5.552711009979248,4.9789533615112305,5.173374176025391,5.395434379577637
1998-06-01,1.9268728494644165,2.020223617553711,2.1264114379882812,1.8726551532745361,1.96150541305542,2.0625858306884766
1998-06-02,2.2746546268463135,2.150193214416504,2.0956058502197266,2.4521267414093018,2.3126637935638428,2.209643840789795
1998-06-03,6.931836128234863,7.163595676422119,7.426355361938477,6.893911361694336,7.080876350402832,7.2620744705200195
1998-06-04,3.7207252979278564,3.845442771911621,4.133209228515625,3.570270299911499,3.688601016998291,3.938199281692505
1998-06-05,2.7316863536834717,2.9027957916259766,3.1256661415100098,2.6028671264648438,2.7553060054779053,2.9642887115478516
1998-06-06,3.1957836151123047,3.1887619495391846,3.1605427265167236,3.247527837753296,3.225083827972412,3.1563193798065186
1998-06-07,2.9653124809265137,2.9366509914398193,2.9729294776916504,2.826018810272217,2.7857608795166016,2.7947769165039062
1998-06-08,3.8474669456481934,3.9005794525146484,3.926905632019043,3.7747395038604736,3.800661325454712,3.7977712154388428
1998-06-09,3.406388759613037,3.4110732078552246,3.371049404144287,3.424941062927246,3.4230966567993164,3.369641065597534
1998-06-10,4.111845970153809,4.254496097564697,4.380539417266846,4.167862415313721,4.305452823638916,4.4230427742004395
1998-06-11,2.25868821144104,2.295408248901367,2.3043317794799805,2.295001983642578,2.324697256088257,2.326301097869873
1998-06-12,1.9656908512115479,2.00823974609375,2.049813747406006,2.105804681777954,2.1316123008728027,2.1583282947540283
1998-06-13,2.491178274154663,2.497922658920288,2.489074230194092,2.5850298404693604,2.5865638256073,2.5703840255737305
1998-06-14,1.6665698289871216,1.688440203666687,1.711884617805481,1.7167414426803589,1.7243361473083496,1.7277156114578247
1998-06-15,0.8921964168548584,0.9975786805152893,1.1694118976593018,0.9442592263221741,1.037820816040039,1.1813724040985107
1998-06-16,2.3755710124969482,2.4368507862091064,2.5274300575256348,2.365638017654419,2.4223766326904297,2.5002219676971436
1998-06-17,2.868542194366455,2.990464925765991,3.1216542720794678,2.96746826171875,3.0768346786499023,3.1968109607696533
1998-06-18,2.022263765335083,2.0522632598876953,2.0605833530426025,2.0447587966918945,2.0812671184539795,2.105470895767212
1998-06-19,3.3786087036132812,3.4161784648895264,3.402414083480835,3.321627140045166,3.360139846801758,3.359706163406372
1998-06-20,4.707986354827881,4.823643684387207,5.034265995025635,4.8209428787231445,4.91767692565918,5.06843900680542
1998-06-21,2.5656096935272217,2.725555896759033,3.0175607204437256,2.6645119190216064,2.7860469818115234,3.0006518363952637
1998-06-22,2.1519503593444824,2.166498899459839,2.1316070556640625,2.0232114791870117,2.046257495880127,2.0321061611175537
1998-06-23,1.6610727310180664,1.6907075643539429,1.7224267721176147,1.759521245956421,1.8073813915252686,1.8532953262329102
1998-06-24,2.3908512592315674,2.5266878604888916,2.7028608322143555,2.4714818000793457,2.5938425064086914,2.7473604679107666
1998-06-25,3.502565383911133,3.591355562210083,3.6637752056121826,3.570866346359253,3.650773048400879,3.7187306880950928
1998-06-26,2.7255232334136963,2.860138177871704,3.038635730743408,2.597810983657837,2.6991777420043945,2.8464548587799072
1998-06-27,1.6394877433776855,1.6959049701690674,1.736570954322815,1.6952996253967285,1.7365708351135254,1.763098120689392
1998-06-28,1.9260878562927246,2.02575421333313,2.180044174194336,1.8796848058700562,1.9659583568572998,2.104228973388672
1998-06-29,3.3061256408691406,3.2759995460510254,3.2470555305480957,3.163569688796997,3.1354684829711914,3.113300323486328
1998-06-30,3.133355140686035,3.27876353263855,3.4220340251922607,3.162139654159546,3.2927181720733643,3.421873092651367
1998-07-01,2.986384630203247,3.0687687397003174,3.2453815937042236,3.1352732181549072,3.1544291973114014,3.242453098297119
1998-07-02,5.793429851531982,5.8660502433776855,5.9996232986450195,5.903031826019287,5.981194496154785,6.104769229888916
1998-07-03,1.9897934198379517,2.0433971881866455,2.110196590423584,1.9756674766540527,2.024660110473633,2.0960872173309326
1998-07-04,1.396536946296692,1.429213523864746,1.5304218530654907,1.3993868827819824,1.4395064115524292,1.535966157913208
1998-07-05,2.6633360385894775,2.762305736541748,2.907667636871338,2.5691912174224854,2.639369249343872,2.7476067543029785
1998-07-06,2.6761152744293213,2.639254570007324,2.5825228691101074,2.726942777633667,2.6951375007629395,2.642683267593384
1998-07-07,4.632551670074463,4.780527591705322,4.902289867401123,4.581934452056885,4.724958896636963,4.843238353729248
1998-07-08,3.4052579402923584,3.5540497303009033,3.710777997970581,3.3881514072418213,3.5179402828216553,3.64762282371521
1998-07-09,1.9040135145187378,1.9931402206420898,2.1419081687927246,1.958690881729126,2.035315752029419,2.158271312713623
1998-07-10,3.451101064682007,3.558807134628296,3.6970889568328857,3.5172224044799805,3.6116719245910645,3.7212018966674805
1998-07-11,1.969696283340454,2.0812108516693115,2.1945981979370117,2.047764301300049,2.152099847793579,2.257753849029541
1998-07-12,2.41076397895813,2.4983744621276855,2.633146286010742,2.4277637004852295,2.494190216064453,2.5996222496032715
1998-07-13,3.362497329711914,3.5309319496154785,3.7014031410217285,3.0713632106781006,3.209487199783325,3.363511323928833
1998-07-14,2.2236053943634033,2.3248448371887207,2.412426233291626,2.1486809253692627,2.232588529586792,2.304771900177002
1998-07-15,2.529907464981079,2.601518392562866,2.680927276611328,2.4086756706237793,2.466435670852661,2.5308213233947754
1998-07-16,2.3665122985839844,2.3444066047668457,2.325615882873535,2.470048666000366,2.4497768878936768,2.419522762298584
1998-07-17,1.8978747129440308,1.9862744808197021,2.1042449474334717,1.965367317199707,2.0335981845855713,2.1164464950561523
1998-07-18,1.186586618423462,1.2393511533737183,1.3158329725265503,1.3155639171600342,1.3655208349227905,1.4310246706008911
1998-07-19,3.48222017288208,3.536104917526245,3.589991331100464,3.496344804763794,3.5474276542663574,3.608227014541626
1998-07-20,2.6486499309539795,2.7140450477600098,2.7858057022094727,2.6348533630371094,2.70365047454834,2.780977487564087
1998-07-21,2.9905507564544678,3.0268394947052,3.066331386566162,3.0849411487579346,3.11594295501709,3.134678363800049
1998-07-22,2.863842725753784,2.8905348777770996,2.950655460357666,2.9662818908691406,2.9845094680786133,3.025280714035034
1998-07-23,2.1536705493927,2.1890387535095215,2.2286787033081055,2.1899914741516113,2.2118659019470215,2.231881618499756
1998-07-24,1.7060734033584595,1.6895086765289307,1.6736972332000732,1.7725863456726074,1.7567218542099,1.732710361480713
1998-07-25,1.7475650310516357,1.794560194015503,1.8317581415176392,1.795462727546692,1.8605421781539917,1.9188722372055054
1998-07-26,2.945542335510254,3.0774385929107666,3.219085693359375,2.8945648670196533,3.0162549018859863,3.1555962562561035
1998-07-27,1.447352409362793,1.4598361253738403,1.5003137588500977,1.4689050912857056,1.474576473236084,1.4977123737335205
1998-07-28,2.841726779937744,2.881401777267456,2.8747308254241943,2.7494735717773438,2.797032117843628,2.797243595123291
1998-07-29,1.346666693687439,1.3999075889587402,1.463454246520996,1.341113567352295,1.3790041208267212,1.4242007732391357
1998-07-30,3.2069380283355713,3.2873759269714355,3.410392999649048,3.230348587036133,3.3036305904388428,3.4050650596618652
1998-07-31,2.3838727474212646,2.4697911739349365,2.5598225593566895,2.4526593685150146,2.5312161445617676,2.6135449409484863
1998-08-01,1.5866413116455078,1.6894816160202026,1.8029110431671143,1.4819250106811523,1.5696355104446411,1.6619508266448975
1998-08-02,1.6696847677230835,1.5952826738357544,1.604951024055481,1.643217921257019,1.5851200819015503,1.5894662141799927
1998-08-03,2.061007022857666,2.035285472869873,2.0110785961151123,1.8866060972213745,1.8577347993850708,1.8304977416992188
1998-08-04,3.5193371772766113,3.526533365249634,3.5798537731170654,3.559605360031128,3.550835132598877,3.57674241065979
1998-08-05,4.780178070068359,4.926851749420166,5.076612949371338,4.754692077636719,4.884943962097168,5.004708290100098
1998-08-06,2.4096412658691406,2.442045211791992,2.555152654647827,2.6156604290008545,2.6338932514190674,2.7005956172943115
1998-08-07,4.444739818572998,4.503126621246338,4.545736789703369,4.506739139556885,4.5662641525268555,4.606691360473633
1998-08-08,2.051062822341919,2.201713800430298,2.3740391731262207,1.8996015787124634,2.032419443130493,2.1916933059692383
1998-08-09,3.740572690963745,3.830983877182007,4.003239631652832,3.6350438594818115,3.694204568862915,3.819281578063965
1998-08-10,4.269346714019775,4.436916828155518,4.639634132385254,4.26609468460083,4.406581401824951,4.5651960372924805
1998-08-11,2.955660820007324,3.0683035850524902,3.2153608798980713,3.024089813232422,3.121899366378784,3.2441565990448
1998-08-12,1.934230089187622,1.9526336193084717,1.9957572221755981,2.009683847427368,1.993778944015503,1.995495080947876
1998-08-13,4.810370922088623,4.845062255859375,4.899035930633545,4.634788513183594,4.687037467956543,4.757968902587891
1998-08-14,3.770850658416748,3.9375617504119873,4.137071132659912,3.6350009441375732,3.7745790481567383,3.96003794670105
1998-08-15,3.7900259494781494,3.902684211730957,4.037964820861816,3.723844051361084,3.821392774581909,3.9424610137939453
1998-08-16,1.681519627571106,1.6915123462677002,1.7140426635742188,1.6196669340133667,1.6294208765029907,1.646355390548706
1998-08-17,3.2870895862579346,3.337467908859253,3.4566428661346436,3.2434751987457275,3.271507978439331,3.350104570388794
1998-08-18,4.784731388092041,4.864864826202393,4.966156005859375,4.790148735046387,4.854987621307373,4.922352313995361
1998-08-19,2.2135732173919678,2.260622024536133,2.3298532962799072,2.2106339931488037,2.2603883743286133,2.3247458934783936
1998-08-20,3.015019178390503,3.0978777408599854,3.2014541625976562,2.7512824535369873,2.8176755905151367,2.89460825920105
1998-08-21,3.4920623302459717,3.526714563369751,3.5715646743774414,3.40612530708313,3.432809591293335,3.4676215648651123
1998-08-22,1.148392915725708,1.2240430116653442,1.3216315507888794,1.139339566230774,1.1990190744400024,1.2693992853164673
1998-08-23,1.3447611331939697,1.4374685287475586,1.548654556274414,1.2977184057235718,1.393091082572937,1.5033169984817505
1998-08-24,1.2867251634597778,1.305732250213623,1.336784839630127,1.1605520248413086,1.1561230421066284,1.1647634506225586
1998-08-25,2.718233108520508,2.8156325817108154,2.9645743370056152,2.717782497406006,2.8003089427948,2.9160540103912354
1998-08-26,3.111973524093628,3.033149480819702,2.89390230178833,3.1513915061950684,3.06148362159729,2.9122273921966553
1998-08-27,4.370461940765381,4.534496784210205,4.739139556884766,4.2553629875183105,4.405391216278076,4.581291675567627
1998-08-28,1.1673862934112549,1.1394424438476562,1.0676872730255127,1.2401342391967773,1.2153748273849487,1.1580541133880615
1998-08-29,3.545349597930908,3.6493098735809326,3.8085482120513916,3.5088083744049072,3.589245557785034,3.6883018016815186
1998-08-30,1.4269928932189941,1.455714464187622,1.4794914722442627,1.5771546363830566,1.6165343523025513,1.65142023563385
1998-08-31,0.983325719833374,1.0111409425735474,1.0633580684661865,1.0256856679916382,1.047333836555481,1.0900111198425293
1998-09-01,5.381860256195068,5.517427921295166,5.659367084503174,5.417387008666992,5.504983901977539,5.580288887023926
1998-09-02,3.9371676445007324,4.143486022949219,4.376571178436279,3.81992506980896,4.0049004554748535,4.2121052742004395
1998-09-03,2.056931495666504,2.0778985023498535,2.1072499752044678,2.0384750366210938,2.0318820476531982,2.022700071334839
1998-09-04,4.195913791656494,4.236155986785889,4.316913604736328,4.124894618988037,4.157810688018799,4.236186981201172
1998-09-05,3.5955810546875,3.645819902420044,3.751479148864746,3.6791293621063232,3.7066447734832764,3.7692906856536865
1998-09-06,2.4579334259033203,2.590932607650757,2.7163569927215576,2.3100926876068115,2.4318106174468994,2.5511598587036133
1998-09-07,3.751549005508423,3.7812247276306152,3.810913324356079,3.743922710418701,3.760662078857422,3.7597429752349854
1998-09-08,3.905123233795166,4.033233165740967,4.202073574066162,3.9182798862457275,4.023768901824951,4.165329456329346
1998-09-09,1.7302898168563843,1.7566722631454468,1.8015297651290894,1.772581934928894,1.7903523445129395,1.8228825330734253
1998-09-10,4.563493251800537,4.684928894042969,4.868910789489746,4.462107181549072,4.558661460876465,4.702182292938232
1998-09-11,4.156902313232422,4.1933770179748535,4.237839221954346,4.212615966796875,4.232529163360596,4.265646934509277
1998-09-12,4.307928085327148,4.419351100921631,4.573824882507324,4.3653154373168945,4.441555023193359,4.5367112159729
1998-09-13,1.6852917671203613,1.7107666730880737,1.8018780946731567,1.7133700847625732,1.7118948698043823,1.7612639665603638
1998-09-14,3.6452219486236572,3.74715256690979,3.8919081687927246,3.636528491973877,3.7162444591522217,3.835967540740967
1998-09-15,1.8905187845230103,1.9849679470062256,2.0801267623901367,1.8937759399414062,1.9823464155197144,2.0624470710754395
1998-09-16,4.415091514587402,4.467934608459473,4.547159194946289,4.4243268966674805,4.459193229675293,4.499764919281006
1998-09-17,4.268686771392822,4.292967796325684,4.3455424308776855,4.418668270111084,4.434037685394287,4.464230537414551
1998-09-18,3.426565647125244,3.597576379776001,3.788813591003418,3.2742106914520264,3.4363183975219727,3.613818407058716
1998-09-19,1.4849482774734497,1.5600013732910156,1.679268479347229,1.6103113889694214,1.6640149354934692,1.7462623119354248
1998-09-20,3.276944875717163,3.294442892074585,3.303185224533081,3.249202013015747,3.2546937465667725,3.2408196926116943
1998-09-21,3.5201916694641113,3.5792605876922607,3.6050846576690674,3.646899700164795,3.702752113342285,3.7158637046813965
1998-09-22,4.135222911834717,4.1940388679504395,4.274691104888916,4.218008518218994,4.279340744018555,4.3454413414001465
1998-09-23,4.713833808898926,4.812070846557617,4.949412822723389,4.765048027038574,4.835418701171875,4.920694828033447
1998-09-24,5.706552982330322,5.847063064575195,6.102861404418945,5.5608744621276855,5.671342849731445,5.85597038269043
1998-09-25,3.7210898399353027,3.8692948818206787,4.079158782958984,3.401639699935913,3.517477035522461,3.681138277053833
1998-09-26,6.1216816902160645,6.368088722229004,6.64542293548584,5.7634968757629395,5.969119548797607,6.186482906341553
1998-09-27,5.548617839813232,5.7105865478515625,5.912817001342773,5.387658596038818,5.52229642868042,5.655909538269043
1998-09-28,3.2265684604644775,3.3564741611480713,3.535151243209839,3.1997926235198975,3.3021433353424072,3.427359104156494
1998-09-29,2.377484083175659,2.446157217025757,2.5393929481506348,2.377244234085083,2.435241460800171,2.5034339427948
1998-09-30,1.4035106897354126,1.3930352926254272,1.4135315418243408,1.3472073078155518,1.3229633569717407,1.3149787187576294
1998-10-01,4.48156213760376,4.574218273162842,4.6910505294799805,4.419044017791748,4.4980902671813965,4.597346782684326
1998-10-02,6.503288269042969,6.629183292388916,6.789015293121338,6.536189556121826,6.641073226928711,6.732911586761475
1998-10-03,3.771756649017334,3.972059726715088,4.27215051651001,3.717287063598633,3.8989152908325195,4.161078453063965
1998-10-04,1.9856963157653809,2.0599069595336914,2.1608574390411377,2.0551700592041016,2.102734327316284,2.164661169052124
1998-10-05,4.059049606323242,4.166924476623535,4.248653888702393,3.8624045848846436,3.936119794845581,3.96871018409729
1998-10-06,2.5766961574554443,2.7691116333007812,3.0538289546966553,2.3992362022399902,2.5648064613342285,2.808917284011841
1998-10-07,2.1901843547821045,2.3806443214416504,2.614868640899658,2.126542091369629,2.296691656112671,2.4987692832946777
1998-10-08,1.602111577987671,1.7248785495758057,1.8375698328018188,1.6931848526000977,1.8082245588302612,1.9099767208099365
1998-10-09,2.0518016815185547,2.192823886871338,2.3499367237091064,2.0306777954101562,2.154186248779297,2.2936148643493652
1998-10-10,1.691424012184143,1.7081447839736938,1.785788655281067,1.6281195878982544,1.643617868423462,1.7062627077102661
1998-10-11,1.4195733070373535,1.4127774238586426,1.4386595487594604,1.4794654846191406,1.4552478790283203,1.448014259338379
1998-10-12,3.855301856994629,4.009486675262451,4.125256538391113,3.830828905105591,3.9609243869781494,4.029976844787598
1998-10-13,3.4136111736297607,3.532153844833374,3.6483333110809326,3.5778300762176514,3.733811616897583,3.9082794189453125
1998-10-14,5.3724846839904785,5.439815998077393,5.55394172668457,5.144826412200928,5.181959629058838,5.255642890930176
1998-10-15,4.996477127075195,5.104684352874756,5.258668422698975,4.705422401428223,4.793126583099365,4.928812026977539
1998-10-16,4.287741661071777,4.406849384307861,4.517206192016602,3.8850533962249756,3.990003824234009,4.0974578857421875
1998-10-17,3.819486379623413,3.983250141143799,4.199859619140625,3.5983426570892334,3.7439846992492676,3.92741322517395
1998-10-18,2.0099384784698486,2.061424970626831,2.1351733207702637,1.9073630571365356,1.9417040348052979,1.9911608695983887
1998-10-19,1.17593252658844,1.2825440168380737,1.389457106590271,1.169345736503601,1.2628991603851318,1.3631243705749512
1998-10-20,1.817997694015503,1.791223406791687,1.7256247997283936,1.8212589025497437,1.81082284450531,1.762066125869751
1998-10-21,2.000710964202881,2.084897518157959,2.2507407665252686,1.9824962615966797,2.034142255783081,2.1603894233703613
1998-10-22,3.8970229625701904,3.964219808578491,4.089627742767334,3.923546314239502,3.976489543914795,4.07171630859375
1998-10-23,3.1651902198791504,3.254817247390747,3.33962082862854,3.0669968128204346,3.1408941745758057,3.205247402191162
1998-10-24,1.7968554496765137,1.8335329294204712,1.9061341285705566,1.8521124124526978,1.8682042360305786,1.908121943473816
1998-10-25,7.539403438568115,7.608373165130615,7.6434550285339355,7.594829082489014,7.627399444580078,7.609706878662109
1998-10-26,5.051867485046387,5.1647257804870605,5.345656871795654,5.008690357208252,5.075790882110596,5.211266040802002
1998-10-27,5.414953231811523,5.505414009094238,5.605023384094238,5.468400955200195,5.536677837371826,5.611730575561523
1998-10-28,1.9989067316055298,2.011308431625366,2.0643773078918457,2.1857266426086426,2.1830098628997803,2.206817865371704
1998-10-29,1.4842512607574463,1.5787299871444702,1.7753976583480835,1.4187349081039429,1.4904145002365112,1.6513276100158691
1998-10-30,5.570765018463135,5.599907875061035,5.707161903381348,5.79102897644043,5.79957914352417,5.853329658508301
1998-10-31,6.529939651489258,6.736136436462402,7.0306196212768555,6.3511223793029785,6.546703338623047,6.793604850769043
1998-11-01,2.310194253921509,2.4316139221191406,2.634782552719116,2.187601327896118,2.275665044784546,2.431614875793457
1998-11-02,5.380825519561768,5.410048007965088,5.45397424697876,5.159112453460693,5.137628555297852,5.130505084991455
1998-11-03,2.5463554859161377,2.559727430343628,2.7490200996398926,2.633312463760376,2.6082401275634766,2.731311559677124
1998-11-04,6.670830726623535,6.7226033210754395,6.775847434997559,6.851949691772461,6.895370006561279,6.900259971618652
1998-11-05,7.938190460205078,8.099802017211914,8.280928611755371,7.833019256591797,7.965338230133057,8.105978965759277
1998-11-06,6.185510635375977,6.5029215812683105,6.8951497077941895,6.384003639221191,6.683117866516113,7.017805099487305
1998-11-07,2.8270132541656494,2.768500804901123,2.778089761734009,2.871011972427368,2.8040924072265625,2.782165050506592
1998-11-08,2.937001943588257,2.951631784439087,2.9883737564086914,2.8701305389404297,2.8762643337249756,2.9046671390533447
1998-11-09,4.418091773986816,4.416667938232422,4.468376636505127,4.439907550811768,4.427661895751953,4.448451042175293
1998-11-10,4.897333145141602,4.97422981262207,5.102193355560303,4.824024677276611,4.872411727905273,4.958354473114014
1998-11-11,4.6184210777282715,4.75934362411499,4.93986701965332,4.818288326263428,4.885248184204102,4.93679666519165
1998-11-12,3.6524839401245117,3.8555519580841064,4.171810150146484,3.6218512058258057,3.7757039070129395,4.011772155761719
1998-11-13,2.768716335296631,3.008450508117676,3.350947141647339,2.780362367630005,2.9862256050109863,3.270237922668457
1998-11-14,5.199146747589111,5.30225944519043,5.392362594604492,5.160375118255615,5.250548362731934,5.3332977294921875
1998-11-15,2.607985734939575,2.598637819290161,2.5809881687164307,2.512911796569824,2.481818675994873,2.4377055168151855
1998-11-16,3.9446749687194824,3.9651477336883545,3.969144344329834,3.9681389331817627,3.9924421310424805,4.009871959686279
1998-11-17,6.862280368804932,7.055505275726318,7.302440166473389,6.930254936218262,7.1007843017578125,7.304066181182861
1998-11-18,3.376339912414551,3.5671916007995605,3.8082258701324463,3.138237237930298,3.3303568363189697,3.596583604812622
1998-11-19,4.073221683502197,4.361854076385498,4.62944221496582,3.8111793994903564,4.069494247436523,4.300201416015625
1998-11-20,2.913923978805542,2.8570659160614014,3.006758689880371,3.1803650856018066,3.075080394744873,3.0707621574401855
1998-11-21,4.451972484588623,4.499792575836182,4.5530242919921875,4.349365234375,4.369958400726318,4.421623229980469
1998-11-22,5.560821533203125,5.741613864898682,5.993722915649414,5.49669885635376,5.626363277435303,5.824095726013184
1998-11-23,4.056379318237305,4.3172149658203125,4.701745510101318,4.055596351623535,4.27760124206543,4.619328022003174
1998-11-24,4.842596054077148,4.791563510894775,4.695078372955322,4.6983113288879395,4.665746688842773,4.641331195831299
1998-11-25,4.1706085205078125,4.216491222381592,4.2300496101379395,4.179139614105225,4.212782382965088,4.2069525718688965
1998-11-26,4.432119369506836,4.419529438018799,4.37319278717041,4.370287895202637,4.346011638641357,4.311692714691162
1998-11-27,4.04995584487915,4.20009183883667,4.412346363067627,3.9072844982147217,4.001190185546875,4.123998165130615
1998-11-28,2.6671698093414307,2.739193916320801,2.87363600730896,2.5651235580444336,2.59395170211792,2.6675946712493896
1998-11-29,6.282078266143799,6.257932662963867,6.276918888092041,6.278095722198486,6.233543395996094,6.2201409339904785
1998-11-30,5.069400787353516,5.183253765106201,5.316770553588867,5.150810241699219,5.23905611038208,5.332023620605469
1998-12-01,2.947885751724243,2.9771337509155273,3.1277976036071777,3.142810821533203,3.1737937927246094,3.296189069747925
1998-12-02,7.673737049102783,7.775022983551025,7.998873233795166,7.863615989685059,7.914527416229248,8.033848762512207
1998-12-03,4.8953704833984375,4.996079444885254,5.2049102783203125,4.472142219543457,4.455334186553955,4.615796089172363
1998-12-04,2.963733434677124,3.092971086502075,3.2587544918060303,2.885725975036621,2.945685863494873,3.045443534851074
1998-12-05,3.1002063751220703,3.186084747314453,3.26178240776062,3.113786220550537,3.1514334678649902,3.206806182861328
1998-12-06,4.136815071105957,4.353786945343018,4.619967937469482,4.201680660247803,4.376601219177246,4.591928958892822
1998-12-07,5.59123420715332,5.713123321533203,5.982468128204346,5.522974014282227,5.622140407562256,5.836966037750244
1998-12-08,2.603778839111328,2.6526031494140625,2.781763792037964,2.6434433460235596,2.660098075866699,2.7297046184539795
1998-12-09,3.316629648208618,3.287681818008423,3.275135040283203,3.5083701610565186,3.4861366748809814,3.458577871322632
1998-12-10,1.802371621131897,1.808525562286377,1.807944416999817,1.825378656387329,1.8397585153579712,1.8487598896026611
1998-12-11,3.4577691555023193,3.685520648956299,4.088775634765625,3.0362846851348877,3.2418742179870605,3.6116533279418945
1998-12-12,4.347416400909424,4.349350452423096,4.384183406829834,4.52445125579834,4.506933212280273,4.507683753967285
1998-12-13,5.5685133934021,5.668117046356201,5.80803918838501,5.596141338348389,5.684401512145996,5.8103718757629395
1998-12-14,4.439790725708008,4.517301082611084,4.590018272399902,4.275166988372803,4.337719440460205,4.397335052490234
1998-12-15,2.535281181335449,2.5956990718841553,2.7037618160247803,2.457226276397705,2.493495464324951,2.5711669921875
1998-12-16,2.495063066482544,2.659268617630005,2.9139223098754883,2.4148576259613037,2.5414857864379883,2.7478809356689453
1998-12-17,3.6892802715301514,3.829238176345825,4.041443824768066,3.4306278228759766,3.5322670936584473,3.696612596511841
1998-12-18,3.489412784576416,3.6577677726745605,3.945035219192505,3.420574188232422,3.539214611053467,3.729400396347046
1998-12-19,5.395747184753418,5.478585720062256,5.544361114501953,5.143901824951172,5.200362205505371,5.243805408477783
1998-12-20,3.2938358783721924,3.2764596939086914,3.230839729309082,3.014204502105713,2.9730224609375,2.907163143157959
1998-12-21,1.4125996828079224,1.4242771863937378,1.451817274093628,1.5514791011810303,1.5594863891601562,1.5696704387664795
1998-12-22,2.9874589443206787,2.991204261779785,3.0618841648101807,2.9693896770477295,2.96968412399292,3.0220534801483154
1998-12-23,7.542330265045166,7.618434906005859,7.7681427001953125,7.803170204162598,7.8452348709106445,7.912205219268799
1998-12-24,7.862569332122803,8.059024810791016,8.253569602966309,7.766671657562256,7.924490928649902,8.097204208374023
1998-12-25,4.717235565185547,4.92175817489624,5.182807922363281,4.524132251739502,4.695882797241211,4.928908824920654
1998-12-26,2.726133108139038,2.6865627765655518,2.7511720657348633,2.5657548904418945,2.521819591522217,2.535254716873169
1998-12-27,4.303986549377441,4.335559844970703,4.451128959655762,4.341976165771484,4.334998607635498,4.388917446136475
1998-12-28,4.818092346191406,4.861361503601074,4.89173698425293,4.967196941375732,4.993791103363037,5.009110927581787
1998-12-29,4.881260871887207,5.056641101837158,5.280967712402344,4.779171943664551,4.921470642089844,5.113199710845947
1998-12-30,2.445072889328003,2.4195895195007324,2.4381496906280518,2.5791711807250977,2.5243539810180664,2.5025601387023926
1998-12-31,5.126084804534912,5.1702494621276855,5.250599384307861,5.032711505889893,5.0605549812316895,5.11306095123291
1999-01-01,6.957582950592041,7.27336311340332,7.67474889755249,6.879073619842529,7.150710105895996,7.512730121612549
1999-01-02,2.592465400695801,2.8607048988342285,3.3129873275756836,2.462174654006958,2.681797981262207,3.064833641052246
1999-01-03,6.068192958831787,6.1746506690979,6.337331295013428,6.009879112243652,6.08465576171875,6.187350749969482
1999-01-04,7.008817195892334,7.094856262207031,7.2338547706604,7.100992202758789,7.171496391296387,7.283978462219238
1999-01-05,4.200242519378662,4.252249240875244,4.28135347366333,4.26634407043457,4.329324722290039,4.385408878326416
1999-01-06,5.655133247375488,5.769360065460205,5.968757629394531,5.714662551879883,5.811344623565674,5.984484672546387
1999-01-07,7.134768486022949,7.306887149810791,7.541697978973389,7.111477851867676,7.24666690826416,7.431156158447266
1999-01-08,3.939570665359497,4.051183223724365,4.206661224365234,4.164816856384277,4.250069618225098,4.370512008666992
1999-01-09,3.6920104026794434,3.679025173187256,3.725032329559326,3.882992744445801,3.8592162132263184,3.8724260330200195
1999-01-10,8.573936462402344,8.57644271850586,8.591906547546387,8.582260131835938,8.578125,8.579434394836426
1999-01-11,8.693124771118164,9.03852367401123,9.453293800354004,8.714925765991211,9.027824401855469,9.411065101623535
1999-01-12,5.056368350982666,5.085665225982666,5.075322151184082,4.904515743255615,4.943777561187744,4.952962875366211
1999-01-13,6.37801456451416,6.505417823791504,6.738451957702637,6.345175743103027,6.439075469970703,6.625668048858643
1999-01-14,5.709505558013916,5.900845527648926,6.222661018371582,5.777578830718994,5.93619441986084,6.21646785736084
1999-01-15,2.9630846977233887,3.26798939704895,3.6806159019470215,2.9480552673339844,3.2141692638397217,3.5783116817474365
1999-01-16,2.735949754714966,2.609569549560547,2.563964366912842,3.0225484371185303,2.8832969665527344,2.7941534519195557
1999-01-17,4.477444648742676,4.447758197784424,4.375481605529785,4.6312665939331055,4.617966175079346,4.565377712249756
1999-01-18,4.714350700378418,4.710721015930176,4.744823932647705,4.779359817504883,4.780002593994141,4.823047161102295
1999-01-19,2.2677228450775146,2.2766196727752686,2.3314528465270996,2.1779754161834717,2.1868438720703125,2.23153018951416
1999-01-20,4.624469757080078,4.770795822143555,5.035737037658691,4.36626672744751,4.482049942016602,4.692406177520752
1999-01-21,4.715474605560303,4.949251174926758,5.269450664520264,4.750970840454102,4.942334175109863,5.200371742248535
1999-01-22,3.3473012447357178,3.4291374683380127,3.5217623710632324,3.4996283054351807,3.57468843460083,3.662245035171509
1999-01-23,1.4900059700012207,1.5297805070877075,1.6552389860153198,1.5517046451568604,1.5752617120742798,1.6636980772018433
1999-01-24,2.8106563091278076,2.974053382873535,3.1435444355010986,2.655745029449463,2.740823745727539,2.8575632572174072
1999-01-25,3.056490659713745,3.1181552410125732,3.2080233097076416,3.320507764816284,3.3642759323120117,3.4327681064605713
1999-01-26,6.325810432434082,6.368520736694336,6.483072280883789,6.4153313636779785,6.433743476867676,6.5107645988464355
1999-01-27,7.474249839782715,7.656490325927734,7.868957042694092,7.508798122406006,7.687408447265625,7.884217262268066
1999-01-28,5.893373012542725,5.985037803649902,6.105842113494873,5.881425380706787,5.933955192565918,6.027447700500488
1999-01-29,3.7267446517944336,3.828303098678589,4.020998001098633,3.4642493724823,3.5698113441467285,3.7490651607513428
1999-01-30,5.8803181648254395,5.98463773727417,6.194832801818848,5.797433376312256,5.868997573852539,6.035895347595215
1999-01-31,5.603656768798828,5.795193672180176,6.009861469268799,5.004110336303711,5.149609565734863,5.316065788269043
1999-02-01,3.9793307781219482,4.113076210021973,4.363980770111084,3.876410961151123,3.9707653522491455,4.160651206970215
1999-02-02,5.638011455535889,5.7910003662109375,6.061629772186279,5.5703959465026855,5.6955037117004395,5.917674541473389
1999-02-03,4.661423683166504,4.75290584564209,4.890117168426514,4.8737616539001465,4.939515590667725,5.037572860717773
1999-02-04,4.335025310516357,4.373745918273926,4.477677345275879,4.522298336029053,4.541697978973389,4.633092880249023
1999-02-05,4.967689037322998,5.0798773765563965,5.29512882232666,5.0533270835876465,5.1423773765563965,5.310581684112549
1999-02-06,3.853989839553833,4.026663780212402,4.294027805328369,3.9108259677886963,4.04915714263916,4.253782272338867
1999-02-07,2.189181327819824,2.322883129119873,2.5295186042785645,2.2703428268432617,2.385641574859619,2.5550713539123535
1999-02-08,1.7564473152160645,1.7361985445022583,1.6978179216384888,1.8200725317001343,1.8105252981185913,1.7820056676864624
1999-02-09,2.6043715476989746,2.586460590362549,2.620781898498535,2.8290469646453857,2.816471576690674,2.8176822662353516
1999-02-10,8.726165771484375,8.840503692626953,9.047707557678223,8.97034740447998,9.04360580444336,9.202978134155273
1999-02-11,5.911745548248291,6.364717960357666,6.839770793914795,5.868969440460205,6.280580043792725,6.686077117919922
1999-02-12,3.777771234512329,3.71627140045166,3.7490932941436768,3.667868137359619,3.5571093559265137,3.520052671432495
1999-02-13,2.247265100479126,2.3695600032806396,2.586968183517456,2.6446192264556885,2.7229793071746826,2.8643178939819336
1999-02-14,1.9045487642288208,1.7929465770721436,1.6955634355545044,1.747652292251587,1.6277378797531128,1.5343979597091675
1999-02-15,2.3547186851501465,2.2580149173736572,2.2928738594055176,2.6873202323913574,2.5913095474243164,2.598877429962158
1999-02-16,3.9392199516296387,3.9816606044769287,4.07429838180542,4.070843696594238,4.085480213165283,4.131067276000977
1999-02-17,4.353811264038086,4.422600746154785,4.578102111816406,4.670694828033447,4.74911642074585,4.903072357177734
1999-02-18,2.1164939403533936,2.185976266860962,2.303739547729492,2.067272186279297,2.139647960662842,2.2595691680908203
1999-02-19,2.7090930938720703,2.6389389038085938,2.7091612815856934,2.6577835083007812,2.5874814987182617,2.643765449523926
1999-02-20,6.220994472503662,6.302382946014404,6.503152847290039,6.108426094055176,6.144960880279541,6.2666802406311035
1999-02-21,7.588326930999756,7.744482517242432,7.963160037994385,7.519801139831543,7.653747081756592,7.846199989318848
1999-02-22,7.196221351623535,7.4274773597717285,7.7687907218933105,7.090526103973389,7.309179782867432,7.627315521240234
1999-02-23,4.131272792816162,4.22435188293457,4.432136058807373,4.190655708312988,4.266473770141602,4.452027320861816
1999-02-24,5.799330234527588,5.807419776916504,5.907798767089844,5.689801216125488,5.692877769470215,5.8005900382995605
1999-02-25,4.034051418304443,4.167232513427734,4.319955348968506,3.902820110321045,4.0341386795043945,4.2234320640563965
1999-02-26,3.674250841140747,3.7697360515594482,3.87021803855896,3.6550168991088867,3.720212459564209,3.808471918106079
1999-02-27,3.92718243598938,4.035461902618408,4.1752848625183105,3.813447952270508,3.8769185543060303,3.9770126342773438
1999-02-28,5.225616455078125,5.377466201782227,5.5598530769348145,5.294988632202148,5.426071643829346,5.577954292297363
1999-03-01,3.092986583709717,3.2545840740203857,3.4802780151367188,3.167914628982544,3.2866530418395996,3.47257661819458
1999-03-02,3.108536958694458,3.283586263656616,3.556952714920044,3.2480056285858154,3.386566162109375,3.593404769897461
1999-03-03,4.061733722686768,4.242619514465332,4.414139747619629,4.028077125549316,4.162273406982422,4.299760818481445
1999-03-04,3.1698813438415527,3.2424139976501465,3.3114051818847656,3.2794289588928223,3.3101441860198975,3.3510594367980957
1999-03-05,2.57244873046875,2.658506155014038,2.7729721069335938,2.6210052967071533,2.6804683208465576,2.773998260498047
1999-03-06,2.530867099761963,2.561033010482788,2.590606927871704,2.5445804595947266,2.552269220352173,2.5695648193359375
1999-03-07,4.855566024780273,4.916489124298096,5.064116477966309,4.799898147583008,4.797900199890137,4.8684539794921875
1999-03-08,4.3121747970581055,4.4690351486206055,4.633663654327393,3.978156805038452,4.131561279296875,4.325908660888672
1999-03-09,3.2542552947998047,3.2390921115875244,3.263159990310669,3.272669553756714,3.259535312652588,3.303622007369995
1999-03-10,4.719094276428223,4.870349884033203,5.058145523071289,4.837133884429932,4.976655006408691,5.156813621520996
1999-03-11,4.2032694816589355,4.3088459968566895,4.5315632820129395,3.919602870941162,4.008645534515381,4.244538307189941
1999-03-12,2.8879141807556152,2.962388038635254,3.0944032669067383,3.025606155395508,3.1034011840820312,3.2169086933135986
1999-03-13,4.938447952270508,5.03950834274292,5.181879043579102,4.791611194610596,4.887901782989502,5.042828559875488
1999-03-14,4.842209815979004,4.714593887329102,4.543514251708984,4.885526657104492,4.7832441329956055,4.653614521026611
1999-03-15,6.5000481605529785,6.619340896606445,6.79078483581543,6.606112003326416,6.701169967651367,6.838357925415039
1999-03-16,4.580336093902588,4.579056262969971,4.59146785736084,4.696076393127441,4.677415370941162,4.6753692626953125
1999-03-17,3.592055082321167,3.6528196334838867,3.7582356929779053,3.5899477005004883,3.6259925365448,3.7001335620880127
1999-03-18,3.4682445526123047,3.497119426727295,3.596712112426758,3.4598116874694824,3.4763846397399902,3.5416078567504883
1999-03-19,2.7182629108428955,2.7969136238098145,2.9487433433532715,2.8783926963806152,2.9277994632720947,3.0278186798095703
1999-03-20,5.431180477142334,5.499047756195068,5.601195335388184,5.445117950439453,5.468959808349609,5.513773441314697
1999-03-21,6.722641468048096,6.84865665435791,6.9895548820495605,6.7672648429870605,6.8672075271606445,6.970843315124512
1999-03-22,3.6900980472564697,3.7015016078948975,3.738706111907959,3.672565460205078,3.6613833904266357,3.6768553256988525
1999-03-23,3.4765098094940186,3.70127534866333,3.938091993331909,3.565723419189453,3.782099962234497,3.9969255924224854
1999-03-24,2.707432270050049,2.549748420715332,2.461632251739502,2.6914150714874268,2.52193284034729,2.412997007369995
1999-03-25,3.8268778324127197,3.856259346008301,3.974296808242798,3.930959701538086,3.9308505058288574,3.9900569915771484
1999-03-26,5.62013578414917,5.666541576385498,5.791192054748535,5.611561298370361,5.622110843658447,5.670852184295654
1999-03-27,5.669492244720459,5.851467132568359,6.067901611328125,5.569397449493408,5.7219977378845215,5.90325927734375
1999-03-28,5.7138495445251465,5.803916931152344,5.8938493728637695,5.5098772048950195,5.5648369789123535,5.636035442352295
1999-03-29,6.415310859680176,6.496898174285889,6.653691291809082,6.3649516105651855,6.4137091636657715,6.528231620788574
1999-03-30,2.3696067333221436,2.443756341934204,2.561350107192993,2.3367109298706055,2.4003188610076904,2.504516363143921
1999-03-31,3.351431369781494,3.456528425216675,3.556413412094116,3.3579559326171875,3.459547996520996,3.564293146133423
1999-04-01,6.270383834838867,6.381775379180908,6.5588483810424805,6.064857482910156,6.1781110763549805,6.369018077850342
1999-04-02,4.643342018127441,4.907477855682373,5.201648712158203,4.661366939544678,4.915976524353027,5.197851181030273
1999-04-03,1.4783669710159302,1.5714473724365234,1.7504693269729614,1.6501535177230835,1.753279685974121,1.9381388425827026
1999-04-04,4.772092342376709,4.8831024169921875,5.0060625076293945,4.585066318511963,4.672983169555664,4.785433769226074
1999-04-05,6.987395286560059,7.243124961853027,7.5065155029296875,6.669800281524658,6.897151947021484,7.126814365386963
1999-04-06,5.246921062469482,5.537766933441162,5.837662220001221,4.891745090484619,5.14255952835083,5.429263114929199
1999-04-07,3.118016242980957,3.2520456314086914,3.455995798110962,3.113034963607788,3.2485179901123047,3.452455520629883
1999-04-08,2.64827299118042,2.6519479751586914,2.6644368171691895,2.691160202026367,2.6949570178985596,2.708235263824463
1999-04-09,2.4928741455078125,2.520504951477051,2.541922092437744,2.368596315383911,2.3938400745391846,2.4290883541107178
1999-04-10,7.282598972320557,7.573214054107666,7.923094272613525,7.01995849609375,7.269290924072266,7.59171199798584
1999-04-11,2.2329177856445312,2.39890193939209,2.659541130065918,2.1215949058532715,2.2675817012786865,2.5078418254852295
1999-04-12,3.582507371902466,3.551975965499878,3.5551695823669434,3.4502899646759033,3.407845973968506,3.4101319313049316
1999-04-13,4.78665018081665,4.991530418395996,5.226250171661377,4.560319423675537,4.743271350860596,4.970324993133545
1999-04-14,3.87245774269104,3.954965353012085,4.04083251953125,3.729388952255249,3.7979211807250977,3.879711151123047
1999-04-15,2.0192952156066895,2.1536881923675537,2.312216281890869,1.9037401676177979,2.034493923187256,2.1968469619750977
1999-04-16,4.222951889038086,4.336143970489502,4.46666145324707,3.980902671813965,4.082033634185791,4.199825286865234
1999-04-17,6.033145904541016,6.075433254241943,6.19406270980835,6.058133125305176,6.077322483062744,6.172697067260742
1999-04-18,6.788639068603516,6.948880672454834,7.100565433502197,6.629019737243652,6.780428409576416,6.920094013214111
1999-04-19,3.6539793014526367,3.7464396953582764,3.8144478797912598,3.4355075359344482,3.5156476497650146,3.5948593616485596
1999-04-20,3.8104074001312256,3.9617555141448975,4.163289546966553,3.787071943283081,3.9256978034973145,4.112072944641113
1999-04-21,2.7865281105041504,3.022576332092285,3.3015286922454834,2.629645586013794,2.845792531967163,3.104627847671509
1999-04-22,1.7259553670883179,1.649262547492981,1.6924971342086792,1.9165855646133423,1.8127951622009277,1.7980072498321533
1999-04-23,1.6858686208724976,1.8044483661651611,1.9992988109588623,1.6831880807876587,1.758101224899292,1.9180680513381958
1999-04-24,2.5802769660949707,2.5868499279022217,2.5407633781433105,2.664590835571289,2.678718328475952,2.6481235027313232
1999-04-25,1.6030603647232056,1.61540687084198,1.6558427810668945,1.621657371520996,1.641826868057251,1.693588376045227
1999-04-26,5.096128940582275,5.4487690925598145,5.810816287994385,5.016562461853027,5.3686747550964355,5.720654010772705
1999-04-27,4.272421836853027,4.399548053741455,4.478972911834717,4.181723594665527,4.30415153503418,4.400612831115723
1999-04-28,3.2527239322662354,3.253110885620117,3.26444673538208,3.5077710151672363,3.495708465576172,3.493582248687744
1999-04-29,3.284452438354492,3.3625547885894775,3.4521477222442627,3.321664810180664,3.391328811645508,3.467580556869507
1999-04-30,3.2362375259399414,3.1901633739471436,3.176374912261963,3.339634656906128,3.2699663639068604,3.215043306350708
1999-05-01,2.3478481769561768,2.3094608783721924,2.225512981414795,2.457545518875122,2.410104274749756,2.3074567317962646
1999-05-02,2.6221110820770264,2.612797737121582,2.603968620300293,2.6683995723724365,2.6653666496276855,2.6631052494049072
1999-05-03,4.076432228088379,4.123210430145264,4.165156841278076,4.156578063964844,4.194229602813721,4.222962856292725
1999-05-04,4.147821426391602,4.218175888061523,4.328176021575928,4.223191738128662,4.280778408050537,4.3684892654418945
1999-05-05,3.2801547050476074,3.4026081562042236,3.527869939804077,3.3240623474121094,3.436392068862915,3.5484588146209717
1999-05-06,1.8010358810424805,1.787031888961792,1.8005386590957642,1.820931077003479,1.8119785785675049,1.824547529220581
1999-05-07,2.3853983879089355,2.433028221130371,2.466888189315796,2.3393120765686035,2.385873556137085,2.4254729747772217
1999-05-08,1.9675233364105225,2.0478878021240234,2.1585640907287598,1.895526647567749,1.957983136177063,2.0379271507263184
1999-05-09,3.0429153442382812,3.049144744873047,3.0938847064971924,3.093386173248291,3.084095001220703,3.1050374507904053
1999-05-10,4.030467510223389,4.072747230529785,4.1301469802856445,4.146210193634033,4.1701788902282715,4.192633628845215
1999-05-11,3.105142831802368,3.128288745880127,3.1195740699768066,3.182279586791992,3.1952314376831055,3.165985345840454
1999-05-12,4.087867259979248,4.120545387268066,4.230514049530029,4.181441307067871,4.1889328956604,4.256405830383301
1999-05-13,3.1433520317077637,3.165290355682373,3.225480556488037,3.276498317718506,3.297234058380127,3.3296968936920166
1999-05-14,2.17738938331604,2.1651906967163086,2.1635990142822266,2.2026069164276123,2.182185649871826,2.1651322841644287
1999-05-15,3.0791189670562744,3.103036642074585,3.1721620559692383,3.2090463638305664,3.19921612739563,3.2214090824127197
1999-05-16,3.573220729827881,3.6068665981292725,3.644446849822998,3.6295392513275146,3.64457106590271,3.647747278213501
1999-05-17,1.3658792972564697,1.4180256128311157,1.4770764112472534,1.2906086444854736,1.3301234245300293,1.3680903911590576
1999-05-18,2.772275447845459,2.7802650928497314,2.807657241821289,3.0186097621917725,3.031573534011841,3.0599122047424316
1999-05-19,3.501511335372925,3.497432231903076,3.4886157512664795,3.560225248336792,3.563392400741577,3.572615623474121
1999-05-20,3.9973127841949463,3.9871933460235596,4.042073726654053,3.9915571212768555,3.965878963470459,3.98419451713562
1999-05-21,5.311010360717773,5.333993434906006,5.39037561416626,5.173502445220947,5.175652503967285,5.196446895599365
1999-05-22,2.706615924835205,2.759716510772705,2.799626111984253,2.73995304107666,2.78334641456604,2.8121464252471924
1999-05-23,4.25947380065918,4.296840190887451,4.432942867279053,4.4045000076293945,4.41788387298584,4.49111270904541
1999-05-24,4.825455665588379,4.888902187347412,5.002627372741699,4.89207649230957,4.931466579437256,5.004366874694824
1999-05-25,1.2764778137207031,1.2923513650894165,1.2853400707244873,1.193591594696045,1.209984540939331,1.2078421115875244
1999-05-26,1.342349648475647,1.3836462497711182,1.4754102230072021,1.2952821254730225,1.3394588232040405,1.4402263164520264
1999-05-27,2.477297782897949,2.452388286590576,2.4025564193725586,2.5193750858306885,2.497012138366699,2.450530767440796
1999-05-28,2.458925724029541,2.500917673110962,2.5548219680786133,2.457566976547241,2.4801552295684814,2.50573468208313
1999-05-29,2.0166852474212646,2.0280227661132812,2.0741117000579834,2.0685079097747803,2.061471462249756,2.082237482070923
1999-05-30,2.732102155685425,2.727729082107544,2.767160654067993,2.8876214027404785,2.866215229034424,2.864802837371826
1999-05-31,3.5093069076538086,3.486910820007324,3.504289150238037,3.6377768516540527,3.5986530780792236,3.5786445140838623
1999-06-01,5.11699914932251,5.2322096824646,5.362543106079102,5.14107084274292,5.242238998413086,5.34786319732666
1999-06-02,1.9006896018981934,1.9908812046051025,2.1038050651550293,1.7682548761367798,1.8517179489135742,1.9465055465698242
1999-06-03,2.6205942630767822,2.7168123722076416,2.8646399974823,2.569676399230957,2.649979829788208,2.7691140174865723
1999-06-04,1.8437508344650269,1.8439998626708984,1.834485411643982,1.8610243797302246,1.8528157472610474,1.8309794664382935
1999-06-05,2.2468435764312744,2.307417869567871,2.3511719703674316,1.9819159507751465,2.037353038787842,2.0824055671691895
1999-06-06,3.3040432929992676,3.3683505058288574,3.4396023750305176,3.381279706954956,3.440272331237793,3.4908151626586914
1999-06-07,2.447469472885132,2.43636155128479,2.524541139602661,2.6182730197906494,2.582334518432617,2.611680030822754
1999-06-08,3.9151289463043213,3.875727653503418,3.8683931827545166,3.909330129623413,3.8400704860687256,3.767221689224243
1999-06-09,1.7633665800094604,1.7551292181015015,1.757932186126709,1.7925820350646973,1.7691398859024048,1.7472366094589233
1999-06-10,3.17952036857605,3.177489757537842,3.191190481185913,3.2615649700164795,3.251116991043091,3.2424356937408447
1999-06-11,3.6812188625335693,3.7331395149230957,3.7983157634735107,3.7966980934143066,3.8318698406219482,3.8703606128692627
1999-06-12,3.766090154647827,3.9200966358184814,4.081380367279053,3.791492462158203,3.946227550506592,4.096096515655518
1999-06-13,1.3009212017059326,1.3343600034713745,1.4324209690093994,1.316789150238037,1.3376084566116333,1.4183440208435059
1999-06-14,2.3629374504089355,2.4294986724853516,2.516061782836914,2.4005327224731445,2.449394941329956,2.512202501296997
1999-06-15,1.699869155883789,1.8632886409759521,2.0386815071105957,1.7212904691696167,1.8669068813323975,2.0083422660827637
1999-06-16,2.7797048091888428,2.8898537158966064,3.038555383682251,2.953770160675049,3.0452821254730225,3.1488821506500244
1999-06-17,2.495994806289673,2.524519205093384,2.5853912830352783,2.574509859085083,2.6117472648620605,2.6790177822113037
1999-06-18,4.485602855682373,4.40231466293335,4.3310723304748535,4.261046886444092,4.170609474182129,4.075303077697754
1999-06-19,1.7682526111602783,1.7984404563903809,1.8038318157196045,1.8577669858932495,1.8812559843063354,1.884937047958374
1999-06-20,2.3229727745056152,2.3670742511749268,2.4351108074188232,2.3839242458343506,2.4169023036956787,2.47649884223938
1999-06-21,2.359490394592285,2.3740949630737305,2.4205853939056396,2.34649920463562,2.3564975261688232,2.395554542541504
1999-06-22,3.5573067665100098,3.4578118324279785,3.316927433013916,3.663896083831787,3.58718204498291,3.4613466262817383
1999-06-23,2.8579115867614746,2.9151506423950195,3.0032763481140137,2.8488128185272217,2.884443998336792,2.957689046859741
1999-06-24,4.042886734008789,4.2183027267456055,4.37576961517334,4.067867279052734,4.24050235748291,4.390251636505127
1999-06-25,2.3823680877685547,2.4680380821228027,2.544722080230713,2.389113664627075,2.4698872566223145,2.542198657989502
1999-06-26,2.4701759815216064,2.490544557571411,2.5731005668640137,2.562446117401123,2.5544745922088623,2.5916571617126465
1999-06-27,2.866010904312134,2.96563720703125,3.204815626144409,2.893129825592041,2.9860117435455322,3.178913116455078
1999-06-28,1.39272940158844,1.4284003973007202,1.487929105758667,1.3780442476272583,1.4058765172958374,1.4491974115371704
1999-06-29,1.7190346717834473,1.796907663345337,1.8679203987121582,1.7324098348617554,1.7948110103607178,1.8505409955978394
1999-06-30,2.4077112674713135,2.4079172611236572,2.4974026679992676,2.53896427154541,2.5338022708892822,2.593642473220825
1999-07-01,2.1826367378234863,2.156771183013916,2.122070550918579,2.2292699813842773,2.204834461212158,2.1661787033081055
1999-07-02,3.221053123474121,3.2210166454315186,3.1673386096954346,3.2292232513427734,3.222752332687378,3.156602144241333
1999-07-03,3.8219947814941406,3.9614458084106445,4.11037540435791,3.9573814868927,4.08051061630249,4.196521759033203
1999-07-04,2.310739755630493,2.3147192001342773,2.2935357093811035,2.3665504455566406,2.3734967708587646,2.355081081390381
1999-07-05,2.3318018913269043,2.4087042808532715,2.4920177459716797,2.4457521438598633,2.501718044281006,2.5490729808807373
1999-07-06,2.0254907608032227,2.081446647644043,2.1779274940490723,2.190675735473633,2.2406654357910156,2.3185293674468994
1999-07-07,1.2447134256362915,1.2253642082214355,1.2322360277175903,1.3796381950378418,1.3590394258499146,1.3562195301055908
1999-07-08,2.8016178607940674,2.705151319503784,2.5936381816864014,2.9740142822265625,2.9125397205352783,2.830838441848755
1999-07-09,2.071197032928467,2.117189407348633,2.165217161178589,2.044968843460083,2.0923173427581787,2.1360576152801514
1999-07-10,1.8692060708999634,1.8325775861740112,1.882729172706604,1.9021527767181396,1.854448914527893,1.871970534324646
1999-07-11,3.381058692932129,3.448676586151123,3.57433819770813,3.4570066928863525,3.520287036895752,3.620968818664551
1999-07-12,2.8519222736358643,2.948904514312744,3.0920934677124023,2.905626058578491,2.995731830596924,3.104212760925293
1999-07-13,1.8866937160491943,1.9048795700073242,1.856408715248108,1.9776561260223389,2.008929967880249,1.966705322265625
1999-07-14,0.8434599041938782,0.8209695219993591,0.8530560731887817,0.8655431866645813,0.8443925976753235,0.8688637018203735
1999-07-15,1.2645705938339233,1.2464319467544556,1.286481261253357,1.323601245880127,1.2968964576721191,1.3109878301620483
1999-07-16,2.1293795108795166,2.13185453414917,2.288560152053833,2.2767527103424072,2.2681450843811035,2.376873254776001
1999-07-17,2.9598264694213867,3.116650104522705,3.274155855178833,2.920555353164673,3.0621137619018555,3.2050600051879883
1999-07-18,1.3570441007614136,1.278026819229126,1.2122197151184082,1.451184868812561,1.379549264907837,1.315286636352539
1999-07-19,3.9003310203552246,3.9010190963745117,3.9052796363830566,3.946664333343506,3.923649311065674,3.900224208831787
1999-07-20,2.767489194869995,2.8213918209075928,2.899676561355591,2.7594454288482666,2.787569284439087,2.840977430343628
1999-07-21,2.7228763103485107,2.7285783290863037,2.738086223602295,2.7354722023010254,2.735706329345703,2.7359867095947266
1999-07-22,2.117931842803955,2.116899251937866,2.097163677215576,2.157921552658081,2.1534640789031982,2.118727922439575
1999-07-23,2.096292495727539,2.185770034790039,2.2644662857055664,2.00812029838562,2.0793609619140625,2.137281894683838
1999-07-24,1.1919325590133667,1.1777735948562622,1.2200783491134644,1.3374052047729492,1.3154798746109009,1.3409371376037598
1999-07-25,2.269697666168213,2.237649917602539,2.2028250694274902,2.3321235179901123,2.2849843502044678,2.2538089752197266
1999-07-26,3.3608078956604004,3.4065909385681152,3.429586172103882,3.3619871139526367,3.3851401805877686,3.375845193862915
1999-07-27,2.8560454845428467,2.8676304817199707,2.9380147457122803,2.767534017562866,2.7891483306884766,2.879840850830078
1999-07-28,1.8738644123077393,1.9516403675079346,2.036212682723999,1.767867088317871,1.8344627618789673,1.9121121168136597
1999-07-29,1.318077802658081,1.325514793395996,1.3463304042816162,1.4126766920089722,1.4182376861572266,1.4358899593353271
1999-07-30,2.557882308959961,2.646528959274292,2.727821111679077,2.497015953063965,2.5862128734588623,2.672001600265503
1999-07-31,2.0986781120300293,2.109210252761841,2.147951126098633,2.0258896350860596,2.029850721359253,2.055020332336426
1999-08-01,3.138869524002075,3.1279022693634033,3.1195895671844482,3.2089667320251465,3.1768438816070557,3.1306238174438477
1999-08-02,3.112539768218994,3.1326656341552734,3.150947093963623,3.223825693130493,3.2390530109405518,3.2357821464538574
1999-08-03,2.726064920425415,2.6994221210479736,2.6964094638824463,2.7021493911743164,2.6738975048065186,2.6599647998809814
1999-08-04,2.2475388050079346,2.27779483795166,2.3006742000579834,2.300928831100464,2.319417953491211,2.3258585929870605
1999-08-05,1.4504326581954956,1.4987642765045166,1.5961984395980835,1.5390324592590332,1.5746794939041138,1.640197515487671
1999-08-06,3.362114429473877,3.522808074951172,3.8132164478302,3.4859626293182373,3.613550901412964,3.825251579284668
1999-08-07,1.5611318349838257,1.6843963861465454,1.9747930765151978,1.7717220783233643,1.8750959634780884,2.1029725074768066
1999-08-08,3.9148075580596924,3.931424379348755,4.0211639404296875,4.018817901611328,4.0191802978515625,4.075140953063965
1999-08-09,3.1994380950927734,3.308868646621704,3.4617486000061035,3.126925468444824,3.2234914302825928,3.3524320125579834
1999-08-10,2.286386489868164,2.229116439819336,2.208707571029663,2.438114643096924,2.378509759902954,2.331960439682007
1999-08-11,2.452740430831909,2.4008421897888184,2.3752033710479736,2.6889843940734863,2.643789768218994,2.6087472438812256
1999-08-12,2.9329147338867188,3.0029091835021973,3.0410869121551514,2.6414291858673096,2.694258451461792,2.7172248363494873
1999-08-13,3.0994200706481934,3.153839111328125,3.2977895736694336,3.210237503051758,3.2486183643341064,3.321477174758911
1999-08-14,3.924710750579834,3.982895612716675,4.072257041931152,3.961050033569336,4.009819030761719,4.06422758102417
1999-08-15,3.198371648788452,3.2635724544525146,3.421079158782959,3.026700496673584,3.072267770767212,3.200126886367798
1999-08-16,3.157581090927124,3.233867883682251,3.35335636138916,3.07555890083313,3.11240816116333,3.1813366413116455
1999-08-17,3.0456254482269287,3.0630083084106445,3.0958948135375977,3.1005849838256836,3.1082260608673096,3.1076102256774902
1999-08-18,1.8740503787994385,1.9077703952789307,1.9915937185287476,1.8712413311004639,1.8940743207931519,1.9558507204055786
1999-08-19,1.2008416652679443,1.1454135179519653,1.1175696849822998,1.312953233718872,1.2583626508712769,1.2120739221572876
1999-08-20,3.2826998233795166,3.420257091522217,3.6045570373535156,3.192986488342285,3.3189845085144043,3.466313123703003
1999-08-21,2.4854867458343506,2.420417308807373,2.3886935710906982,2.680574417114258,2.598759889602661,2.528815507888794
1999-08-22,4.456778526306152,4.5083327293396,4.58040189743042,4.593456268310547,4.622650623321533,4.638720512390137
1999-08-23,4.9712748527526855,5.108612537384033,5.328004837036133,5.044625282287598,5.1572418212890625,5.318540096282959
1999-08-24,3.353710889816284,3.4637632369995117,3.603555202484131,3.5673506259918213,3.661701202392578,3.758941650390625
1999-08-25,1.6666386127471924,1.7824138402938843,1.9262800216674805,1.8547642230987549,1.941131830215454,2.0340447425842285
1999-08-26,1.8150655031204224,1.9244751930236816,2.0835280418395996,1.883387565612793,1.9878110885620117,2.1230626106262207
1999-08-27,3.2476208209991455,3.3092777729034424,3.383197546005249,3.255690574645996,3.310237407684326,3.355177402496338
1999-08-28,4.551692008972168,4.66697359085083,4.83917760848999,4.539322376251221,4.634034633636475,4.752898216247559
1999-08-29,2.3971846103668213,2.407367467880249,2.456118106842041,2.4716334342956543,2.4644408226013184,2.475224256515503
1999-08-30,2.467880964279175,2.5667176246643066,2.7132508754730225,2.4383275508880615,2.5152032375335693,2.6273128986358643
1999-08-31,3.6391947269439697,3.7501730918884277,3.8577754497528076,3.5772507190704346,3.675262212753296,3.7641358375549316
1999-09-01,3.0465409755706787,3.148899793624878,3.236746072769165,2.900395631790161,2.9968395233154297,3.082563638687134
1999-09-02,1.735478401184082,1.752600908279419,1.8102214336395264,1.6416319608688354,1.6406917572021484,1.672181248664856
1999-09-03,2.9290809631347656,3.0006232261657715,3.0834853649139404,3.0750017166137695,3.126434087753296,3.1666321754455566
1999-09-04,1.4367848634719849,1.4202183485031128,1.401153326034546,1.3454207181930542,1.3320770263671875,1.3203333616256714
1999-09-05,1.6971036195755005,1.7571643590927124,1.777734398841858,1.7512357234954834,1.8227967023849487,1.8596000671386719
1999-09-06,1.7352749109268188,1.701464056968689,1.7269184589385986,1.7959985733032227,1.7298948764801025,1.6985191106796265
1999-09-07,2.5930144786834717,2.522507905960083,2.524899482727051,2.854182004928589,2.794114112854004,2.7795162200927734
1999-09-08,2.6930675506591797,2.731750965118408,2.78865122795105,2.651689291000366,2.6760776042938232,2.7012031078338623
1999-09-09,1.636478304862976,1.6817141771316528,1.7253589630126953,1.5038881301879883,1.5395185947418213,1.5785510540008545
1999-09-10,3.7627553939819336,3.805508852005005,3.8514719009399414,3.7820684909820557,3.8208982944488525,3.834113359451294
1999-09-11,6.506579399108887,6.582902908325195,6.687506198883057,6.5743207931518555,6.616460800170898,6.65816593170166
1999-09-12,3.736577272415161,3.924226999282837,4.1684722900390625,3.5436084270477295,3.719541311264038,3.9268736839294434
1999-09-13,2.388411045074463,2.4346859455108643,2.536125659942627,2.3239924907684326,2.352592945098877,2.424001455307007
1999-09-14,1.8681565523147583,2.047711133956909,2.3355441093444824,1.9361693859100342,2.069756031036377,2.2763264179229736
1999-09-15,1.8008297681808472,1.8575365543365479,1.941552996635437,1.858015775680542,1.9122577905654907,1.9709028005599976
1999-09-16,2.749805450439453,2.7064406871795654,2.6507949829101562,2.7629618644714355,2.7128067016601562,2.646462917327881
1999-09-17,4.593575954437256,4.635931491851807,4.7342023849487305,4.728164196014404,4.756219863891602,4.8022284507751465
1999-09-18,4.509561061859131,4.52034330368042,4.582048416137695,4.422369003295898,4.409281253814697,4.427393913269043
1999-09-19,5.670254707336426,5.857819080352783,6.100158214569092,5.2386322021484375,5.391522407531738,5.569272041320801
1999-09-20,3.4937314987182617,3.6707847118377686,4.019158840179443,3.4320156574249268,3.559049606323242,3.8046650886535645
1999-09-21,3.5837090015411377,3.6158230304718018,3.6819887161254883,3.560415506362915,3.583049774169922,3.6064512729644775
1999-09-22,2.5537099838256836,2.6799213886260986,2.8673384189605713,2.554596185684204,2.659900426864624,2.8026788234710693
1999-09-23,1.720288634300232,1.8605998754501343,2.022345542907715,1.6417903900146484,1.7518999576568604,1.871579885482788
1999-09-24,1.3059526681900024,1.4128565788269043,1.5566174983978271,1.3165992498397827,1.4151824712753296,1.5543252229690552
1999-09-25,1.2200559377670288,1.2856305837631226,1.3794723749160767,1.2420432567596436,1.2996095418930054,1.3878134489059448
1999-09-26,1.844186782836914,1.8933219909667969,1.9870541095733643,1.8959499597549438,1.927720308303833,1.9906262159347534
1999-09-27,3.2934629917144775,3.258746385574341,3.217787504196167,3.2611217498779297,3.2298686504364014,3.180274486541748
1999-09-28,4.0002288818359375,3.977303981781006,3.979933738708496,4.268385410308838,4.228664875030518,4.198215961456299
1999-09-29,2.589524269104004,2.772047758102417,3.020329475402832,2.6075358390808105,2.766763210296631,2.9718081951141357
1999-09-30,3.726128578186035,3.7068991661071777,3.688457727432251,3.9525439739227295,3.9042365550994873,3.8221852779388428
1999-10-01,5.563712120056152,5.662481784820557,5.85731315612793,5.658892631530762,5.726324558258057,5.848971366882324
1999-10-02,5.213561058044434,5.434998035430908,5.7313337326049805,5.344249248504639,5.539485454559326,5.780379295349121
1999-10-03,1.6281771659851074,1.721576452255249,1.860031247138977,1.7218780517578125,1.7915936708450317,1.8897111415863037
1999-10-04,3.54178786277771,3.592932939529419,3.6308963298797607,3.5876739025115967,3.6269283294677734,3.6456780433654785
1999-10-05,3.080739974975586,3.227355718612671,3.445866346359253,3.0109620094299316,3.129453182220459,3.304318428039551
1999-10-06,4.309393882751465,4.301798343658447,4.300663471221924,4.409811019897461,4.383255958557129,4.3415141105651855
1999-10-07,3.726531982421875,3.8591935634613037,4.062650203704834,3.548027276992798,3.6670923233032227,3.8472249507904053
1999-10-08,2.06290864944458,2.071997880935669,2.1247503757476807,1.954107642173767,1.9337704181671143,1.9479057788848877
1999-10-09,2.073127269744873,2.0743887424468994,2.130167007446289,2.508920192718506,2.5319101810455322,2.581820487976074
1999-10-10,3.762835741043091,3.7917168140411377,3.8275279998779297,3.4174773693084717,3.4314169883728027,3.4382829666137695
1999-10-11,2.087827205657959,2.095478057861328,2.1151976585388184,2.1246542930603027,2.131223440170288,2.1450982093811035
1999-10-12,4.365715980529785,4.50809907913208,4.725526332855225,4.538930416107178,4.653754234313965,4.81298303604126
1999-10-13,3.156203269958496,3.147368907928467,3.1789066791534424,3.1214582920074463,3.080545663833618,3.0816469192504883
1999-10-14,4.419590473175049,4.37553071975708,4.417716979980469,4.701783657073975,4.6413984298706055,4.62907075881958
1999-10-15,5.00591516494751,4.948347568511963,4.91864538192749,5.309684753417969,5.246962070465088,5.1921586990356445
1999-10-16,4.026467323303223,4.244246482849121,4.52032995223999,3.8170642852783203,4.0100626945495605,4.244477272033691
1999-10-17,1.975466251373291,2.123114824295044,2.3139405250549316,1.7243810892105103,1.8462871313095093,2.02046799659729
1999-10-18,2.605787754058838,2.4051554203033447,2.2848799228668213,2.9782299995422363,2.7603647708892822,2.5730228424072266
1999-10-19,2.0981783866882324,2.0388245582580566,2.063833236694336,2.2936108112335205,2.2127840518951416,2.2112984657287598
1999-10-20,0.871936559677124,0.8460520505905151,0.8572932481765747,1.0842697620391846,1.0450845956802368,1.0168590545654297
1999-10-21,2.111237049102783,2.097339630126953,2.1738388538360596,2.2156379222869873,2.1634669303894043,2.1784515380859375
1999-10-22,2.0786218643188477,2.1734049320220947,2.4191291332244873,2.1342904567718506,2.2025346755981445,2.3861608505249023
1999-10-23,4.705679416656494,4.67579460144043,4.619065761566162,4.783478736877441,4.747287273406982,4.684591770172119
1999-10-24,4.6546831130981445,4.54787540435791,4.511524200439453,4.858907699584961,4.735421657562256,4.643556594848633
1999-10-25,3.286972999572754,3.3161418437957764,3.3797998428344727,3.3750715255737305,3.3856377601623535,3.4109952449798584
1999-10-26,2.279759645462036,2.23443865776062,2.2071187496185303,2.5460097789764404,2.5133702754974365,2.4596245288848877
1999-10-27,4.885942459106445,4.847682952880859,4.866589546203613,4.9072465896606445,4.857213973999023,4.839362621307373
1999-10-28,4.602008819580078,4.636680603027344,4.7399396896362305,4.7575364112854,4.7900214195251465,4.839478969573975
1999-10-29,2.8029282093048096,2.773010015487671,2.857072114944458,3.884084463119507,3.7953078746795654,3.77874755859375
1999-10-30,5.017016887664795,4.947113037109375,5.012887001037598,5.293849468231201,5.228884696960449,5.24910831451416
1999-10-31,4.845299243927002,4.9010090827941895,4.967843532562256,5.061282157897949,5.098712921142578,5.129668235778809
1999-11-01,2.337522268295288,2.399831771850586,2.4892942905426025,2.434138059616089,2.4826817512512207,2.5523476600646973
1999-11-02,2.8804588317871094,2.8092751502990723,2.8724632263183594,2.9136316776275635,2.817945957183838,2.8180043697357178
1999-11-03,4.950911045074463,4.972284317016602,5.0476908683776855,5.063112735748291,5.075002670288086,5.11733341217041
1999-11-04,4.999660491943359,5.018911361694336,5.0901594161987305,5.05723237991333,5.0769453048706055,5.111948013305664
1999-11-05,4.794227123260498,4.8508620262146,4.928091526031494,4.856590747833252,4.930887222290039,4.994662284851074
1999-11-06,4.3102617263793945,4.5327467918396,4.875742435455322,4.119059085845947,4.304383754730225,4.57554292678833
1999-11-07,2.953885793685913,2.987733840942383,3.123377561569214,3.125915765762329,3.133995532989502,3.198263168334961
1999-11-08,2.5155463218688965,2.518604040145874,2.539320707321167,2.501030921936035,2.4971442222595215,2.5122129917144775
1999-11-09,5.445980072021484,5.490721225738525,5.582596302032471,5.521997451782227,5.559835433959961,5.629293441772461
1999-11-10,2.8411083221435547,2.917248487472534,3.0061233043670654,2.920584201812744,2.9983367919921875,3.0754647254943848
1999-11-11,3.527658224105835,3.4844133853912354,3.5118191242218018,3.5613582134246826,3.4997951984405518,3.476166248321533
1999-11-12,2.772458076477051,2.701754331588745,2.6702051162719727,3.007436752319336,2.9413089752197266,2.8873143196105957
1999-11-13,2.5514988899230957,2.5415663719177246,2.6232032775878906,2.8004558086395264,2.77040696144104,2.789945363998413
1999-11-14,3.144556999206543,3.156606912612915,3.23105788230896,3.3485348224639893,3.3496527671813965,3.4010496139526367
1999-11-15,6.567897319793701,6.741844177246094,7.032236576080322,6.741906642913818,6.891927719116211,7.102657794952393
1999-11-16,3.2363932132720947,3.3649518489837646,3.562828540802002,3.3434817790985107,3.4477264881134033,3.5937659740448
1999-11-17,5.931065559387207,5.884781837463379,5.888609886169434,5.984195709228516,5.917144775390625,5.8583173751831055
1999-11-18,6.167418003082275,6.437227249145508,6.821025848388672,5.846787929534912,6.062595367431641,6.380678653717041
1999-11-19,3.671477794647217,3.787837266921997,3.984726667404175,3.850581169128418,3.9248998165130615,4.0507426261901855
1999-11-20,1.731297492980957,1.670517921447754,1.7417048215866089,1.8683323860168457,1.7613370418548584,1.7219445705413818
1999-11-21,3.9891676902770996,4.163468837738037,4.38745641708374,4.083345413208008,4.223143577575684,4.379859447479248
1999-11-22,2.4478156566619873,2.407397747039795,2.5168380737304688,2.4258501529693604,2.3710567951202393,2.445786476135254
1999-11-23,5.355570316314697,5.347252368927002,5.3118109703063965,5.329196453094482,5.303837299346924,5.238814353942871
1999-11-24,5.42296028137207,5.7325215339660645,6.001427173614502,5.249133586883545,5.52396821975708,5.753861904144287
1999-11-25,6.1237993240356445,6.225618362426758,6.466227054595947,6.161770343780518,6.243098258972168,6.4407267570495605
1999-11-26,6.8189802169799805,6.7428297996521,6.605833530426025,6.854866981506348,6.773019790649414,6.62356424331665
1999-11-27,5.512495994567871,5.777970314025879,6.056715965270996,5.624782085418701,5.847304821014404,6.058722019195557
1999-11-28,4.484718322753906,4.503002643585205,4.549243450164795,4.143008232116699,4.139031887054443,4.147786617279053
1999-11-29,5.586655139923096,6.032235622406006,6.462198257446289,5.280570983886719,5.717144966125488,6.117406368255615
1999-11-30,1.258620023727417,1.2860292196273804,1.3777284622192383,1.602527141571045,1.6157331466674805,1.6484148502349854
1999-12-01,5.520562171936035,5.656693458557129,6.013794898986816,5.757688522338867,5.8599324226379395,6.1281914710998535
1999-12-02,3.661473512649536,3.9372572898864746,4.279788970947266,3.654329776763916,3.881575107574463,4.12222146987915
1999-12-03,4.152427673339844,3.996943235397339,3.806002140045166,4.4711127281188965,4.2962517738342285,4.069494724273682
1999-12-04,3.3860559463500977,3.284109354019165,3.224334716796875,3.5553903579711914,3.457368850708008,3.3972184658050537
1999-12-05,3.946444511413574,3.873830795288086,3.8256375789642334,4.009833812713623,3.944701910018921,3.8939595222473145
1999-12-06,5.814794063568115,5.878531455993652,6.000582695007324,5.642801761627197,5.685695648193359,5.759657859802246
1999-12-07,8.507756233215332,8.60163688659668,8.760939598083496,8.54804515838623,8.600960731506348,8.69773006439209
1999-12-08,3.4656310081481934,3.642594814300537,3.891594409942627,3.4086968898773193,3.5732107162475586,3.7761707305908203
1999-12-09,2.9709627628326416,3.0908195972442627,3.3379838466644287,3.1589016914367676,3.2535786628723145,3.4825820922851562
1999-12-10,3.9433822631835938,3.961179494857788,3.9994237422943115,4.1435017585754395,4.1606550216674805,4.180052757263184
1999-12-11,3.9516408443450928,3.981123447418213,4.029896259307861,4.098265647888184,4.091755390167236,4.087442398071289
1999-12-12,7.156074047088623,7.199288368225098,7.351137161254883,7.293952941894531,7.311216831207275,7.407345771789551
1999-12-13,5.650704860687256,5.800271511077881,6.003471851348877,5.8861236572265625,5.978205680847168,6.093061447143555
1999-12-14,5.0521955490112305,5.188100814819336,5.471904754638672,5.1205949783325195,5.2561445236206055,5.475670337677002
1999-12-15,3.154325246810913,3.251890182495117,3.443596124649048,3.19248104095459,3.288728952407837,3.4922783374786377
1999-12-16,2.3020853996276855,2.445115089416504,2.5890276432037354,1.9957305192947388,2.105116605758667,2.2381739616394043
1999-12-17,1.1611130237579346,1.208193302154541,1.308014988899231,1.175520658493042,1.201173186302185,1.2833446264266968
1999-12-18,3.107602596282959,3.1530368328094482,3.2171266078948975,2.932847261428833,2.9403369426727295,2.966493844985962
1999-12-19,5.871638774871826,5.83442497253418,5.777599334716797,5.5621795654296875,5.488031387329102,5.411008358001709
1999-12-20,9.148307800292969,9.192610740661621,9.22264289855957,8.373579978942871,8.42636489868164,8.474409103393555
1999-12-21,6.768454074859619,7.056762218475342,7.427499294281006,6.178250789642334,6.4693169593811035,6.788549900054932
1999-12-22,2.9129931926727295,3.2374279499053955,3.6999247074127197,2.7181036472320557,2.9965789318084717,3.4007627964019775
1999-12-23,3.6543312072753906,3.603172540664673,3.5615501403808594,3.892906427383423,3.828476905822754,3.7544472217559814
1999-12-24,3.773973226547241,3.8705856800079346,4.046050071716309,3.737306594848633,3.7992396354675293,3.9072673320770264
1999-12-25,2.978870391845703,3.048417091369629,3.218569278717041,3.0176634788513184,3.073118209838867,3.1933231353759766
1999-12-26,2.968790292739868,3.1382505893707275,3.331561803817749,2.7289702892303467,2.9104230403900146,3.1200833320617676
1999-12-27,4.040353298187256,4.386738300323486,4.8836445808410645,3.9757237434387207,4.295314311981201,4.730226516723633
1999-12-28,2.263066053390503,2.293450117111206,2.5118627548217773,2.208756923675537,2.2077605724334717,2.3679912090301514
1999-12-29,2.3478078842163086,2.4489943981170654,2.7075231075286865,2.507042407989502,2.590256929397583,2.8096964359283447
1999-12-30,2.5635976791381836,2.6206533908843994,2.7775394916534424,2.6218554973602295,2.6641950607299805,2.7966201305389404
1999-12-31,6.3791961669921875,6.3521575927734375,6.530438423156738,6.591195583343506,6.552504539489746,6.663615703582764
2000-01-01,5.967042446136475,5.998761177062988,6.115039348602295,5.908991813659668,5.901473522186279,5.982851982116699
2000-01-02,7.264092922210693,7.277902126312256,7.392262935638428,7.145862579345703,7.11213493347168,7.181389331817627
2000-01-03,6.892577648162842,6.968942165374756,7.12716007232666,6.887714385986328,6.91917610168457,7.003582000732422
2000-01-04,6.167783737182617,6.254042625427246,6.4397196769714355,6.23183012008667,6.288182258605957,6.395861625671387
2000-01-05,3.9719138145446777,3.9605674743652344,4.039457321166992,4.18319845199585,4.164697170257568,4.206732273101807
2000-01-06,4.541070938110352,4.492135047912598,4.52755880355835,4.531506061553955,4.4453887939453125,4.414195537567139
2000-01-07,5.463557720184326,5.457873344421387,5.491348743438721,5.469851970672607,5.463479995727539,5.489618301391602
2000-01-08,6.091897964477539,6.0808892250061035,6.06095027923584,6.1075029373168945,6.081141471862793,6.038127422332764
2000-01-09,4.541330814361572,4.627190113067627,4.864683151245117,4.509654521942139,4.570987224578857,4.788333415985107
2000-01-10,2.5046143531799316,2.5481085777282715,2.633657693862915,2.431614637374878,2.459660291671753,2.5433108806610107
2000-01-11,1.2255462408065796,1.186989188194275,1.210959553718567,1.4302890300750732,1.4033057689666748,1.4222681522369385
2000-01-12,2.8675217628479004,2.8781182765960693,2.9750092029571533,2.954031229019165,2.956036329269409,3.015704870223999
2000-01-13,3.677934408187866,3.8199551105499268,4.123642444610596,3.3959736824035645,3.465846300125122,3.6696693897247314
2000-01-14,5.858456134796143,5.980770111083984,6.168332099914551,6.0235276222229,6.125115394592285,6.275559902191162
2000-01-15,2.9059958457946777,2.960759162902832,3.071092128753662,3.088236093521118,3.1495280265808105,3.251161813735962
2000-01-16,4.1416239738464355,4.175535202026367,4.270420074462891,4.319486618041992,4.346803188323975,4.4169921875
2000-01-17,3.4581823348999023,3.49664568901062,3.6325528621673584,3.554823398590088,3.5804998874664307,3.684581995010376
2000-01-18,4.348324298858643,4.34444522857666,4.424360275268555,4.627218723297119,4.618160724639893,4.675063610076904
2000-01-19,6.329951763153076,6.467932224273682,6.649386405944824,6.575913429260254,6.685690879821777,6.828597068786621
2000-01-20,4.970276355743408,5.004356861114502,5.061203479766846,5.205061435699463,5.237680912017822,5.294511795043945
2000-01-21,2.3186581134796143,2.4122602939605713,2.5661871433258057,2.5083200931549072,2.598468780517578,2.7305970191955566
2000-01-22,3.8931806087493896,3.897714614868164,3.9644994735717773,4.017106533050537,4.0088019371032715,4.037143230438232
2000-01-23,3.153451681137085,3.2795777320861816,3.6114072799682617,3.236004114151001,3.3276379108428955,3.592606544494629
2000-01-24,8.367191314697266,8.459521293640137,8.624072074890137,8.669611930847168,8.745774269104004,8.859885215759277
2000-01-25,5.556466579437256,5.568517684936523,5.619692802429199,5.516975402832031,5.53548002243042,5.593297958374023
2000-01-26,7.830442428588867,7.968637466430664,8.283878326416016,7.875270843505859,7.990347862243652,8.239801406860352
2000-01-27,4.35551643371582,4.4767961502075195,4.786958694458008,4.648151874542236,4.744290828704834,4.964907646179199
2000-01-28,5.116212844848633,5.198177814483643,5.376570224761963,5.168572425842285,5.231766700744629,5.351233005523682
2000-01-29,4.022935390472412,4.237607002258301,4.520720958709717,3.757225275039673,3.966367483139038,4.205090522766113
2000-01-30,3.6297662258148193,3.902618646621704,4.259223937988281,3.3328404426574707,3.568091869354248,3.857710599899292
2000-01-31,6.091522216796875,6.352591514587402,6.662376403808594,6.048044204711914,6.270192623138428,6.50457763671875
2000-02-01,5.425832271575928,5.709637641906738,6.067947864532471,5.2970194816589355,5.570472240447998,5.844266891479492
2000-02-02,3.7761220932006836,3.753201723098755,3.8001201152801514,3.9972972869873047,3.9720184803009033,3.9908370971679688
2000-02-03,3.602254867553711,3.647676944732666,3.7162327766418457,3.6744234561920166,3.7165236473083496,3.7811150550842285
2000-02-04,3.8632493019104004,3.7917747497558594,3.7781689167022705,3.8738865852355957,3.7964441776275635,3.7619762420654297
2000-02-05,6.852201461791992,7.119987487792969,7.487333297729492,6.754495143890381,7.003051280975342,7.298747539520264
2000-02-06,5.671270370483398,5.810553550720215,6.053371906280518,5.617621421813965,5.769669532775879,5.9917073249816895
2000-02-07,4.815385341644287,4.718701362609863,4.619397163391113,4.674284934997559,4.570182800292969,4.450361251831055
2000-02-08,7.094368934631348,7.271971225738525,7.543003559112549,6.853392601013184,7.035211563110352,7.282845497131348
2000-02-09,4.798185348510742,5.0700907707214355,5.396072864532471,4.72294807434082,4.959177017211914,5.244979381561279
2000-02-10,2.490485429763794,2.4563751220703125,2.5031018257141113,2.4302191734313965,2.374861001968384,2.387753963470459
2000-02-11,5.9466142654418945,6.141508102416992,6.441703796386719,5.738749980926514,5.904793739318848,6.147249221801758
2000-02-12,6.577888011932373,6.863720417022705,7.279080867767334,6.3656086921691895,6.639477729797363,7.009256839752197
2000-02-13,3.919809579849243,3.968033790588379,4.034929275512695,4.048513889312744,4.0855712890625,4.135156154632568
2000-02-14,2.8283724784851074,2.813584089279175,2.763410806655884,2.8625025749206543,2.8454716205596924,2.800398349761963
2000-02-15,5.320467948913574,5.596639156341553,5.992685317993164,5.1551032066345215,5.41660737991333,5.759693145751953
2000-02-16,2.396688938140869,2.3701791763305664,2.430713415145874,2.427488088607788,2.3682901859283447,2.375878095626831
2000-02-17,3.0696310997009277,3.046161413192749,3.0410540103912354,3.1259610652923584,3.1130428314208984,3.1146883964538574
2000-02-18,2.7338197231292725,2.7130773067474365,2.7336301803588867,2.8528988361358643,2.815697431564331,2.8352465629577637
2000-02-19,3.58117413520813,3.5651121139526367,3.556074619293213,3.6123056411743164,3.6060144901275635,3.6083223819732666
2000-02-20,3.1091396808624268,3.1547787189483643,3.3140745162963867,3.502976655960083,3.5474658012390137,3.6580541133880615
2000-02-21,4.253641605377197,4.211443901062012,4.264644145965576,4.489143371582031,4.454044342041016,4.473909854888916
2000-02-22,4.796650409698486,4.965358257293701,5.164520263671875,4.772556304931641,4.91854190826416,5.0919694900512695
2000-02-23,4.325617790222168,4.335512638092041,4.397759914398193,4.444649696350098,4.4419050216674805,4.454578399658203
2000-02-24,2.6515698432922363,2.8779265880584717,3.0970351696014404,2.4994699954986572,2.707429885864258,2.9008145332336426
2000-02-25,2.617587089538574,2.677774667739868,2.7603094577789307,2.415177583694458,2.4536550045013428,2.5118231773376465
2000-02-26,2.861994743347168,3.0411829948425293,3.3026204109191895,2.848325490951538,3.012126922607422,3.2488632202148438
2000-02-27,3.218655586242676,3.1176962852478027,3.0747928619384766,3.285753011703491,3.191692590713501,3.1457912921905518
2000-02-28,4.678660869598389,4.611012935638428,4.696230888366699,4.817838668823242,4.7127203941345215,4.731160640716553
2000-02-29,,,,,,
2000-03-01,7.917658805847168,8.078276634216309,8.336159706115723,8.183283805847168,8.313311576843262,8.50779914855957
2000-03-02,4.4383955001831055,4.511150360107422,4.6837592124938965,4.6538190841674805,4.714620590209961,4.846776962280273
2000-03-03,7.1965460777282715,7.392375946044922,7.66068696975708,7.2270894050598145,7.383370399475098,7.597113609313965
2000-03-04,3.225945234298706,3.389930486679077,3.6685633659362793,3.4075140953063965,3.5312628746032715,3.7586495876312256
2000-03-05,3.296388626098633,3.2631947994232178,3.2899746894836426,3.2645463943481445,3.2258260250091553,3.264145851135254
2000-03-06,2.8189139366149902,2.7500152587890625,2.714885950088501,2.9689102172851562,2.8863940238952637,2.8364908695220947
2000-03-07,4.700293064117432,4.823688507080078,4.963219165802002,4.4444804191589355,4.556787967681885,4.698519706726074
2000-03-08,3.3516886234283447,3.366809606552124,3.408761978149414,3.3493010997772217,3.3610565662384033,3.3786935806274414
2000-03-09,2.4167959690093994,2.4478812217712402,2.543191909790039,2.473052740097046,2.494367837905884,2.5652079582214355
2000-03-10,5.363373756408691,5.462873935699463,5.621371746063232,5.597983360290527,5.673153400421143,5.80933141708374
2000-03-11,4.226146221160889,4.295578479766846,4.351484298706055,3.9179694652557373,3.9617788791656494,4.002906322479248
2000-03-12,1.6117372512817383,1.7219051122665405,1.866454839706421,1.5114984512329102,1.6140906810760498,1.7460623979568481
2000-03-13,3.0878610610961914,3.1522815227508545,3.2375736236572266,3.0647854804992676,3.1105103492736816,3.1621997356414795
2000-03-14,3.2876765727996826,3.3368868827819824,3.4405670166015625,3.2903802394866943,3.3329803943634033,3.4081196784973145
2000-03-15,3.4322094917297363,3.5200023651123047,3.6820318698883057,3.5046095848083496,3.56797194480896,3.682034730911255
2000-03-16,2.2326154708862305,2.298691511154175,2.3969554901123047,2.152763605117798,2.2079267501831055,2.2998156547546387
2000-03-17,2.029897689819336,1.9423021078109741,1.9086742401123047,2.0690197944641113,1.9471688270568848,1.887943983078003
2000-03-18,6.783642768859863,6.868405342102051,6.990680694580078,6.560179710388184,6.635817527770996,6.768430233001709
2000-03-19,6.882084369659424,6.854659080505371,6.801822662353516,7.066611289978027,7.012580871582031,6.9190497398376465
2000-03-20,4.014632225036621,4.141528606414795,4.285980701446533,4.038541316986084,4.149017810821533,4.284123420715332
2000-03-21,1.7295501232147217,1.7089694738388062,1.6917802095413208,1.691306471824646,1.6681764125823975,1.6458996534347534
2000-03-22,2.362328290939331,2.3312644958496094,2.3705408573150635,2.4115090370178223,2.384265184402466,2.402207612991333
2000-03-23,4.686633586883545,4.861968994140625,5.096737384796143,4.693267822265625,4.839773178100586,5.028374671936035
2000-03-24,2.4656994342803955,2.6024889945983887,2.7303552627563477,2.5636746883392334,2.6883647441864014,2.7940189838409424
2000-03-25,6.069899082183838,6.01915168762207,6.017245292663574,6.050970554351807,5.977162837982178,5.930903434753418
2000-03-26,4.596863746643066,4.75321626663208,4.952570915222168,4.630649089813232,4.7561211585998535,4.902030944824219
2000-03-27,6.518338680267334,6.60935640335083,6.758279800415039,6.593492031097412,6.6445231437683105,6.722352504730225
2000-03-28,2.5309855937957764,2.571702480316162,2.6693081855773926,2.437511920928955,2.4601712226867676,2.534484624862671
2000-03-29,5.715484142303467,5.828192710876465,6.058560371398926,5.794774055480957,5.883755683898926,6.050726413726807
2000-03-30,5.052151679992676,5.126953125,5.294856548309326,5.093765735626221,5.148584365844727,5.269214630126953
2000-03-31,1.8945952653884888,2.063681125640869,2.2684969902038574,2.028196096420288,2.1788406372070312,2.3590781688690186
2000-04-01,5.674336910247803,5.731632709503174,5.8200201988220215,5.698375225067139,5.7536187171936035,5.816437244415283
2000-04-02,7.379387855529785,7.430688858032227,7.570533752441406,7.39564847946167,7.415444374084473,7.490459442138672
2000-04-03,7.322903633117676,7.641361713409424,7.998179912567139,7.245394706726074,7.545468330383301,7.8601460456848145
2000-04-04,1.840055227279663,1.8394663333892822,1.9387794733047485,1.919747233390808,1.9099724292755127,1.9821782112121582
2000-04-05,3.550509214401245,3.5590715408325195,3.6363017559051514,3.6205272674560547,3.6080400943756104,3.641732692718506
2000-04-06,5.503836154937744,5.544939041137695,5.75792932510376,5.655498027801514,5.6696248054504395,5.815447807312012
2000-04-07,10.05385971069336,10.101968765258789,10.123443603515625,9.81754207611084,9.850468635559082,9.863149642944336
2000-04-08,7.355158805847168,7.6554741859436035,8.03203010559082,7.497784614562988,7.778013706207275,8.083146095275879
2000-04-09,2.9050424098968506,2.869379758834839,2.8862698078155518,2.9791877269744873,2.954080581665039,2.972907304763794
2000-04-10,4.61558198928833,4.6678643226623535,4.7898268699646,4.846508502960205,4.855101585388184,4.910670280456543
2000-04-11,4.304787635803223,4.514790058135986,4.7505574226379395,4.4963765144348145,4.669991493225098,4.861811637878418
2000-04-12,3.2331700325012207,3.346708059310913,3.440098285675049,3.467679262161255,3.549349784851074,3.596436023712158
2000-04-13,1.257473349571228,1.271506428718567,1.2954083681106567,1.408582329750061,1.4405962228775024,1.4634346961975098
2000-04-14,2.561983108520508,2.5907962322235107,2.773162841796875,2.7431352138519287,2.7431435585021973,2.857576847076416
2000-04-15,4.368776321411133,4.4348649978637695,4.491037368774414,4.51167106628418,4.573165416717529,4.612422943115234
2000-04-16,3.1085221767425537,3.2389631271362305,3.381300687789917,3.3418521881103516,3.472257614135742,3.594062328338623
2000-04-17,2.3189470767974854,2.3399195671081543,2.3809030055999756,2.230128526687622,2.243401527404785,2.2874703407287598
2000-04-18,4.604039669036865,4.869398593902588,5.267876625061035,4.410462856292725,4.627615451812744,4.973160266876221
2000-04-19,7.179449081420898,7.333970069885254,7.55510950088501,7.085968971252441,7.20892858505249,7.384898662567139
2000-04-20,4.668843746185303,4.727508068084717,4.842519760131836,4.704274654388428,4.74317741394043,4.823888778686523
2000-04-21,6.649148464202881,6.6638078689575195,6.713039875030518,6.62135124206543,6.6092658042907715,6.623660087585449
2000-04-22,5.0110578536987305,5.112013816833496,5.201798439025879,5.051095962524414,5.127174377441406,5.197309494018555
2000-04-23,2.7888662815093994,2.9382565021514893,3.1222615242004395,2.9130563735961914,3.0521936416625977,3.2183146476745605
2000-04-24,2.926905870437622,2.8442330360412598,2.8415279388427734,2.8123714923858643,2.7158803939819336,2.6623191833496094
2000-04-25,2.7276523113250732,2.8306455612182617,2.9644041061401367,2.742539644241333,2.823742628097534,2.932201623916626
2000-04-26,5.59375,5.566307067871094,5.618790149688721,5.675424575805664,5.634933948516846,5.63364315032959
2000-04-27,5.538928031921387,5.630142688751221,5.727894306182861,5.60573673248291,5.677253246307373,5.734625339508057
2000-04-28,5.917873382568359,6.097060680389404,6.311733245849609,5.865713596343994,6.009927749633789,6.184783458709717
2000-04-29,1.8443067073822021,1.8390223979949951,1.9158562421798706,1.7703005075454712,1.7621774673461914,1.8310762643814087
2000-04-30,5.267126560211182,5.303711891174316,5.359184741973877,5.190948009490967,5.204418182373047,5.230014324188232
2000-05-01,5.6575140953063965,5.7883806228637695,5.940248489379883,5.59040641784668,5.696207523345947,5.817844867706299
2000-05-02,2.975093364715576,3.070986032485962,3.228224039077759,3.1125426292419434,3.1832964420318604,3.303356647491455
2000-05-03,2.232476234436035,2.35148024559021,2.491133451461792,2.0163989067077637,2.111447334289551,2.220837354660034
2000-05-04,4.327336311340332,4.296117782592773,4.268335819244385,4.193761348724365,4.150005340576172,4.090481758117676
2000-05-05,4.853354454040527,4.974372863769531,5.047185897827148,5.185339450836182,5.261662006378174,5.280963897705078
2000-05-06,5.407708168029785,5.41261100769043,5.346126556396484,5.260610103607178,5.288447380065918,5.21960973739624
2000-05-07,3.714064836502075,3.786046028137207,3.8487350940704346,3.51534366607666,3.5808684825897217,3.634990930557251
2000-05-08,5.2273454666137695,5.405897617340088,5.6768269538879395,5.349942207336426,5.496635913848877,5.715151309967041
2000-05-09,6.2057037353515625,6.287858009338379,6.3698954582214355,6.390575408935547,6.462151050567627,6.520809173583984
2000-05-10,2.498941659927368,2.585548162460327,2.6962757110595703,2.694675922393799,2.7781479358673096,2.8805689811706543
2000-05-11,1.544878363609314,1.5844602584838867,1.6265794038772583,1.6768343448638916,1.714756727218628,1.759849190711975
2000-05-12,1.8388162851333618,1.778550386428833,1.8363646268844604,1.9542858600616455,1.896925926208496,1.9335983991622925
2000-05-13,3.8167169094085693,3.8932220935821533,4.003416538238525,3.9560799598693848,4.015995502471924,4.099758148193359
2000-05-14,3.5828938484191895,3.7166035175323486,3.82985258102417,3.5251381397247314,3.659224033355713,3.777529239654541
2000-05-15,1.5748814344406128,1.6300363540649414,1.7326167821884155,1.6014509201049805,1.6408203840255737,1.7189087867736816
2000-05-16,3.1783480644226074,3.2459213733673096,3.3067829608917236,3.0174546241760254,3.069659471511841,3.1119637489318848
2000-05-17,2.118668794631958,2.1985385417938232,2.2704339027404785,2.1669511795043945,2.250568389892578,2.3217084407806396
2000-05-18,1.4035576581954956,1.4214872121810913,1.4463154077529907,1.4339561462402344,1.4389005899429321,1.454018473625183
2000-05-19,1.5602136850357056,1.5565787553787231,1.5801361799240112,1.8520914316177368,1.8248177766799927,1.8079657554626465
2000-05-20,1.7302790880203247,1.8025141954421997,1.8958649635314941,1.6500365734100342,1.7081397771835327,1.7840542793273926
2000-05-21,2.93973970413208,3.0845980644226074,3.249527931213379,2.674132823944092,2.8408522605895996,3.037104368209839
2000-05-22,3.023815155029297,3.090282678604126,3.138749599456787,3.096250057220459,3.1699750423431396,3.2144076824188232
2000-05-23,4.5982537269592285,4.757323741912842,4.915329933166504,4.596767902374268,4.745541572570801,4.8838419914245605
2000-05-24,1.8006107807159424,1.8306944370269775,1.8296695947647095,1.8043862581253052,1.8442398309707642,1.869018316268921
2000-05-25,3.182706594467163,3.31278133392334,3.4133362770080566,3.406268835067749,3.52126407623291,3.600140333175659
2000-05-26,1.1655627489089966,1.225185751914978,1.3178507089614868,1.2877651453018188,1.3455053567886353,1.4318033456802368
2000-05-27,6.156686782836914,6.262551784515381,6.4582200050354,6.2824835777282715,6.351315498352051,6.4860453605651855
2000-05-28,5.013470649719238,5.1132073402404785,5.274547100067139,5.06051778793335,5.14230489730835,5.264268398284912
2000-05-29,4.22067928314209,4.285658359527588,4.365124225616455,4.246000289916992,4.2952189445495605,4.348058700561523
2000-05-30,2.4176652431488037,2.51340651512146,2.6525866985321045,2.5026702880859375,2.5831425189971924,2.688235282897949
2000-05-31,2.3663442134857178,2.382866859436035,2.417405843734741,2.4637739658355713,2.474071979522705,2.496025323867798
2000-06-01,3.160585880279541,3.210416555404663,3.2736387252807617,3.3147287368774414,3.3554065227508545,3.3961880207061768
2000-06-02,3.3736073970794678,3.3815107345581055,3.3789942264556885,3.385204792022705,3.4037423133850098,3.408686637878418
2000-06-03,1.4272586107254028,1.4692827463150024,1.5200060606002808,1.3764585256576538,1.4114892482757568,1.4490082263946533
2000-06-04,2.578382730484009,2.6403043270111084,2.7120330333709717,2.7872517108917236,2.8630993366241455,2.939319133758545
2000-06-05,2.3040990829467773,2.461296319961548,2.6841654777526855,2.0005764961242676,2.112304449081421,2.284602403640747
2000-06-06,4.853189468383789,4.9122772216796875,5.079843044281006,5.208316326141357,5.243469715118408,5.332345008850098
2000-06-07,3.7261953353881836,3.7129807472229004,3.6904568672180176,4.030692100524902,4.027369976043701,4.001941680908203
2000-06-08,1.8917020559310913,1.9934157133102417,2.100781202316284,1.927232027053833,2.025242805480957,2.129173517227173
2000-06-09,3.4962539672851562,3.6160166263580322,3.7359933853149414,3.7117581367492676,3.7908663749694824,3.8495073318481445
2000-06-10,5.377468585968018,5.466335296630859,5.6493635177612305,5.668215751647949,5.717589855194092,5.8117570877075195
2000-06-11,3.203521728515625,3.3161091804504395,3.4251248836517334,3.1580255031585693,3.2739510536193848,3.387328624725342
2000-06-12,1.8621395826339722,1.8962295055389404,1.9663653373718262,1.7746942043304443,1.8081566095352173,1.8685381412506104
2000-06-13,5.104787349700928,5.087709426879883,5.158785820007324,5.263164043426514,5.224937438964844,5.252565860748291
2000-06-14,5.244838714599609,5.339028358459473,5.473058700561523,5.353384494781494,5.43386697769165,5.528869152069092
2000-06-15,4.933677673339844,5.0698137283325195,5.239152908325195,4.878262519836426,4.996547698974609,5.134293556213379
2000-06-16,2.819833993911743,2.8014516830444336,2.731064558029175,2.823389768600464,2.783179759979248,2.696230411529541
2000-06-17,2.5274975299835205,2.65676212310791,2.793576955795288,2.5542421340942383,2.672942876815796,2.8050575256347656
2000-06-18,5.089590549468994,5.075943470001221,5.022512435913086,4.813162326812744,4.794402122497559,4.748905181884766
2000-06-19,3.1512715816497803,3.226801633834839,3.3041911125183105,3.075166940689087,3.1300690174102783,3.1954824924468994
2000-06-20,2.1573472023010254,2.241659164428711,2.2944681644439697,2.4074904918670654,2.4701969623565674,2.507045030593872
2000-06-21,1.5571635961532593,1.5113577842712402,1.44618821144104,1.6843688488006592,1.6157190799713135,1.551072120666504
2000-06-22,2.170914888381958,2.177119493484497,2.1232974529266357,2.1726865768432617,2.1939384937286377,2.156878709793091
2000-06-23,2.9717326164245605,3.109121322631836,3.201850175857544,3.2438466548919678,3.3530020713806152,3.4031741619110107
2000-06-24,3.2777326107025146,3.2355475425720215,3.2221086025238037,3.151745557785034,3.115138053894043,3.103834867477417
2000-06-25,4.110236644744873,4.090939044952393,4.191927433013916,4.128209590911865,4.05811882019043,4.086783409118652
2000-06-26,5.968235969543457,5.944799900054932,5.857783794403076,6.202799320220947,6.1563310623168945,6.003455638885498
2000-06-27,4.122750759124756,4.259276866912842,4.376880168914795,4.276395320892334,4.406774520874023,4.511463165283203
2000-06-28,1.9586846828460693,2.05745267868042,2.1470947265625,2.0637736320495605,2.153093099594116,2.2292375564575195
2000-06-29,2.936580181121826,2.99391770362854,3.094529628753662,2.9087350368499756,2.94696044921875,3.0083391666412354
2000-06-30,3.910066843032837,4.022001266479492,4.125402450561523,3.8350865840911865,3.934875011444092,4.021721363067627
2000-07-01,2.2665910720825195,2.3107516765594482,2.355518341064453,2.2108123302459717,2.232764959335327,2.24772310256958
2000-07-02,2.488086700439453,2.5580646991729736,2.6183934211730957,2.413074016571045,2.4649178981781006,2.499711036682129
2000-07-03,2.123319625854492,2.1629979610443115,2.2300844192504883,2.1393725872039795,2.174398422241211,2.235285520553589
2000-07-04,4.083199977874756,4.140867710113525,4.2361931800842285,4.123089790344238,4.156844139099121,4.209249496459961
2000-07-05,1.5631194114685059,1.553669810295105,1.551535725593567,1.5256835222244263,1.5136408805847168,1.5052824020385742
2000-07-06,3.0297229290008545,3.04840087890625,3.0815927982330322,3.2993714809417725,3.311211585998535,3.3211846351623535
2000-07-07,2.6201870441436768,2.7154479026794434,2.844440221786499,2.5276811122894287,2.6066253185272217,2.71714448928833
2000-07-08,3.006531000137329,3.0558583736419678,3.0739753246307373,3.1380631923675537,3.1949541568756104,3.2082016468048096
2000-07-09,2.2993035316467285,2.3123879432678223,2.352229595184326,2.4536406993865967,2.4684534072875977,2.5012950897216797
2000-07-10,1.7745287418365479,1.754301905632019,1.725383996963501,1.8518893718719482,1.8348653316497803,1.807142972946167
2000-07-11,3.7921626567840576,3.9555978775024414,4.143611431121826,3.68927001953125,3.817164182662964,3.9500539302825928
2000-07-12,4.0753865242004395,4.121232032775879,4.23430061340332,4.335111618041992,4.389523029327393,4.471073150634766
2000-07-13,2.935748338699341,3.0638082027435303,3.2138311862945557,2.8812496662139893,2.9944190979003906,3.11539888381958
2000-07-14,3.4868385791778564,3.5252015590667725,3.6015384197235107,3.5124270915985107,3.544614315032959,3.611151933670044
2000-07-15,1.293986439704895,1.3843016624450684,1.5200073719024658,1.3339331150054932,1.39695143699646,1.4996072053909302
2000-07-16,3.8809332847595215,3.9963181018829346,4.150479793548584,3.761200189590454,3.8597044944763184,3.9937357902526855
2000-07-17,3.593067169189453,3.658291816711426,3.712170124053955,3.654876232147217,3.7061941623687744,3.731598377227783
2000-07-18,1.8722020387649536,1.944295883178711,2.015434503555298,1.9421061277389526,2.0107033252716064,2.076150417327881
2000-07-19,2.8446574211120605,2.8697140216827393,3.0563502311706543,3.0869529247283936,3.084925889968872,3.2001681327819824
2000-07-20,4.403811931610107,4.406979084014893,4.457846164703369,4.605428695678711,4.605330467224121,4.600822925567627
2000-07-21,5.324644565582275,5.442310333251953,5.590919494628906,5.402074813842773,5.491269588470459,5.591752052307129
2000-07-22,3.7412760257720947,3.954545259475708,4.1743998527526855,3.8402371406555176,4.0339131355285645,4.214565277099609
2000-07-23,1.6156209707260132,1.7088563442230225,1.819856882095337,1.7279069423675537,1.7998535633087158,1.8822437524795532
2000-07-24,3.2701563835144043,3.3157551288604736,3.396364688873291,3.3915188312530518,3.4198901653289795,3.467331886291504
2000-07-25,4.589476585388184,4.652534484863281,4.739347457885742,4.652864456176758,4.691430568695068,4.750053882598877
2000-07-26,2.928791046142578,3.0527005195617676,3.2125983238220215,2.891737699508667,2.991384983062744,3.113162040710449
2000-07-27,2.8074512481689453,2.7664198875427246,2.8349809646606445,3.373619318008423,3.3258633613586426,3.3431203365325928
2000-07-28,5.72368049621582,5.891763687133789,5.966511249542236,5.662701606750488,5.835498332977295,5.899942874908447
2000-07-29,2.1858439445495605,2.2239811420440674,2.329367160797119,2.2389414310455322,2.2663166522979736,2.334009885787964
2000-07-30,2.442497491836548,2.4395804405212402,2.4916999340057373,2.5503647327423096,2.5290377140045166,2.547098159790039
2000-07-31,2.371399164199829,2.4051010608673096,2.4836785793304443,2.3987479209899902,2.426778554916382,2.484389066696167
2000-08-01,2.088402509689331,2.1034958362579346,2.1439435482025146,2.149015188217163,2.1603009700775146,2.1823325157165527
2000-08-02,1.526271939277649,1.4979424476623535,1.4798380136489868,1.5016508102416992,1.4747061729431152,1.4498018026351929
2000-08-03,1.741655945777893,1.777463674545288,1.891522765159607,1.71000337600708,1.7400290966033936,1.8295660018920898
2000-08-04,2.1938271522521973,2.248662233352661,2.3196446895599365,2.22585129737854,2.2781972885131836,2.3389976024627686
2000-08-05,1.997552752494812,2.007643222808838,2.0615551471710205,2.2186882495880127,2.226578712463379,2.2620205879211426
2000-08-06,5.633967876434326,5.691769123077393,5.740293979644775,5.690325736999512,5.733968257904053,5.738510608673096
2000-08-07,2.989440441131592,3.119913101196289,3.2863476276397705,2.8966872692108154,3.026402473449707,3.1867995262145996
2000-08-08,1.4422907829284668,1.4913383722305298,1.552524209022522,1.3632251024246216,1.3893845081329346,1.421884298324585
2000-08-09,2.4666762351989746,2.5000438690185547,2.5451908111572266,2.527787208557129,2.554035186767578,2.5856893062591553
2000-08-10,2.573556423187256,2.6144402027130127,2.680359363555908,2.603665351867676,2.6298868656158447,2.673980951309204
2000-08-11,4.755329608917236,4.838565349578857,4.938087463378906,4.896179676055908,4.965959072113037,5.039435386657715
2000-08-12,2.178407907485962,2.2789089679718018,2.408048391342163,2.018942356109619,2.1036601066589355,2.214949607849121
2000-08-13,3.1182873249053955,3.2001395225524902,3.301466226577759,3.1170201301574707,3.1890926361083984,3.2662534713745117
2000-08-14,3.2087743282318115,3.1665594577789307,3.126638889312744,3.236521005630493,3.1921205520629883,3.1341519355773926
2000-08-15,2.651013135910034,2.7551145553588867,2.866490602493286,2.5905117988586426,2.673738479614258,2.7451701164245605
2000-08-16,2.2879371643066406,2.40214467048645,2.5887739658355713,2.3036141395568848,2.392895460128784,2.5321898460388184
2000-08-17,2.238539695739746,2.2392685413360596,2.240016222000122,2.1957194805145264,2.194725513458252,2.199718475341797
2000-08-18,5.2824859619140625,5.265807628631592,5.168570041656494,5.398249626159668,5.367770195007324,5.23038911819458
2000-08-19,4.692925453186035,4.76591682434082,4.848794460296631,4.888012409210205,4.9356279373168945,4.977858543395996
2000-08-20,5.332186698913574,5.4892048835754395,5.682043075561523,5.414412975311279,5.551895618438721,5.691911220550537
2000-08-21,1.4149435758590698,1.4668512344360352,1.5629032850265503,1.3814659118652344,1.4277681112289429,1.5176489353179932
2000-08-22,3.3398170471191406,3.406879186630249,3.538846969604492,3.5044593811035156,3.5597453117370605,3.6507985591888428
2000-08-23,2.7555134296417236,2.795862913131714,2.855266571044922,2.8827037811279297,2.9090075492858887,2.9483375549316406
2000-08-24,0.9995760917663574,0.9833706617355347,1.0203149318695068,1.0795601606369019,1.059412956237793,1.089593529701233
2000-08-25,3.324429512023926,3.440845251083374,3.5803475379943848,3.386296510696411,3.4660160541534424,3.5498883724212646
2000-08-26,2.976815938949585,3.0405960083007812,3.16078519821167,2.994835138320923,3.0468688011169434,3.1320130825042725
2000-08-27,3.9084792137145996,4.010274887084961,4.1660380363464355,3.944460391998291,4.0273590087890625,4.141909599304199
2000-08-28,2.926971435546875,2.9857141971588135,3.060479164123535,3.027402877807617,3.083827495574951,3.141361713409424
2000-08-29,1.2625254392623901,1.308308720588684,1.3697178363800049,1.2869806289672852,1.315362572669983,1.3556679487228394
2000-08-30,2.0350115299224854,2.0856101512908936,2.162339925765991,2.223299980163574,2.26241397857666,2.3210413455963135
2000-08-31,1.9458256959915161,1.9157600402832031,1.8721247911453247,1.9250818490982056,1.9001384973526,1.8661553859710693
2000-09-01,5.281476974487305,5.395621299743652,5.536543846130371,5.058635234832764,5.155459403991699,5.266077041625977
2000-09-02,4.162647724151611,4.329625129699707,4.560818672180176,4.046396732330322,4.1958537101745605,4.391444683074951
2000-09-03,2.2588112354278564,2.361276388168335,2.493300199508667,2.2516701221466064,2.3276848793029785,2.4296774864196777
2000-09-04,3.1217832565307617,3.2215077877044678,3.3297371864318848,3.1385111808776855,3.2173478603363037,3.288239002227783
2000-09-05,1.154123067855835,1.152492642402649,1.1859893798828125,1.2575724124908447,1.2583212852478027,1.2863229513168335
2000-09-06,1.9509782791137695,2.0227818489074707,2.1818015575408936,1.8481700420379639,1.8855444192886353,1.9924070835113525
2000-09-07,3.3894546031951904,3.448086738586426,3.578948736190796,3.490328550338745,3.5310041904449463,3.6165027618408203
2000-09-08,3.0097756385803223,3.0722904205322266,3.18214750289917,2.974588394165039,3.023984670639038,3.112382650375366
2000-09-09,2.1488237380981445,2.1075053215026855,2.1132593154907227,2.209782123565674,2.1621501445770264,2.143716335296631
2000-09-10,2.070016622543335,2.0806894302368164,2.133035182952881,2.2538418769836426,2.2542240619659424,2.2860982418060303
2000-09-11,1.4034963846206665,1.4345158338546753,1.4828239679336548,1.5486236810684204,1.5802075862884521,1.6176398992538452
2000-09-12,2.6052489280700684,2.6828627586364746,2.8690338134765625,2.8145835399627686,2.860260486602783,2.9754996299743652
2000-09-13,3.827866554260254,3.7756941318511963,3.752490520477295,3.879783868789673,3.8143584728240967,3.746971368789673
2000-09-14,3.3870484828948975,3.4343416690826416,3.645252227783203,3.470231771469116,3.4894421100616455,3.6516902446746826
2000-09-15,3.7747702598571777,3.822237014770508,3.892518997192383,3.8669369220733643,3.8993048667907715,3.9286844730377197
2000-09-16,3.220372200012207,3.264260768890381,3.35955548286438,3.231520414352417,3.2419493198394775,3.282397985458374
2000-09-17,1.6056016683578491,1.6734739542007446,1.7880890369415283,1.576775074005127,1.6302711963653564,1.7202445268630981
2000-09-18,1.6755213737487793,1.7270910739898682,1.8202213048934937,1.5606861114501953,1.6151372194290161,1.7117246389389038
2000-09-19,2.5689828395843506,2.568570375442505,2.6306989192962646,2.629871368408203,2.6094908714294434,2.6268668174743652
2000-09-20,4.233422756195068,4.39755916595459,4.596626281738281,4.2868757247924805,4.4370951652526855,4.582793235778809
2000-09-21,2.5512752532958984,2.548255681991577,2.5939433574676514,2.762183904647827,2.7399821281433105,2.7360055446624756
2000-09-22,6.115048885345459,6.301429271697998,6.576792240142822,6.102527141571045,6.258476257324219,6.472846508026123
2000-09-23,3.3859896659851074,3.493860960006714,3.63655161857605,3.4918746948242188,3.5607595443725586,3.63201904296875
2000-09-24,2.6733458042144775,2.757347822189331,2.8759803771972656,2.7765283584594727,2.8378329277038574,2.923642635345459
2000-09-25,3.3062970638275146,3.342244863510132,3.4014577865600586,3.3174593448638916,3.3354434967041016,3.3654215335845947
2000-09-26,3.3556618690490723,3.422640562057495,3.4991440773010254,3.4330716133117676,3.485366106033325,3.5290801525115967
2000-09-27,2.70804762840271,2.8607616424560547,3.0487277507781982,2.757387399673462,2.902080535888672,3.0658063888549805
2000-09-28,0.8894949555397034,0.92903071641922,0.9999032616615295,1.0485843420028687,1.0946768522262573,1.154083013534546
2000-09-29,2.9209282398223877,2.958080768585205,3.0256481170654297,3.001514434814453,3.0001132488250732,3.01558518409729
2000-09-30,4.634765625,4.739449501037598,4.924187183380127,4.737502098083496,4.81423282623291,4.969461917877197
2000-10-01,1.6439965963363647,1.6666086912155151,1.7606757879257202,1.7322635650634766,1.7331593036651611,1.7711567878723145
2000-10-02,3.7392446994781494,3.8629238605499268,4.079799652099609,3.8259987831115723,3.930072784423828,4.108309268951416
2000-10-03,2.884783983230591,3.1029586791992188,3.390056610107422,2.850602865219116,3.048671245574951,3.305285692214966
2000-10-04,5.768901824951172,5.725766181945801,5.69852876663208,5.4592390060424805,5.388686656951904,5.320796012878418
2000-10-05,5.449714183807373,5.630126476287842,5.753631114959717,5.3386054039001465,5.500230312347412,5.611852169036865
2000-10-06,5.606324195861816,5.662971019744873,5.742462158203125,5.67910099029541,5.718837261199951,5.778412342071533
2000-10-07,3.9154224395751953,3.8593223094940186,3.846176862716675,3.871273994445801,3.8032338619232178,3.7715909481048584
2000-10-08,4.278563499450684,4.322121620178223,4.3935933113098145,4.277358531951904,4.305736541748047,4.340134143829346
2000-10-09,2.9220659732818604,2.984929323196411,3.0816726684570312,2.6668193340301514,2.721252918243408,2.7889182567596436
2000-10-10,3.6601011753082275,3.6313912868499756,3.7381458282470703,4.058999538421631,4.009003639221191,4.075387477874756
2000-10-11,4.142165184020996,4.374866008758545,4.720134258270264,4.065247535705566,4.265349864959717,4.531732559204102
2000-10-12,5.432276725769043,5.396346092224121,5.417442798614502,5.680943965911865,5.6247711181640625,5.58327579498291
2000-10-13,1.665439486503601,1.6882768869400024,1.8007385730743408,1.7827152013778687,1.7875195741653442,1.863468050956726
2000-10-14,3.188157558441162,3.2263858318328857,3.319366455078125,3.311108350753784,3.355430841445923,3.4336435794830322
2000-10-15,1.573106288909912,1.6021385192871094,1.6572391986846924,1.7526473999023438,1.7918293476104736,1.8398603200912476
2000-10-16,3.4847238063812256,3.499425172805786,3.536947727203369,3.5988895893096924,3.607722759246826,3.6242799758911133
2000-10-17,6.226944446563721,6.3041839599609375,6.436478614807129,6.286343097686768,6.3388237953186035,6.404311656951904
2000-10-18,5.123121738433838,5.309629917144775,5.57616662979126,5.112142086029053,5.270171165466309,5.480496883392334
2000-10-19,2.6682381629943848,2.7190804481506348,2.8157830238342285,2.5463101863861084,2.5701394081115723,2.6337623596191406
2000-10-20,5.1434245109558105,5.1329803466796875,5.166305065155029,5.244030475616455,5.219395637512207,5.227441310882568
2000-10-21,4.681798934936523,4.70800256729126,4.770969390869141,4.827212333679199,4.823695182800293,4.830875396728516
2000-10-22,4.434542179107666,4.659876823425293,4.9214630126953125,4.2047319412231445,4.411595821380615,4.634986877441406
2000-10-23,2.4366626739501953,2.594623565673828,2.761338710784912,2.2528209686279297,2.385707139968872,2.5398764610290527
2000-10-24,3.5216727256774902,3.8000640869140625,4.209599494934082,3.2193644046783447,3.4508156776428223,3.7813174724578857
2000-10-25,5.174027442932129,5.387356758117676,5.69544792175293,4.99464225769043,5.174535751342773,5.419363498687744
2000-10-26,2.384976387023926,2.463132619857788,2.6066133975982666,2.267634391784668,2.3309531211853027,2.4399406909942627
2000-10-27,4.319215774536133,4.436490058898926,4.610755443572998,4.170450210571289,4.264373302459717,4.401175498962402
2000-10-28,3.8988633155822754,4.096323490142822,4.3889288902282715,3.873286008834839,4.030135631561279,4.243109226226807
2000-10-29,2.888376474380493,2.9454479217529297,3.0669705867767334,3.0512311458587646,3.0823171138763428,3.143733024597168
2000-10-30,3.8997440338134766,3.990659236907959,4.093590259552002,3.8318750858306885,3.9246976375579834,4.040733337402344
2000-10-31,4.380960464477539,4.596019268035889,4.902159690856934,4.280638694763184,4.459066390991211,4.707186698913574
2000-11-01,3.003897190093994,2.958315372467041,2.972905397415161,3.3183445930480957,3.2586662769317627,3.2219955921173096
2000-11-02,1.701849102973938,1.7601118087768555,1.8398903608322144,1.6245981454849243,1.6695071458816528,1.7460333108901978
2000-11-03,3.463773012161255,3.497429370880127,3.5889296531677246,3.4363527297973633,3.4110894203186035,3.4164507389068604
2000-11-04,4.257920265197754,4.293910503387451,4.3913350105285645,4.431647300720215,4.462014198303223,4.522175312042236
2000-11-05,6.499729633331299,6.535236358642578,6.671316623687744,6.6284003257751465,6.642752170562744,6.705966949462891
2000-11-06,6.064991474151611,6.171881675720215,6.320527076721191,6.0194010734558105,6.095670223236084,6.220427989959717
2000-11-07,3.5019924640655518,3.6016712188720703,3.7396750450134277,3.5870819091796875,3.6584267616271973,3.753042459487915
2000-11-08,2.3545889854431152,2.3981339931488037,2.5217580795288086,2.5491621494293213,2.5684587955474854,2.6382737159729004
2000-11-09,4.868931293487549,4.9194159507751465,5.013153553009033,4.8810882568359375,4.921788215637207,4.983198642730713
2000-11-10,6.779299259185791,6.7632155418396,6.791251182556152,6.608932018280029,6.563655853271484,6.571829319000244
2000-11-11,7.712070941925049,7.842350959777832,8.011462211608887,7.826534271240234,7.9386420249938965,8.077521324157715
2000-11-12,3.8436081409454346,4.129599571228027,4.465096473693848,3.959289312362671,4.224987506866455,4.519678115844727
2000-11-13,5.187286376953125,5.195926189422607,5.218931674957275,5.366804599761963,5.365038871765137,5.344626426696777
2000-11-14,4.115149021148682,4.186333179473877,4.298441410064697,4.26704740524292,4.328644752502441,4.400317192077637
2000-11-15,3.009134292602539,3.032371997833252,3.105923652648926,2.9597392082214355,2.9773194789886475,3.0386199951171875
2000-11-16,4.279604434967041,4.298601150512695,4.433385848999023,4.261136054992676,4.2721686363220215,4.360911846160889
2000-11-17,5.89006233215332,6.062429428100586,6.358806133270264,5.860757827758789,5.988555431365967,6.198270320892334
2000-11-18,5.906651496887207,5.953174591064453,6.10489559173584,5.9173712730407715,5.936776638031006,6.033964157104492
2000-11-19,5.566465854644775,5.636285781860352,5.715435028076172,5.5955634117126465,5.6609392166137695,5.729890823364258
2000-11-20,2.054764747619629,1.9452621936798096,1.8604668378829956,1.980566143989563,1.8945345878601074,1.826204776763916
2000-11-21,5.160677909851074,5.2284016609191895,5.288323879241943,4.925259590148926,4.941980361938477,4.946281909942627
2000-11-22,6.311268329620361,6.2913336753845215,6.2769880294799805,6.371001720428467,6.326590538024902,6.294896125793457
2000-11-23,6.271332740783691,6.315431594848633,6.408712863922119,6.3598809242248535,6.383637428283691,6.444745063781738
2000-11-24,6.893549919128418,7.010834217071533,7.172701835632324,6.992162227630615,7.055646896362305,7.157442569732666
2000-11-25,6.987146854400635,6.995526313781738,7.0207839012146,6.874767780303955,6.843588352203369,6.831625461578369
2000-11-26,6.431182861328125,6.54730224609375,6.719576835632324,6.615167140960693,6.703019618988037,6.780385494232178
2000-11-27,5.892768383026123,5.921065807342529,6.004337787628174,6.1270246505737305,6.131682395935059,6.136033535003662
2000-11-28,5.819024085998535,5.786139011383057,5.82247257232666,5.768526554107666,5.705367565155029,5.739650726318359
2000-11-29,7.28765869140625,7.372017860412598,7.522659778594971,7.447867393493652,7.465425491333008,7.50202751159668
2000-11-30,4.466514587402344,4.684484481811523,5.090120315551758,4.876380920410156,5.076515197753906,5.378035068511963
2000-12-01,5.462133884429932,5.475340366363525,5.458498477935791,5.576320648193359,5.567310810089111,5.539488315582275
2000-12-02,3.2643702030181885,3.365290641784668,3.4930808544158936,3.2272844314575195,3.3111412525177,3.422372579574585
2000-12-03,3.2618978023529053,3.449302911758423,3.673327684402466,3.413918972015381,3.568586826324463,3.7478644847869873
2000-12-04,4.00578498840332,4.141522407531738,4.443615913391113,4.144996643066406,4.272698879241943,4.513390064239502
2000-12-05,6.106567859649658,6.223975658416748,6.484955310821533,6.146790981292725,6.238273620605469,6.419012546539307
2000-12-06,2.373413324356079,2.526482343673706,2.770890951156616,2.332667350769043,2.4486916065216064,2.6397855281829834
2000-12-07,2.9073803424835205,2.7494406700134277,2.6147491931915283,2.9296061992645264,2.7698144912719727,2.626962661743164
2000-12-08,2.6241424083709717,2.556649684906006,2.4985363483428955,2.568434953689575,2.507072925567627,2.4721031188964844
2000-12-09,3.821218252182007,3.9062294960021973,4.043339252471924,3.7736775875091553,3.826415538787842,3.920985698699951
2000-12-10,1.9019415378570557,2.0848727226257324,2.350257635116577,2.091238021850586,2.241427421569824,2.4546854496002197
2000-12-11,7.027078151702881,7.117675304412842,7.14661979675293,6.820124626159668,6.922407627105713,6.968987941741943
2000-12-12,9.071962356567383,9.230767250061035,9.468216896057129,9.161561012268066,9.30405330657959,9.487897872924805
2000-12-13,9.926395416259766,10.077371597290039,10.171927452087402,10.141755104064941,10.280348777770996,10.379590034484863
2000-12-14,8.623849868774414,8.8580322265625,9.173105239868164,8.721056938171387,8.907732963562012,9.177902221679688
2000-12-15,6.024466514587402,6.236154079437256,6.535201549530029,5.713011264801025,5.93202543258667,6.258278846740723
2000-12-16,4.221501350402832,4.472883224487305,4.755251884460449,4.288195610046387,4.531895160675049,4.834128379821777
2000-12-17,3.990372657775879,4.1479949951171875,4.343604564666748,3.9859280586242676,4.136353015899658,4.325222492218018
2000-12-18,5.083723545074463,5.208320617675781,5.361616134643555,5.110774040222168,5.236767768859863,5.421261310577393
2000-12-19,3.633495569229126,3.757789134979248,3.905858039855957,3.7631430625915527,3.8726449012756348,4.020356178283691
2000-12-20,3.607266664505005,3.5406112670898438,3.4009225368499756,3.8258113861083984,3.7564308643341064,3.604412317276001
2000-12-21,5.754287242889404,5.984588146209717,6.222623348236084,5.668687343597412,5.862245559692383,6.0768537521362305
2000-12-22,4.700647354125977,4.757248401641846,4.843246936798096,4.929259777069092,4.970765113830566,5.0100202560424805
2000-12-23,4.140593528747559,4.1446533203125,4.187091827392578,4.372852802276611,4.353179454803467,4.348899841308594
2000-12-24,6.30256986618042,6.451120376586914,6.637929439544678,6.152946472167969,6.287747383117676,6.456141471862793
2000-12-25,10.240077018737793,10.550329208374023,10.918359756469727,10.337359428405762,10.606090545654297,10.906822204589844
2000-12-26,5.722926139831543,5.75878381729126,5.850630283355713,5.784364223480225,5.804947853088379,5.857311248779297
2000-12-27,4.92266321182251,5.095592021942139,5.313570976257324,4.818536281585693,4.991718769073486,5.226291179656982
2000-12-28,2.407301664352417,2.430232048034668,2.607196092605591,2.491243839263916,2.475862741470337,2.580286741256714
2000-12-29,5.0505194664001465,5.089592456817627,5.1109299659729,5.302382946014404,5.3291239738464355,5.326958179473877
2000-12-30,3.8857436180114746,4.012918949127197,4.077972412109375,4.0213212966918945,4.087644100189209,4.110003471374512
2000-12-31,4.602306365966797,4.539180755615234,4.517667770385742,4.380759239196777,4.2811360359191895,4.236940860748291
2001-01-01,5.9291276931762695,5.9804840087890625,6.153104782104492,6.300820827484131,6.3214111328125,6.410774230957031
2001-01-02,4.933174133300781,5.082235813140869,5.340499401092529,5.046180725097656,5.149941444396973,5.325972080230713
2001-01-03,3.7412519454956055,3.8191540241241455,3.958968162536621,3.496541976928711,3.539069414138794,3.657310724258423
2001-01-04,4.757995128631592,4.9131927490234375,5.113182067871094,4.7804975509643555,4.903992176055908,5.058847904205322
2001-01-05,3.5489299297332764,3.568833351135254,3.704139471054077,3.8074002265930176,3.775423049926758,3.7947685718536377
2001-01-06,6.048330307006836,6.161516189575195,6.371126174926758,6.128384113311768,6.1841816902160645,6.277401924133301
2001-01-07,7.972156524658203,7.997100353240967,8.108229637145996,8.276632308959961,8.279762268066406,8.320935249328613
2001-01-08,6.261067867279053,6.4861249923706055,6.781620502471924,6.233512878417969,6.398741245269775,6.604848861694336
2001-01-09,6.114941596984863,6.121582984924316,6.178324222564697,6.30331563949585,6.289180278778076,6.302729606628418
2001-01-10,4.406794548034668,4.402462005615234,4.45849609375,4.415738105773926,4.413539409637451,4.453489780426025
2001-01-11,5.779685020446777,5.805671691894531,5.851020336151123,5.805229187011719,5.824134826660156,5.854317665100098
2001-01-12,9.111763000488281,9.198624610900879,9.376774787902832,9.019948959350586,9.07557201385498,9.155827522277832
2001-01-13,5.006863594055176,5.300788402557373,5.688435077667236,5.2100605964660645,5.486588478088379,5.799050331115723
2001-01-14,1.858640193939209,1.9632174968719482,2.1725032329559326,1.8783670663833618,1.9608010053634644,2.1261072158813477
2001-01-15,6.539490222930908,6.751882553100586,7.031967639923096,6.427371501922607,6.637806415557861,6.900547027587891
2001-01-16,2.8411219120025635,3.171185255050659,3.7462856769561768,2.497316598892212,2.7610058784484863,3.2290313243865967
2001-01-17,5.43967342376709,5.352756500244141,5.277993202209473,5.747666835784912,5.673436641693115,5.584421634674072
2001-01-18,1.858484148979187,2.0641212463378906,2.4223203659057617,1.761786937713623,1.9167858362197876,2.1944098472595215
2001-01-19,4.219454288482666,4.263340473175049,4.34027099609375,4.397377014160156,4.406595706939697,4.448360919952393
2001-01-20,2.5636415481567383,2.5248146057128906,2.552830696105957,2.6795289516448975,2.656480312347412,2.6767873764038086
2001-01-21,4.077486991882324,4.122450351715088,4.249308109283447,4.188652515411377,4.21276330947876,4.287806034088135
2001-01-22,3.568892240524292,3.6661863327026367,3.7829041481018066,3.735215187072754,3.7909491062164307,3.8545291423797607
2001-01-23,2.047907590866089,2.116058111190796,2.2423532009124756,2.040600061416626,2.096010208129883,2.192007303237915
2001-01-24,2.057307004928589,1.9903290271759033,1.9931529760360718,2.475846529006958,2.3708531856536865,2.286984920501709
2001-01-25,4.915432929992676,4.829198360443115,4.792940616607666,5.147721290588379,5.066737651824951,5.025092601776123
2001-01-26,7.721653461456299,7.721564769744873,7.836211681365967,7.906986236572266,7.882872581481934,7.9442033767700195
2001-01-27,3.8867197036743164,4.087505340576172,4.447935104370117,3.565636157989502,3.734225034713745,4.027988910675049
2001-01-28,3.164884567260742,3.3890695571899414,3.734307050704956,2.86969256401062,3.054997444152832,3.3573460578918457
2001-01-29,2.6003305912017822,2.7742700576782227,3.073592185974121,2.54036021232605,2.676692247390747,2.9260787963867188
2001-01-30,4.648439407348633,4.819223403930664,5.023220062255859,4.195292949676514,4.340618133544922,4.510616302490234
2001-01-31,4.374229431152344,4.537909030914307,4.834113597869873,4.388359546661377,4.499844551086426,4.713653087615967
2001-02-01,5.530368328094482,5.641454219818115,5.8748979568481445,5.5911688804626465,5.684292793273926,5.91071891784668
2001-02-02,7.264885425567627,7.480586051940918,7.8245673179626465,6.993859767913818,7.183898448944092,7.484872817993164
2001-02-03,3.369532585144043,3.501361131668091,3.7926080226898193,3.58416748046875,3.6596593856811523,3.851783037185669
2001-02-04,4.997741222381592,5.101168155670166,5.257607460021973,5.178562641143799,5.257333755493164,5.373943328857422
2001-02-05,5.493582248687744,5.607965469360352,5.849730491638184,5.6021599769592285,5.68677282333374,5.874536991119385
2001-02-06,3.1872575283050537,3.354321241378784,3.703782320022583,3.308108329772949,3.426675796508789,3.6994457244873047
2001-02-07,4.878442287445068,4.9122467041015625,4.979506015777588,4.936576843261719,4.928225040435791,4.935762405395508
2001-02-08,3.6409757137298584,3.8394055366516113,4.136595249176025,3.7251224517822266,3.8923325538635254,4.120904922485352
2001-02-09,2.3251543045043945,2.4753739833831787,2.707050085067749,2.228971242904663,2.340512752532959,2.518414258956909
2001-02-10,5.166855812072754,5.244129657745361,5.342344284057617,5.254309177398682,5.324524879455566,5.418829917907715
2001-02-11,5.0720906257629395,5.40915584564209,5.792630672454834,4.905920028686523,5.226627826690674,5.57449197769165
2001-02-12,5.038430690765381,4.978184223175049,5.000336170196533,4.8331217765808105,4.708154678344727,4.646852016448975
2001-02-13,5.288800239562988,5.273863315582275,5.3527116775512695,5.0495076179504395,4.989962577819824,5.004522800445557
2001-02-14,4.330053329467773,4.518007278442383,4.868316650390625,4.039399147033691,4.177602291107178,4.440071105957031
2001-02-15,6.4999165534973145,6.6650309562683105,6.85303258895874,6.405471324920654,6.548206329345703,6.7311811447143555
2001-02-16,8.41667366027832,8.570802688598633,8.861688613891602,8.275334358215332,8.399166107177734,8.634782791137695
2001-02-17,6.800379276275635,7.04470682144165,7.391887664794922,6.563563823699951,6.775448322296143,7.0742998123168945
2001-02-18,2.5137739181518555,2.846402645111084,3.310943126678467,2.438495635986328,2.7321832180023193,3.1390957832336426
2001-02-19,3.9029276371002197,3.880667209625244,3.8830676078796387,4.3431854248046875,4.314338207244873,4.259778022766113
2001-02-20,1.1434117555618286,1.1376762390136719,1.162934422492981,1.1989600658416748,1.1875851154327393,1.2104108333587646
2001-02-21,2.121868371963501,2.2004191875457764,2.297288179397583,1.9771050214767456,2.0790297985076904,2.1964330673217773
2001-02-22,2.6162400245666504,2.6633894443511963,2.777283191680908,2.727259635925293,2.7684316635131836,2.859532356262207
2001-02-23,3.5226006507873535,3.6784439086914062,3.900569200515747,3.678889513015747,3.835726737976074,4.033508777618408
2001-02-24,5.523260593414307,5.503859043121338,5.528275012969971,5.650722503662109,5.618332862854004,5.610870361328125
2001-02-25,2.314411163330078,2.334892511367798,2.401566743850708,2.552525758743286,2.551224946975708,2.5907602310180664
2001-02-26,2.1327641010284424,2.245939254760742,2.4699504375457764,2.142160177230835,2.2131054401397705,2.357353687286377
2001-02-27,4.566654682159424,4.718010425567627,4.942894458770752,4.556855201721191,4.692942142486572,4.897979736328125
2001-02-28,7.058713912963867,7.247340679168701,7.555277347564697,7.22666072845459,7.3795342445373535,7.637529373168945
2001-03-01,6.9858503341674805,7.120194911956787,7.358251094818115,7.042409420013428,7.150606155395508,7.353904724121094
2001-03-02,5.766648292541504,5.85955286026001,5.9609904289245605,5.67624568939209,5.735880374908447,5.7928385734558105
2001-03-03,7.10260534286499,7.321020126342773,7.582259654998779,7.136866092681885,7.325756072998047,7.517486572265625
2001-03-04,8.174317359924316,8.3226318359375,8.569438934326172,8.187943458557129,8.31093978881836,8.491024017333984
2001-03-05,7.037467956542969,7.294581413269043,7.609487056732178,6.806284427642822,7.0153656005859375,7.275121688842773
2001-03-06,3.986064910888672,4.215665340423584,4.5286455154418945,3.903399705886841,4.083961009979248,4.329343318939209
2001-03-07,2.762594699859619,2.781752347946167,2.8292107582092285,2.841608762741089,2.841233253479004,2.8479466438293457
2001-03-08,3.5473921298980713,3.5624778270721436,3.62730073928833,3.4304635524749756,3.4431464672088623,3.508255958557129
2001-03-09,6.632541656494141,6.723809242248535,6.84268856048584,6.665353298187256,6.742802619934082,6.856658935546875
2001-03-10,3.5409605503082275,3.521104574203491,3.5988402366638184,3.854604959487915,3.8847367763519287,3.990241527557373
2001-03-11,1.8100618124008179,1.9482237100601196,2.180363416671753,1.68924081325531,1.8173800706863403,2.0377533435821533
2001-03-12,4.412970066070557,4.612894058227539,4.778167724609375,4.492328643798828,4.6523637771606445,4.745697021484375
2001-03-13,4.333223819732666,4.507056713104248,4.763794898986816,4.097461700439453,4.231757164001465,4.432914733886719
2001-03-14,4.670386791229248,4.852058410644531,5.095765113830566,4.66477632522583,4.803084373474121,4.9873366355896
2001-03-15,2.9499928951263428,3.05173921585083,3.26759672164917,2.977003335952759,3.026984930038452,3.1571977138519287
2001-03-16,6.214252471923828,6.337664604187012,6.509405136108398,6.177771091461182,6.287010192871094,6.4374003410339355
2001-03-17,5.8902201652526855,6.193708419799805,6.5849528312683105,5.417553424835205,5.669621467590332,5.9881510734558105
2001-03-18,4.670947074890137,4.811009407043457,5.013500690460205,4.576279640197754,4.67824649810791,4.824259281158447
2001-03-19,4.426927089691162,4.569396495819092,4.767508029937744,4.419240474700928,4.524466514587402,4.6713786125183105
2001-03-20,2.048866033554077,2.1090455055236816,2.2071502208709717,1.913616418838501,1.9573076963424683,2.0288143157958984
2001-03-21,2.609636068344116,2.5377001762390137,2.533214569091797,2.659363269805908,2.547253131866455,2.4926819801330566
2001-03-22,3.1055099964141846,3.24497652053833,3.576050281524658,3.3076555728912354,3.384768009185791,3.5931434631347656
2001-03-23,4.774819374084473,4.9079084396362305,5.192744255065918,4.820937156677246,4.90719747543335,5.100074768066406
2001-03-24,3.1698946952819824,3.2868518829345703,3.472203493118286,3.212167739868164,3.3049449920654297,3.4561500549316406
2001-03-25,3.321607828140259,3.4678890705108643,3.636451005935669,3.196683883666992,3.2990260124206543,3.4445383548736572
2001-03-26,3.7406153678894043,3.9337117671966553,4.090973377227783,3.3083229064941406,3.481166124343872,3.63395094871521
2001-03-27,3.7735257148742676,4.002700328826904,4.293436050415039,3.4934499263763428,3.703418731689453,3.9902524948120117
2001-03-28,1.7458510398864746,1.7022626399993896,1.6963350772857666,1.7107515335083008,1.6686052083969116,1.6718136072158813
2001-03-29,3.461925983428955,3.346799373626709,3.284712314605713,3.686480760574341,3.5613768100738525,3.4459638595581055
2001-03-30,5.191890716552734,5.2189154624938965,5.287661075592041,5.214475631713867,5.239621639251709,5.288487434387207
2001-03-31,4.081528663635254,4.082711219787598,4.105710983276367,4.183934211730957,4.158322334289551,4.1411004066467285
2001-04-01,5.909715175628662,5.981056213378906,6.079771995544434,5.952800273895264,5.997627258300781,6.056302547454834
2001-04-02,3.6584742069244385,3.770394802093506,3.979185104370117,3.811218023300171,3.897927761077881,4.066473007202148
2001-04-03,4.2348432540893555,4.201182842254639,4.2082014083862305,4.470291614532471,4.429319381713867,4.399724960327148
2001-04-04,5.170978546142578,5.205506324768066,5.289504528045654,5.1348371505737305,5.15099573135376,5.194111347198486
2001-04-05,6.19117546081543,6.260496616363525,6.384308815002441,6.110107898712158,6.162540435791016,6.261567115783691
2001-04-06,6.551445484161377,6.5648674964904785,6.576345920562744,6.483495235443115,6.518593788146973,6.552757263183594
2001-04-07,4.349804878234863,4.625739097595215,4.893209457397461,4.092920780181885,4.351388454437256,4.630974769592285
2001-04-08,4.569260120391846,4.660470008850098,4.7683186531066895,4.606451034545898,4.663325786590576,4.742851734161377
2001-04-09,3.8251023292541504,3.973473072052002,4.121862888336182,3.8117055892944336,3.92463755607605,4.053303241729736
2001-04-10,1.8353625535964966,1.9082586765289307,1.984163522720337,1.8818637132644653,1.9390599727630615,1.9996068477630615
2001-04-11,1.1005674600601196,1.176926612854004,1.303501844406128,1.1136184930801392,1.1719778776168823,1.2723026275634766
2001-04-12,2.1734325885772705,2.0415923595428467,2.0287585258483887,2.024369239807129,1.8861156702041626,1.8479253053665161
2001-04-13,5.321757793426514,5.57969856262207,5.8474249839782715,5.377830505371094,5.589855194091797,5.789017200469971
2001-04-14,2.6889326572418213,2.8729028701782227,3.155010938644409,2.7252845764160156,2.8673839569091797,3.079347848892212
2001-04-15,1.3894387483596802,1.3932926654815674,1.384973406791687,1.4312336444854736,1.4234323501586914,1.399895191192627
2001-04-16,2.1690895557403564,2.201260566711426,2.2104480266571045,2.1549131870269775,2.194697618484497,2.212397575378418
2001-04-17,3.7331368923187256,3.665773868560791,3.633544921875,3.7515499591827393,3.6924946308135986,3.6668810844421387
2001-04-18,6.06940221786499,6.130792140960693,6.180121898651123,5.943660259246826,5.990121364593506,6.014603137969971
2001-04-19,2.9832091331481934,3.011648178100586,3.0790228843688965,2.937560558319092,2.9410934448242188,2.9740779399871826
2001-04-20,3.425156831741333,3.4450881481170654,3.5044567584991455,3.371553897857666,3.3602168560028076,3.3675296306610107
2001-04-21,2.8017454147338867,2.8309953212738037,2.859616756439209,2.8192880153656006,2.8085830211639404,2.80499005317688
2001-04-22,3.8576619625091553,3.8409199714660645,3.8405089378356934,3.810354232788086,3.802267551422119,3.804774761199951
2001-04-23,2.810220718383789,2.7392654418945312,2.5942490100860596,2.823969602584839,2.7593770027160645,2.6198930740356445
2001-04-24,4.252927303314209,4.231640338897705,4.271857261657715,4.360439777374268,4.322209358215332,4.312809467315674
2001-04-25,3.8277642726898193,3.9523494243621826,4.110651016235352,3.849616289138794,3.9576897621154785,4.0807037353515625
2001-04-26,3.183819055557251,3.167243242263794,3.192289352416992,3.199281930923462,3.168191909790039,3.1646509170532227
2001-04-27,6.284421920776367,6.329035758972168,6.343454837799072,6.470126152038574,6.508642196655273,6.5161519050598145
2001-04-28,4.03222131729126,4.137668609619141,4.191291809082031,3.827972888946533,3.9310336112976074,3.9935038089752197
2001-04-29,4.9948601722717285,5.122649669647217,5.24860954284668,4.882031440734863,4.998173236846924,5.117746353149414
2001-04-30,4.278369903564453,4.409459590911865,4.548943042755127,4.29693603515625,4.414885520935059,4.5375075340271
2001-05-01,2.5466926097869873,2.536473274230957,2.555161237716675,2.5441713333129883,2.5327014923095703,2.550767660140991
2001-05-02,5.425504684448242,5.506782531738281,5.641201019287109,5.468070030212402,5.5255632400512695,5.619277000427246
2001-05-03,4.643614292144775,4.697517395019531,4.755715370178223,4.7613139152526855,4.793885707855225,4.812103748321533
2001-05-04,4.072940349578857,4.1888628005981445,4.346118450164795,3.9149434566497803,4.026819705963135,4.165130615234375
2001-05-05,5.550413608551025,5.504464149475098,5.461565971374512,5.308984279632568,5.236845016479492,5.157992839813232
2001-05-06,1.913720965385437,1.8901175260543823,1.8708432912826538,2.0067009925842285,1.9946345090866089,1.9894440174102783
2001-05-07,1.966925859451294,1.927384376525879,1.901915431022644,1.892758846282959,1.8565391302108765,1.830014944076538
2001-05-08,5.73170804977417,5.717200756072998,5.750339984893799,5.782400131225586,5.745122909545898,5.734724998474121
2001-05-09,6.254245281219482,6.324253082275391,6.398611068725586,6.316793918609619,6.362870216369629,6.401298522949219
2001-05-10,4.612447261810303,4.77062463760376,4.923425197601318,4.651185512542725,4.786758899688721,4.900585651397705
2001-05-11,2.5536227226257324,2.688835859298706,2.9449660778045654,2.5146656036376953,2.5810744762420654,2.719271421432495
2001-05-12,5.0865044593811035,5.042193412780762,4.9546966552734375,5.079200267791748,5.024252891540527,4.898704528808594
2001-05-13,5.6874003410339355,5.803406715393066,5.930683612823486,5.6339874267578125,5.729390621185303,5.812567710876465
2001-05-14,4.236139297485352,4.218924045562744,4.20915412902832,4.195979118347168,4.163442611694336,4.1214704513549805
2001-05-15,5.8424272537231445,5.9231276512146,5.966194152832031,5.804975509643555,5.890878677368164,5.940423488616943
2001-05-16,6.41348934173584,6.52289342880249,6.571121692657471,6.26904821395874,6.3919854164123535,6.462803840637207
2001-05-17,3.666456699371338,3.702545404434204,3.7054033279418945,3.6556379795074463,3.703643798828125,3.7273736000061035
2001-05-18,1.5279649496078491,1.5670843124389648,1.5984448194503784,1.3871333599090576,1.428773283958435,1.4578956365585327
2001-05-19,3.594093084335327,3.6279144287109375,3.7081806659698486,3.5323057174682617,3.554628372192383,3.6134755611419678
2001-05-20,4.051359176635742,4.097132682800293,4.160783767700195,4.229445457458496,4.265288829803467,4.317607402801514
2001-05-21,3.4247193336486816,3.4805445671081543,3.54455304145813,3.5648398399353027,3.6066582202911377,3.64603853225708
2001-05-22,5.476288318634033,5.581981658935547,5.704047203063965,5.484226703643799,5.5779643058776855,5.677037239074707
2001-05-23,2.9369091987609863,3.093270778656006,3.2332534790039062,3.086641311645508,3.228762149810791,3.3519344329833984
2001-05-24,3.3735435009002686,3.4113264083862305,3.4671547412872314,3.4045190811157227,3.4386253356933594,3.469499349594116
2001-05-25,2.5975754261016846,2.6442859172821045,2.6769635677337646,2.705695629119873,2.7758493423461914,2.8325178623199463
2001-05-26,1.5372684001922607,1.5825088024139404,1.6520395278930664,1.445703148841858,1.480371356010437,1.5382657051086426
2001-05-27,4.043852806091309,4.202239036560059,4.505241394042969,4.1444783210754395,4.272571086883545,4.508657932281494
2001-05-28,2.17968487739563,2.260655403137207,2.3676016330718994,2.224437713623047,2.3031086921691895,2.404919385910034
2001-05-29,2.277315378189087,2.4303979873657227,2.7101895809173584,2.219179153442383,2.332423686981201,2.5413005352020264
2001-05-30,2.3187179565429688,2.2664635181427,2.241791248321533,2.2988245487213135,2.2333145141601562,2.1879024505615234
2001-05-31,1.7241674661636353,1.6498793363571167,1.5758416652679443,1.9638584852218628,1.8965494632720947,1.797068476676941
2001-06-01,2.392207145690918,2.5764453411102295,2.8029370307922363,2.1122474670410156,2.274681329727173,2.4781503677368164
2001-06-02,2.6306629180908203,2.7883100509643555,3.0004477500915527,2.447840929031372,2.6042585372924805,2.8139822483062744
2001-06-03,3.0742993354797363,3.07930850982666,3.1082379817962646,3.206620454788208,3.2075963020324707,3.2296664714813232
2001-06-04,3.4599854946136475,3.522555112838745,3.5767223834991455,3.370915412902832,3.428755283355713,3.4841275215148926
2001-06-05,2.627915382385254,2.6914470195770264,2.728712320327759,2.5788462162017822,2.6336593627929688,2.668266534805298
2001-06-06,2.381828546524048,2.4889371395111084,2.555068016052246,2.4590559005737305,2.562530994415283,2.6192355155944824
2001-06-07,2.8117594718933105,2.872596263885498,2.9473094940185547,2.7780308723449707,2.8294882774353027,2.8878467082977295
2001-06-08,2.861661195755005,2.883124828338623,2.912106513977051,2.8668906688690186,2.87579345703125,2.88976788520813
2001-06-09,3.2537412643432617,3.3235723972320557,3.408609390258789,3.175684690475464,3.231888771057129,3.307422399520874
2001-06-10,4.014872074127197,4.0461883544921875,4.07179069519043,4.185521125793457,4.19474983215332,4.192642688751221
2001-06-11,4.683100700378418,4.798962116241455,4.936113357543945,4.747954845428467,4.85165548324585,4.969103813171387
2001-06-12,2.123884439468384,2.2091760635375977,2.3265326023101807,1.9681206941604614,2.0401511192321777,2.1477439403533936
2001-06-13,4.120125770568848,4.124002933502197,4.143984317779541,4.2319231033325195,4.234865665435791,4.242677688598633
2001-06-14,3.6196224689483643,3.639423370361328,3.715860366821289,3.699042797088623,3.7053041458129883,3.7542121410369873
2001-06-15,5.339401721954346,5.422872066497803,5.542384147644043,5.236014366149902,5.303534507751465,5.396613597869873
2001-06-16,2.3325908184051514,2.4024267196655273,2.475637674331665,2.3095741271972656,2.362192392349243,2.41133713722229
2001-06-17,2.533313751220703,2.4408302307128906,2.280270576477051,2.540680170059204,2.438584089279175,2.273777484893799
2001-06-18,5.076931476593018,5.161780834197998,5.2551445960998535,5.067811489105225,5.146501541137695,5.230037689208984
2001-06-19,2.782254457473755,2.867351770401001,2.9751057624816895,2.9181575775146484,2.9791295528411865,3.0533626079559326
2001-06-20,3.900679111480713,4.047659873962402,4.159492015838623,3.8622992038726807,3.9858710765838623,4.078480243682861
2001-06-21,2.179323196411133,2.245760440826416,2.2962613105773926,2.1705729961395264,2.2356550693511963,2.282484769821167
2001-06-22,2.1620936393737793,2.0488996505737305,1.9046767950057983,2.007351875305176,1.8883179426193237,1.7590851783752441
2001-06-23,3.7297778129577637,3.703221082687378,3.6269216537475586,3.8872790336608887,3.8680810928344727,3.7856433391571045
2001-06-24,5.159962177276611,5.235867500305176,5.29775333404541,5.201971530914307,5.269986152648926,5.31286096572876
2001-06-25,3.5874404907226562,3.570260524749756,3.524784803390503,3.53989839553833,3.4966177940368652,3.4094650745391846
2001-06-26,3.5320358276367188,3.5837242603302,3.6045162677764893,3.6181371212005615,3.6712231636047363,3.691495895385742
2001-06-27,3.4670052528381348,3.524284839630127,3.5397353172302246,3.3409481048583984,3.391356945037842,3.3956222534179688
2001-06-28,2.069488048553467,2.2285268306732178,2.518049716949463,1.9976862668991089,2.1298978328704834,2.3736908435821533
2001-06-29,4.542161464691162,4.649021625518799,4.765124320983887,4.529007434844971,4.626544952392578,4.721215724945068
2001-06-30,3.71221923828125,3.803434133529663,3.9425761699676514,3.6691651344299316,3.746476888656616,3.863929033279419
2001-07-01,3.2246315479278564,3.25253963470459,3.321268081665039,3.075430393218994,3.081848621368408,3.1127119064331055
2001-07-02,4.412902355194092,4.455559730529785,4.534880638122559,4.389282703399658,4.415611743927002,4.460860252380371
2001-07-03,2.4552271366119385,2.472332239151001,2.4983630180358887,2.465402364730835,2.483330726623535,2.5028533935546875
2001-07-04,2.1137423515319824,2.1151797771453857,2.1555140018463135,2.1902623176574707,2.188483238220215,2.2183847427368164
2001-07-05,3.3609800338745117,3.402190923690796,3.448876142501831,3.1747875213623047,3.1919093132019043,3.2122647762298584
2001-07-06,1.6954869031906128,1.6192173957824707,1.6125372648239136,1.7402323484420776,1.659745454788208,1.6309235095977783
2001-07-07,3.087599039077759,3.240008592605591,3.3586959838867188,2.9821412563323975,3.1341896057128906,3.255103826522827
2001-07-08,2.7055888175964355,2.554651975631714,2.4143083095550537,2.6661300659179688,2.5070290565490723,2.3556652069091797
2001-07-09,3.3347909450531006,3.4720778465270996,3.614548683166504,3.3386385440826416,3.4636263847351074,3.5856287479400635
2001-07-10,1.8508079051971436,1.8830928802490234,1.8814637660980225,2.0875601768493652,2.1140060424804688,2.0858049392700195
2001-07-11,2.2099454402923584,2.381500005722046,2.65505051612854,2.1204304695129395,2.257920503616333,2.484942674636841
2001-07-12,3.217344045639038,3.1587634086608887,3.0065524578094482,3.177165985107422,3.108783006668091,2.9482569694519043
2001-07-13,1.6011440753936768,1.6519901752471924,1.719521403312683,1.6792068481445312,1.7155981063842773,1.7599751949310303
2001-07-14,2.5431063175201416,2.680009365081787,2.9159443378448486,2.47558331489563,2.627016067504883,2.858008623123169
2001-07-15,2.5248336791992188,2.720494031906128,2.941122055053711,2.5719151496887207,2.728224754333496,2.9063775539398193
2001-07-16,1.9469754695892334,1.9306640625,1.8899028301239014,2.0496268272399902,2.0475780963897705,2.0176191329956055
2001-07-17,2.2575786113739014,2.291912317276001,2.2710719108581543,2.055290937423706,2.0858278274536133,2.0795719623565674
2001-07-18,2.5632262229919434,2.695981740951538,2.803945302963257,2.3902714252471924,2.513546943664551,2.614157199859619
2001-07-19,1.872698426246643,1.9840322732925415,2.154398202896118,1.799877405166626,1.8833461999893188,2.008348226547241
2001-07-20,3.8528716564178467,3.950120687484741,4.027271747589111,3.9471662044525146,4.041168212890625,4.107386112213135
2001-07-21,3.7137792110443115,3.777575731277466,3.8505287170410156,3.72060227394104,3.7742738723754883,3.8276777267456055
2001-07-22,1.1933690309524536,1.2748336791992188,1.3934216499328613,1.3353615999221802,1.3938697576522827,1.4868226051330566
2001-07-23,2.418297290802002,2.3868117332458496,2.351839780807495,2.446357488632202,2.4044301509857178,2.360130786895752
2001-07-24,3.3648242950439453,3.503120183944702,3.6251637935638428,3.253847122192383,3.3880221843719482,3.4982872009277344
2001-07-25,2.1658852100372314,2.1246516704559326,2.1503841876983643,2.365168571472168,2.307955265045166,2.2990195751190186
2001-07-26,1.843907117843628,1.9190877676010132,2.036722421646118,1.9000431299209595,1.9486408233642578,2.0384223461151123
2001-07-27,4.811977386474609,4.936058521270752,5.055544376373291,4.765505313873291,4.874356746673584,4.9699249267578125
2001-07-28,1.4475518465042114,1.578685998916626,1.747812271118164,1.3834359645843506,1.4979668855667114,1.6470774412155151
2001-07-29,2.0710415840148926,2.0560531616210938,2.068812370300293,2.0313780307769775,2.008709192276001,2.0004706382751465
2001-07-30,2.427293300628662,2.438185930252075,2.4765543937683105,2.41534686088562,2.416959047317505,2.434650182723999
2001-07-31,2.2540104389190674,2.263845443725586,2.2880704402923584,2.2688353061676025,2.2653822898864746,2.2633368968963623
2001-08-01,0.9975974559783936,1.0238462686538696,1.2115066051483154,1.108406901359558,1.1182405948638916,1.2616792917251587
2001-08-02,2.0169360637664795,1.9614728689193726,1.8569566011428833,2.1168787479400635,2.069291591644287,1.9735119342803955
2001-08-03,0.8582016825675964,0.9019688963890076,0.9606478214263916,0.9168444275856018,0.944226086139679,0.986979067325592
2001-08-04,2.5966360569000244,2.6228079795837402,2.647465944290161,2.574845314025879,2.577481508255005,2.580299139022827
2001-08-05,3.3581950664520264,3.3596608638763428,3.348313808441162,3.282656192779541,3.262141704559326,3.2425360679626465
2001-08-06,3.839937210083008,3.909435987472534,3.986767292022705,3.7720417976379395,3.8189570903778076,3.854477643966675
2001-08-07,1.8768573999404907,1.9748634099960327,2.0602338314056396,1.8025622367858887,1.8982011079788208,1.9817852973937988
2001-08-08,1.2075084447860718,1.1914241313934326,1.2032239437103271,1.2259185314178467,1.2104684114456177,1.2150176763534546
2001-08-09,2.792982816696167,2.8021280765533447,2.8474788665771484,2.842057228088379,2.8448495864868164,2.8589398860931396
2001-08-10,2.5764286518096924,2.611788511276245,2.679816484451294,2.5868780612945557,2.616252899169922,2.666808605194092
2001-08-11,2.661405086517334,2.6903443336486816,2.754103660583496,2.7697551250457764,2.800903797149658,2.843522310256958
2001-08-12,2.322269916534424,2.4110307693481445,2.5169670581817627,2.2915937900543213,2.372804641723633,2.4537649154663086
2001-08-13,2.8008594512939453,2.8509209156036377,2.921940326690674,2.7783448696136475,2.8068783283233643,2.8469409942626953
2001-08-14,1.9388607740402222,1.9948359727859497,2.0571541786193848,2.0382044315338135,2.087845802307129,2.1340458393096924
2001-08-15,2.3946821689605713,2.3624348640441895,2.3497073650360107,2.3724143505096436,2.3241336345672607,2.2929394245147705
2001-08-16,3.2365963459014893,3.307081699371338,3.390773296356201,3.4394736289978027,3.4975852966308594,3.563941717147827
2001-08-17,2.09484601020813,2.2058770656585693,2.341444253921509,1.911953091621399,1.9976677894592285,2.103741407394409
2001-08-18,2.547457695007324,2.549421787261963,2.604884624481201,2.740060806274414,2.7350454330444336,2.7600719928741455
2001-08-19,2.8423612117767334,2.8626348972320557,2.9249825477600098,2.9375696182250977,2.960848093032837,3.007215976715088
2001-08-20,3.2121105194091797,3.2751975059509277,3.3680264949798584,3.233386516571045,3.2967529296875,3.3735690116882324
2001-08-21,1.377544641494751,1.4266011714935303,1.4770854711532593,1.319422960281372,1.360554814338684,1.4038619995117188
2001-08-22,0.929719865322113,0.9673501253128052,1.0378079414367676,0.8900261521339417,0.9250364899635315,0.9921378493309021
2001-08-23,0.8648484945297241,0.9769285321235657,1.1302165985107422,0.8592497706413269,0.9646968245506287,1.1061122417449951
2001-08-24,2.0826687812805176,2.100926399230957,2.1577892303466797,1.9619382619857788,1.9536535739898682,1.977455496788025
2001-08-25,4.279232978820801,4.352849006652832,4.445283889770508,4.21368932723999,4.27138090133667,4.328946113586426
2001-08-26,3.91298770904541,3.996626853942871,4.098176956176758,4.026051044464111,4.1075334548950195,4.201555252075195
2001-08-27,4.70351505279541,4.898444652557373,5.134863376617432,4.6526007652282715,4.820939540863037,5.016993045806885
2001-08-28,1.206671118736267,1.2418338060379028,1.3294647932052612,1.2421674728393555,1.2556780576705933,1.3149738311767578
2001-08-29,4.109924793243408,4.129270553588867,4.213696002960205,4.277921199798584,4.29198694229126,4.338581562042236
2001-08-30,3.8323709964752197,3.957069158554077,4.11976432800293,3.7943999767303467,3.8931515216827393,4.021058559417725
2001-08-31,4.37508487701416,4.356966972351074,4.321324348449707,4.578731536865234,4.55120325088501,4.4784932136535645
2001-09-01,3.5310168266296387,3.6830615997314453,3.877542018890381,3.3906607627868652,3.529567241668701,3.694179058074951
2001-09-02,1.3364685773849487,1.388741135597229,1.4655399322509766,1.2913023233413696,1.3363656997680664,1.4022201299667358
2001-09-03,2.441659927368164,2.5692992210388184,2.7025749683380127,2.59572696685791,2.698918581008911,2.7935752868652344
2001-09-04,2.0554022789001465,1.9909988641738892,1.962056040763855,2.1669719219207764,2.100039482116699,2.06931734085083
2001-09-05,3.461310863494873,3.5618104934692383,3.724555015563965,3.5484955310821533,3.6287286281585693,3.7451796531677246
2001-09-06,4.193126201629639,4.303005218505859,4.441867828369141,4.177199840545654,4.269722938537598,4.38097620010376
2001-09-07,1.2048250436782837,1.236061453819275,1.2921193838119507,1.3294821977615356,1.3374645709991455,1.357037901878357
2001-09-08,2.2181801795959473,2.256948471069336,2.324836254119873,2.4133780002593994,2.4465034008026123,2.504913568496704
2001-09-09,3.2269012928009033,3.3531272411346436,3.4968438148498535,3.1476151943206787,3.254664421081543,3.3756232261657715
2001-09-10,1.8785955905914307,1.974032998085022,2.1252975463867188,1.8725755214691162,1.9444953203201294,2.053771734237671
2001-09-11,3.2849342823028564,3.3359322547912598,3.459465980529785,3.2738044261932373,3.3080101013183594,3.3974764347076416
2001-09-12,2.986086130142212,2.987116813659668,3.035959243774414,3.0497238636016846,3.023264169692993,3.044541835784912
2001-09-13,4.478472709655762,4.593003749847412,4.764991760253906,4.433721542358398,4.53181266784668,4.67556095123291
2001-09-14,2.889753818511963,3.023163318634033,3.2105584144592285,2.741182804107666,2.8654978275299072,3.036471128463745
2001-09-15,1.1844476461410522,1.2095714807510376,1.2692984342575073,1.1211261749267578,1.1247614622116089,1.155354619026184
2001-09-16,2.6037492752075195,2.6694488525390625,2.7382047176361084,2.5312271118164062,2.5886459350585938,2.6456172466278076
2001-09-17,1.5312576293945312,1.568899154663086,1.6395020484924316,1.6646902561187744,1.6996532678604126,1.7485909461975098
2001-09-18,1.3541154861450195,1.4955652952194214,1.7123408317565918,1.439521074295044,1.5814416408538818,1.7914655208587646
2001-09-19,0.7917782664299011,0.7914425730705261,0.9255644679069519,0.9094411134719849,0.9182766675949097,1.0558123588562012
2001-09-20,2.0435376167297363,2.107846736907959,2.213927984237671,2.0467772483825684,2.1049747467041016,2.2026026248931885
2001-09-21,3.087073564529419,3.16300892829895,3.2706775665283203,2.8380677700042725,2.8934671878814697,2.9944167137145996
2001-09-22,3.241028070449829,3.257767677307129,3.3415303230285645,3.3019912242889404,3.31032133102417,3.3662216663360596
2001-09-23,1.949161410331726,2.020625591278076,2.1351497173309326,1.8466918468475342,1.9179301261901855,2.0262069702148438
2001-09-24,2.3656675815582275,2.3692474365234375,2.350092649459839,2.473278522491455,2.468862533569336,2.44828462600708
2001-09-25,2.7450811862945557,2.8838796615600586,3.0969605445861816,2.6248466968536377,2.7231621742248535,2.885007381439209
2001-09-26,1.5824389457702637,1.6282947063446045,1.743675947189331,1.5399746894836426,1.5716302394866943,1.6588966846466064
2001-09-27,3.7011377811431885,3.753279447555542,3.926142692565918,3.8899502754211426,3.9196977615356445,4.0283331871032715
2001-09-28,3.999866485595703,4.04524564743042,4.15385627746582,4.062714576721191,4.096230983734131,4.172444820404053
2001-09-29,1.0554924011230469,0.9902631044387817,0.9632937908172607,0.9466636180877686,0.8927599191665649,0.8629435300827026
2001-09-30,2.4686756134033203,2.475649833679199,2.50109601020813,2.4023609161376953,2.397117853164673,2.3981776237487793
2001-10-01,2.7778401374816895,2.823601007461548,2.913651943206787,2.836498260498047,2.873757839202881,2.932335138320923
2001-10-02,3.7953121662139893,3.8006248474121094,3.87351655960083,3.903646469116211,3.896592617034912,3.922694683074951
2001-10-03,4.554022312164307,4.759488105773926,4.969655513763428,4.428528308868408,4.596458435058594,4.761715412139893
2001-10-04,3.949704885482788,3.88824200630188,3.822258710861206,3.8909997940063477,3.8082473278045654,3.7304184436798096
2001-10-05,3.4525911808013916,3.53761625289917,3.6253702640533447,3.097144842147827,3.181760787963867,3.2634994983673096
2001-10-06,3.3741743564605713,3.4157702922821045,3.589581251144409,3.443638801574707,3.433748245239258,3.5520179271698
2001-10-07,4.545283317565918,4.741011619567871,5.022854804992676,4.326679706573486,4.48560094833374,4.717169761657715
2001-10-08,3.4896838665008545,3.695465326309204,4.0012125968933105,3.341519832611084,3.511596918106079,3.7591326236724854
2001-10-09,2.1844112873077393,2.311431407928467,2.518551826477051,2.1346700191497803,2.2347323894500732,2.39070725440979
2001-10-10,1.9290876388549805,1.8861955404281616,1.820737600326538,1.9451191425323486,1.877971887588501,1.7840285301208496
2001-10-11,3.666398525238037,3.726478338241577,3.8017420768737793,3.264031171798706,3.2977395057678223,3.3495216369628906
2001-10-12,5.344456195831299,5.5042643547058105,5.743525981903076,5.292846202850342,5.4192705154418945,5.6053876876831055
2001-10-13,5.339520454406738,5.471088886260986,5.680910110473633,5.392806053161621,5.4934492111206055,5.646556854248047
2001-10-14,1.6762818098068237,1.826235294342041,2.0440673828125,1.6042543649673462,1.7414727210998535,1.932144045829773
2001-10-15,3.2761614322662354,3.2090017795562744,3.202526092529297,3.29756760597229,3.2188963890075684,3.196485757827759
2001-10-16,4.3934102058410645,4.280858516693115,4.235976219177246,4.43375301361084,4.31344747543335,4.253068923950195
2001-10-17,3.6164262294769287,3.6534371376037598,3.8008668422698975,3.7699406147003174,3.7883992195129395,3.8977982997894287
2001-10-18,3.808647632598877,3.758669376373291,3.778419017791748,3.9902663230895996,3.929774045944214,3.9268956184387207
2001-10-19,3.099339485168457,3.0970468521118164,3.2054457664489746,2.8999321460723877,2.8707504272460938,2.9232449531555176
2001-10-20,5.0742597579956055,5.135959625244141,5.323119163513184,5.0352959632873535,5.089206695556641,5.241538047790527
2001-10-21,2.8004608154296875,2.858025550842285,2.9805476665496826,2.8488709926605225,2.895641565322876,3.001980781555176
2001-10-22,3.2000415325164795,3.1421730518341064,3.1695454120635986,3.3543460369110107,3.3020951747894287,3.3096423149108887
2001-10-23,2.7769551277160645,2.757699728012085,2.8078715801239014,2.8979380130767822,2.8659465312957764,2.87650203704834
2001-10-24,4.2856974601745605,4.350642204284668,4.527138710021973,4.388619899749756,4.4295854568481445,4.565830707550049
2001-10-25,2.9343998432159424,3.0865375995635986,3.3487491607666016,2.709263324737549,2.826104164123535,3.0485730171203613
2001-10-26,4.996993064880371,5.003108024597168,5.080679893493652,5.202148914337158,5.196066379547119,5.250308990478516
2001-10-27,6.498460292816162,6.544663906097412,6.732666969299316,6.780941009521484,6.810764312744141,6.971140384674072
2001-10-28,6.438804626464844,6.5194854736328125,6.717970848083496,6.441112041473389,6.5177788734436035,6.679800033569336
2001-10-29,5.514799118041992,5.633209705352783,5.884247779846191,5.549415111541748,5.643156051635742,5.854870796203613
2001-10-30,2.6993565559387207,2.6869678497314453,2.824699878692627,2.768083095550537,2.722236156463623,2.7940449714660645
2001-10-31,5.022172451019287,4.980139255523682,5.072524070739746,5.110553741455078,5.0563812255859375,5.113803863525391
2001-11-01,5.5125837326049805,5.650150299072266,5.797826290130615,5.343315601348877,5.472578525543213,5.615464210510254
2001-11-02,7.89049768447876,7.986191749572754,8.299674034118652,7.991891860961914,8.066813468933105,8.324892044067383
2001-11-03,5.499339580535889,5.573371410369873,5.698812007904053,5.51981782913208,5.581562519073486,5.696623802185059
2001-11-04,5.269858360290527,5.347108364105225,5.495582580566406,5.277403831481934,5.330184459686279,5.4450154304504395
2001-11-05,5.205164432525635,5.244175910949707,5.364531993865967,5.240467548370361,5.253110885620117,5.330751419067383
2001-11-06,3.434565544128418,3.5480825901031494,3.7146410942077637,3.4169270992279053,3.510140895843506,3.6536293029785156
2001-11-07,3.4439620971679688,3.5489869117736816,3.712425708770752,3.5346031188964844,3.6248903274536133,3.757528066635132
2001-11-08,1.5580711364746094,1.597847580909729,1.6868491172790527,1.5388184785842896,1.5512243509292603,1.6037077903747559
2001-11-09,2.662309408187866,2.557807445526123,2.5176377296447754,2.9558968544006348,2.8482282161712646,2.779371738433838
2001-11-10,3.181685209274292,3.1621763706207275,3.1837706565856934,3.2788565158843994,3.251504421234131,3.254490613937378
2001-11-11,3.241992473602295,3.2983968257904053,3.3779807090759277,3.311389446258545,3.3496646881103516,3.393282175064087
2001-11-12,3.630659341812134,3.610304117202759,3.674602746963501,3.7700836658477783,3.755157709121704,3.7823922634124756
2001-11-13,5.3159284591674805,5.460600852966309,5.690576076507568,5.19078254699707,5.3200297355651855,5.5119194984436035
2001-11-14,4.545382022857666,4.468087196350098,4.520991802215576,4.749657154083252,4.6399922370910645,4.620413780212402
2001-11-15,5.070573329925537,5.190633773803711,5.434445381164551,5.177698135375977,5.259727478027344,5.434091091156006
2001-11-16,4.577567100524902,4.734686851501465,5.035035133361816,4.508430004119873,4.6154937744140625,4.851535797119141
2001-11-17,6.415290832519531,6.351616859436035,6.3723955154418945,6.649144649505615,6.580329418182373,6.551301002502441
2001-11-18,5.201645851135254,5.241702556610107,5.3322601318359375,5.346691608428955,5.3801655769348145,5.438393592834473
2001-11-19,5.331353664398193,5.5359930992126465,5.8120622634887695,5.145742893218994,5.297297954559326,5.519354343414307
2001-11-20,2.4530436992645264,2.543013572692871,2.7746644020080566,2.548536777496338,2.5964646339416504,2.7552647590637207
2001-11-21,3.6687231063842773,3.823566436767578,4.1567511558532715,3.877937078475952,3.9878766536712646,4.233728408813477
2001-11-22,8.347123146057129,8.752077102661133,9.172072410583496,7.581933975219727,7.9713335037231445,8.36815071105957
2001-11-23,1.2953941822052002,1.4227871894836426,1.6714881658554077,1.2460308074951172,1.33712637424469,1.520337700843811
2001-11-24,3.750356912612915,3.6574337482452393,3.6789040565490723,3.9012868404388428,3.805363655090332,3.7819738388061523
2001-11-25,6.7143473625183105,6.801423072814941,7.029414176940918,6.79548454284668,6.849492073059082,7.006233215332031
2001-11-26,3.3612282276153564,3.454047918319702,3.598978281021118,3.4084362983703613,3.48130464553833,3.587707757949829
2001-11-27,4.960838794708252,5.163735389709473,5.4113688468933105,4.853456974029541,5.010601997375488,5.199587345123291
2001-11-28,2.713367462158203,2.8072164058685303,2.9768593311309814,2.681110382080078,2.742417097091675,2.841719627380371
2001-11-29,5.61114501953125,5.8531951904296875,6.1281352043151855,5.365029811859131,5.599495887756348,5.854085922241211
2001-11-30,3.437208890914917,3.5955710411071777,3.821554660797119,3.2045528888702393,3.317504405975342,3.4682278633117676
2001-12-01,7.153487205505371,7.354586124420166,7.659638404846191,6.966732501983643,7.133776664733887,7.382601261138916
2001-12-02,6.568240165710449,6.679630279541016,6.7993011474609375,6.719916820526123,6.824468612670898,6.92404317855835
2001-12-03,5.256019115447998,5.374327659606934,5.504284858703613,5.423088550567627,5.535689353942871,5.640042781829834
2001-12-04,1.5905448198318481,1.6170685291290283,1.7584106922149658,1.6542657613754272,1.6508162021636963,1.7364870309829712
2001-12-05,2.5699167251586914,2.5827460289001465,2.683316469192505,2.6852457523345947,2.6856191158294678,2.7484331130981445
2001-12-06,5.229970455169678,5.179148197174072,5.197903633117676,5.377951622009277,5.3159003257751465,5.318691730499268
2001-12-07,6.956028938293457,7.149469375610352,7.419695854187012,7.197330474853516,7.3621039390563965,7.558537483215332
2001-12-08,5.130984783172607,5.153769016265869,5.1750922203063965,5.1550116539001465,5.169435501098633,5.177175045013428
2001-12-09,5.105015277862549,5.250983715057373,5.481215953826904,5.155599594116211,5.274753570556641,5.462591648101807
2001-12-10,4.9519734382629395,5.3144378662109375,5.651033878326416,5.233017444610596,5.5672926902771,5.8640241622924805
2001-12-11,4.709325790405273,4.614859580993652,4.631626129150391,4.997609615325928,4.965062141418457,5.002665996551514
2001-12-12,2.688403606414795,2.8466365337371826,3.1456825733184814,2.643148183822632,2.7363016605377197,2.9808406829833984
2001-12-13,4.545998573303223,4.457350730895996,4.454041957855225,4.30549955368042,4.206697463989258,4.161555767059326
2001-12-14,4.249028205871582,4.463973045349121,4.754964351654053,4.047635555267334,4.233465194702148,4.491701126098633
2001-12-15,7.569483280181885,7.650443077087402,7.8047637939453125,7.469710826873779,7.516632556915283,7.638790607452393
2001-12-16,8.181901931762695,8.499307632446289,8.863268852233887,8.18372917175293,8.481451988220215,8.805973052978516
2001-12-17,5.670499801635742,5.745591163635254,5.798455715179443,5.644380569458008,5.706932067871094,5.7637858390808105
2001-12-18,4.53172492980957,4.682668685913086,4.883304119110107,4.54350471496582,4.685265064239502,4.874792098999023
2001-12-19,4.073221206665039,4.04473876953125,4.055039882659912,4.129258155822754,4.098114013671875,4.085878849029541
2001-12-20,7.794010639190674,7.805609226226807,7.944262981414795,7.81224250793457,7.8236565589904785,7.917296409606934
2001-12-21,8.080681800842285,8.271533966064453,8.490568161010742,7.8116350173950195,7.993276596069336,8.200847625732422
2001-12-22,8.52791690826416,8.639198303222656,8.767784118652344,8.54369831085205,8.623457908630371,8.695333480834961
2001-12-23,5.385863304138184,5.443772792816162,5.606528282165527,5.652740955352783,5.677392482757568,5.7654924392700195
2001-12-24,4.249345779418945,4.347935676574707,4.4687724113464355,4.54602575302124,4.614591598510742,4.696537971496582
2001-12-25,2.9584929943084717,2.888645648956299,2.898505210876465,3.284034013748169,3.2200722694396973,3.227283000946045
2001-12-26,4.121487140655518,4.11778450012207,4.15374231338501,4.373970031738281,4.327269077301025,4.334773540496826
2001-12-27,5.038025379180908,5.088428974151611,5.211458683013916,5.089378833770752,5.099653244018555,5.187258720397949
2001-12-28,7.470944404602051,7.525167942047119,7.588780403137207,7.449669361114502,7.478564739227295,7.51589822769165
2001-12-29,5.294341087341309,5.311532974243164,5.363077640533447,5.381997108459473,5.396004676818848,5.426549434661865
2001-12-30,5.013378143310547,5.175317764282227,5.500124454498291,5.080070495605469,5.224348545074463,5.4927263259887695
2001-12-31,1.8472429513931274,1.9163814783096313,2.0952091217041016,1.8137515783309937,1.8715373277664185,2.0180861949920654
2002-01-01,5.5462470054626465,5.543691635131836,5.584768295288086,5.107138156890869,5.087133884429932,5.094882965087891
2002-01-02,11.578447341918945,11.702995300292969,11.720137596130371,11.009847640991211,11.134054183959961,11.20997428894043
2002-01-03,7.001494884490967,7.28726053237915,7.654744625091553,7.038410186767578,7.31526517868042,7.65261697769165
2002-01-04,5.290135860443115,5.497251987457275,5.676883697509766,5.205239772796631,5.384683132171631,5.542084217071533
2002-01-05,3.3619632720947266,3.5278971195220947,3.745878219604492,3.1539978981018066,3.2818729877471924,3.4527981281280518
2002-01-06,5.6777544021606445,5.653656482696533,5.738051891326904,5.7696685791015625,5.706202507019043,5.706428527832031
2002-01-07,7.022529125213623,7.1174211502075195,7.301558494567871,7.054140090942383,7.119029998779297,7.252453804016113
2002-01-08,8.081425666809082,8.368002891540527,8.672660827636719,8.109362602233887,8.361516952514648,8.620426177978516
2002-01-09,4.340954303741455,4.243642330169678,4.234861850738525,4.45042610168457,4.325840950012207,4.255451679229736
2002-01-10,6.486700057983398,6.59073543548584,6.800268173217773,6.6372246742248535,6.706311225891113,6.846693992614746
2002-01-11,7.003626823425293,7.179322719573975,7.4040141105651855,7.030145168304443,7.169109344482422,7.344137668609619
2002-01-12,2.6299400329589844,2.6844027042388916,2.864720106124878,2.6450486183166504,2.667577028274536,2.80352520942688
2002-01-13,6.8574090003967285,6.938119411468506,7.144632816314697,7.100108623504639,7.1431379318237305,7.265477657318115
2002-01-14,7.363061904907227,7.404086112976074,7.6017303466796875,7.376430988311768,7.376107692718506,7.505707740783691
2002-01-15,4.674331188201904,4.806399345397949,5.06577205657959,4.726504325866699,4.805915355682373,5.002314567565918
2002-01-16,5.6274566650390625,5.641094207763672,5.72988748550415,5.799337387084961,5.783693790435791,5.824878692626953
2002-01-17,2.9025471210479736,3.1557788848876953,3.5391814708709717,2.741511821746826,2.9438254833221436,3.2579851150512695
2002-01-18,5.4566264152526855,5.655948638916016,5.889983654022217,5.245235443115234,5.4175825119018555,5.609821796417236
2002-01-19,4.838953971862793,4.823907852172852,4.9638776779174805,4.907595157623291,4.860601425170898,4.931790351867676
2002-01-20,6.899057388305664,6.901491165161133,7.0190749168396,7.054521083831787,7.034867763519287,7.109259128570557
2002-01-21,8.33932113647461,8.543132781982422,8.87887954711914,8.355508804321289,8.508198738098145,8.782337188720703
2002-01-22,4.835381507873535,4.8957600593566895,5.026912689208984,4.833597183227539,4.859158992767334,4.970626354217529
2002-01-23,2.823690891265869,2.8224003314971924,2.8870842456817627,2.8374791145324707,2.812244415283203,2.8236961364746094
2002-01-24,6.419608116149902,6.480496883392334,6.650008678436279,6.632666110992432,6.678327560424805,6.8134050369262695
2002-01-25,6.074739456176758,6.089684009552002,6.171279430389404,6.0112504959106445,5.982874870300293,6.014734268188477
2002-01-26,6.105540752410889,6.276334285736084,6.544684410095215,6.099505424499512,6.229657173156738,6.43256139755249
2002-01-27,4.665962219238281,4.829809665679932,5.070315837860107,4.771494388580322,4.913234233856201,5.116553783416748
2002-01-28,1.999673843383789,2.125803232192993,2.423642635345459,2.0247230529785156,2.1180388927459717,2.357516288757324
2002-01-29,7.00777530670166,7.030109882354736,7.209290027618408,7.2084574699401855,7.223971843719482,7.341343879699707
2002-01-30,8.373953819274902,8.441558837890625,8.624289512634277,8.512689590454102,8.550177574157715,8.659987449645996
2002-01-31,9.016340255737305,9.306377410888672,9.716407775878906,8.983549118041992,9.249101638793945,9.611529350280762
2002-02-01,2.088078022003174,2.2139155864715576,2.63944149017334,2.2241241931915283,2.2887845039367676,2.5781795978546143
2002-02-02,5.149071216583252,5.111774444580078,5.127034664154053,5.589604377746582,5.558534145355225,5.558618545532227
2002-02-03,3.667560577392578,3.9471595287323,4.210978984832764,3.40594220161438,3.682889938354492,3.9725747108459473
2002-02-04,2.1978938579559326,2.228060483932495,2.329434633255005,2.3170552253723145,2.3378612995147705,2.411046266555786
2002-02-05,1.997984766960144,1.9490430355072021,1.912091851234436,1.979539394378662,1.920238733291626,1.8581939935684204
2002-02-06,3.631270408630371,3.5921733379364014,3.6284899711608887,3.8370275497436523,3.7923364639282227,3.7925868034362793
2002-02-07,2.751335620880127,2.898024559020996,3.0708892345428467,2.7190582752227783,2.843376398086548,2.985455274581909
2002-02-08,5.175307273864746,5.352967739105225,5.543760776519775,5.124305248260498,5.276794910430908,5.441313743591309
2002-02-09,4.025835037231445,4.094363689422607,4.2685041427612305,4.236483097076416,4.277303218841553,4.4169230461120605
2002-02-10,2.2277708053588867,2.2665319442749023,2.3932201862335205,2.3577463626861572,2.3759586811065674,2.4571540355682373
2002-02-11,2.670074939727783,2.6597073078155518,2.731001377105713,2.875464677810669,2.8502705097198486,2.8894100189208984
2002-02-12,3.858940362930298,3.989912271499634,4.289920806884766,3.8897476196289062,3.968766450881958,4.177177429199219
2002-02-13,2.040442943572998,2.119889497756958,2.406090497970581,2.133566379547119,2.1647980213165283,2.358671188354492
2002-02-14,4.353058338165283,4.388987064361572,4.634429931640625,4.654848098754883,4.647423267364502,4.80101203918457
2002-02-15,7.341382026672363,7.5249762535095215,7.87215518951416,7.438025951385498,7.592391490936279,7.867444038391113
2002-02-16,10.687191009521484,10.804855346679688,10.998516082763672,10.938132286071777,11.035039901733398,11.139886856079102
2002-02-17,7.243713855743408,7.441202163696289,7.75651741027832,7.324039936065674,7.504507064819336,7.782838821411133
2002-02-18,7.157227039337158,7.235944747924805,7.478770732879639,7.312315464019775,7.353936672210693,7.518280506134033
2002-02-19,7.241060256958008,7.3870978355407715,7.664931774139404,7.444045543670654,7.541718482971191,7.721229076385498
2002-02-20,5.756011962890625,6.025485038757324,6.399971008300781,5.767647743225098,6.012258052825928,6.32538366317749
2002-02-21,6.628303527832031,6.676705837249756,6.806483745574951,6.657689571380615,6.658856391906738,6.718250274658203
2002-02-22,6.462123870849609,6.553428649902344,6.698914527893066,6.538063049316406,6.612342357635498,6.721868991851807
2002-02-23,5.058305263519287,5.162461757659912,5.398707866668701,5.287681579589844,5.392842769622803,5.596250534057617
2002-02-24,4.53866720199585,4.826422691345215,5.194215774536133,4.315537929534912,4.59492301940918,4.963712692260742
2002-02-25,6.47554874420166,6.679471492767334,6.913775444030762,6.523955821990967,6.683122634887695,6.82758903503418
2002-02-26,4.310119152069092,4.575016498565674,4.908806324005127,4.342552661895752,4.590522766113281,4.897426605224609
2002-02-27,3.0740718841552734,3.0749056339263916,3.121574640274048,3.138190746307373,3.1335551738739014,3.1667072772979736
2002-02-28,2.617863655090332,2.5924782752990723,2.5460493564605713,2.6420745849609375,2.604300022125244,2.5265958309173584
2002-03-01,3.9438633918762207,3.909379005432129,3.981480598449707,4.025320529937744,3.9928321838378906,4.054033279418945
2002-03-02,6.071091651916504,6.0648579597473145,6.104251861572266,5.994726657867432,5.931449890136719,5.887099266052246
2002-03-03,7.897319793701172,8.178178787231445,8.50802230834961,7.867609977722168,8.07278823852539,8.310391426086426
2002-03-04,7.827245235443115,8.011816024780273,8.336767196655273,7.917948246002197,8.053343772888184,8.28648567199707
2002-03-05,6.185085296630859,6.459977149963379,6.827213764190674,6.091793060302734,6.339104175567627,6.661128520965576
2002-03-06,4.185151100158691,4.127235412597656,4.087872505187988,4.258808612823486,4.172037601470947,4.07708215713501
2002-03-07,9.239364624023438,9.50755500793457,9.779159545898438,9.329955101013184,9.526480674743652,9.718421936035156
2002-03-08,9.339468955993652,9.502745628356934,9.779616355895996,9.367944717407227,9.494925498962402,9.703508377075195
2002-03-09,6.4448561668396,6.608114242553711,6.85322380065918,6.287426471710205,6.442587852478027,6.654660224914551
2002-03-10,3.8282625675201416,3.9327845573425293,4.090267181396484,3.733860731124878,3.853660821914673,4.014451503753662
2002-03-11,5.768583297729492,5.951463222503662,6.177886962890625,5.472037315368652,5.636873722076416,5.8374481201171875
2002-03-12,9.08017635345459,9.347078323364258,9.735040664672852,8.842888832092285,9.076444625854492,9.39252758026123
2002-03-13,8.633526802062988,8.785930633544922,9.001741409301758,8.565176963806152,8.679899215698242,8.838855743408203
2002-03-14,6.937838554382324,7.183045387268066,7.428337097167969,6.823473930358887,7.040897369384766,7.245871543884277
2002-03-15,3.1238982677459717,3.4192042350769043,3.680586099624634,2.9300198554992676,3.1897642612457275,3.428118944168091
2002-03-16,2.387995719909668,2.519735097885132,2.6960959434509277,2.202538013458252,2.314140796661377,2.482806444168091
2002-03-17,2.70913028717041,2.8407492637634277,3.029874324798584,2.55046010017395,2.656512498855591,2.8175907135009766
2002-03-18,7.451173782348633,7.570401668548584,7.7144951820373535,7.226700782775879,7.354981422424316,7.506868839263916
2002-03-19,6.717523097991943,6.83508825302124,7.006992816925049,6.711877346038818,6.783448219299316,6.8882856369018555
2002-03-20,7.349701881408691,7.290080547332764,7.337443828582764,7.265079975128174,7.17218542098999,7.180943965911865
2002-03-21,6.424493789672852,6.864993095397949,7.317843437194824,6.439395904541016,6.858175754547119,7.283361911773682
2002-03-22,3.543297290802002,3.4806342124938965,3.467024326324463,3.2021663188934326,3.1567885875701904,3.1555440425872803
2002-03-23,3.0710883140563965,3.093454360961914,3.1489462852478027,2.7932679653167725,2.8167121410369873,2.860431671142578
2002-03-24,7.0835957527160645,7.331821441650391,7.654282569885254,6.727687835693359,6.926779270172119,7.196916580200195
2002-03-25,10.865432739257812,11.076786994934082,11.326656341552734,10.835454940795898,10.941694259643555,11.119879722595215
2002-03-26,9.3765287399292,9.495062828063965,9.671660423278809,9.428838729858398,9.516632080078125,9.636224746704102
2002-03-27,6.56447696685791,6.73927116394043,6.96618127822876,6.494414329528809,6.6604695320129395,6.873437881469727
2002-03-28,5.529167652130127,5.779279708862305,6.05172061920166,5.267788887023926,5.496581077575684,5.764276504516602
2002-03-29,2.7166244983673096,2.8502018451690674,2.9750707149505615,2.539480447769165,2.6544547080993652,2.7769737243652344
2002-03-30,2.5975136756896973,2.7197563648223877,2.836790084838867,2.4761972427368164,2.585158109664917,2.7015786170959473
2002-03-31,3.720996379852295,3.9453415870666504,4.161774158477783,3.4711272716522217,3.664764404296875,3.8712682723999023
2002-04-01,2.4927892684936523,2.7123336791992188,2.9042491912841797,2.3693201541900635,2.568942070007324,2.7682759761810303
2002-04-02,2.359675884246826,2.409959077835083,2.4424993991851807,2.1464803218841553,2.1777701377868652,2.2090468406677246
2002-04-03,5.835770606994629,6.055780410766602,6.260770320892334,5.67839241027832,5.849874496459961,6.023876190185547
2002-04-04,7.877070426940918,8.29510498046875,8.747896194458008,7.539653301239014,7.929275989532471,8.3781156539917
2002-04-05,2.021484613418579,2.149160146713257,2.2921643257141113,1.884798526763916,1.978857398033142,2.109358310699463
2002-04-06,2.4141271114349365,2.532829523086548,2.6709516048431396,2.260145902633667,2.3512792587280273,2.493957996368408
2002-04-07,3.757265567779541,3.942429304122925,4.06563663482666,3.6090595722198486,3.752959966659546,3.8897314071655273
2002-04-08,2.993340015411377,3.1417696475982666,3.289233446121216,2.971442461013794,3.096574544906616,3.2492775917053223
2002-04-09,2.5647757053375244,2.6886098384857178,2.8061437606811523,2.496699094772339,2.610161781311035,2.737830877304077
2002-04-10,1.2676641941070557,1.357019305229187,1.4891821146011353,1.3936048746109009,1.4764902591705322,1.6045379638671875
2002-04-11,2.374772310256958,2.4810643196105957,2.6158931255340576,2.3732528686523438,2.427532434463501,2.530188798904419
2002-04-12,1.2122808694839478,1.2603377103805542,1.364866018295288,1.2250779867172241,1.2250959873199463,1.2913649082183838
2002-04-13,2.6696996688842773,2.687666654586792,2.756653308868408,2.925666570663452,2.9044198989868164,2.93965220451355
2002-04-14,1.552593469619751,1.5791988372802734,1.653676986694336,1.7060190439224243,1.7090696096420288,1.7450183629989624
2002-04-15,2.7110493183135986,2.6928603649139404,2.6457390785217285,2.635150909423828,2.594031572341919,2.5359487533569336
2002-04-16,3.2721145153045654,3.3916220664978027,3.5415196418762207,3.130793333053589,3.2387616634368896,3.3757152557373047
2002-04-17,2.0333659648895264,2.1617867946624756,2.2726924419403076,1.9312647581100464,2.0187129974365234,2.099334955215454
2002-04-18,4.517384052276611,4.570703506469727,4.386795997619629,4.324459075927734,4.327547073364258,4.169078826904297
2002-04-19,4.127604007720947,4.339834690093994,4.555689811706543,4.330106258392334,4.478062152862549,4.6210036277771
2002-04-20,2.395444631576538,2.4432852268218994,2.487523317337036,2.3325552940368652,2.385362148284912,2.436537027359009
2002-04-21,4.982847690582275,5.158692359924316,5.323456764221191,4.820223808288574,4.9640374183654785,5.075247764587402
2002-04-22,2.4439327716827393,2.5289719104766846,2.626451253890991,2.501296281814575,2.5697274208068848,2.639724016189575
2002-04-23,4.230594158172607,4.359007835388184,4.4679155349731445,3.852851152420044,3.9290013313293457,4.001511573791504
2002-04-24,2.685035228729248,2.6822967529296875,2.698835849761963,2.5140323638916016,2.497784376144409,2.4961740970611572
2002-04-25,4.902280807495117,5.029162406921387,5.143818378448486,4.7344069480896,4.846436977386475,4.938504695892334
2002-04-26,3.7701313495635986,3.8992788791656494,4.050562381744385,3.9015214443206787,4.0189642906188965,4.128237247467041
2002-04-27,3.90812349319458,3.9129178524017334,3.8645668029785156,4.05126428604126,4.062240123748779,4.015427589416504
2002-04-28,3.0528206825256348,3.189976215362549,3.3158276081085205,3.0080254077911377,3.142343521118164,3.265273332595825
2002-04-29,2.595635175704956,2.5782461166381836,2.6234424114227295,2.553342819213867,2.523568630218506,2.5432703495025635
2002-04-30,5.098121643066406,5.159118175506592,5.254146575927734,5.031778812408447,5.069471836090088,5.12033224105835
2002-05-01,5.229952335357666,5.31846809387207,5.414626598358154,5.223876476287842,5.296636581420898,5.362045764923096
2002-05-02,4.6544036865234375,4.7238264083862305,4.793822288513184,4.422002792358398,4.488836288452148,4.54074764251709
2002-05-03,5.261245250701904,5.2906389236450195,5.332611083984375,5.395770072937012,5.411026954650879,5.4258575439453125
2002-05-04,4.476783752441406,4.523533344268799,4.612232208251953,4.609224319458008,4.650844097137451,4.711276054382324
2002-05-05,4.713956356048584,4.82175350189209,4.978085517883301,4.67018985748291,4.755671977996826,4.872750282287598
2002-05-06,4.566783428192139,4.73582124710083,4.8961100578308105,4.56920862197876,4.71702241897583,4.8506059646606445
2002-05-07,2.2075178623199463,2.213026762008667,2.2441365718841553,2.221734046936035,2.2326717376708984,2.266174077987671
2002-05-08,4.170271396636963,4.219327449798584,4.3075480461120605,4.175054550170898,4.2169318199157715,4.2690653800964355
2002-05-09,3.4482483863830566,3.4963109493255615,3.618407964706421,3.3622236251831055,3.3841216564178467,3.432366371154785
2002-05-10,5.050959587097168,5.116852760314941,5.259179592132568,5.163412570953369,5.205859184265137,5.292438983917236
2002-05-11,3.5484771728515625,3.573530912399292,3.63228702545166,3.5252864360809326,3.556877851486206,3.613799571990967
2002-05-12,2.5687415599823,2.6395273208618164,2.737245798110962,2.512741804122925,2.58884334564209,2.6856136322021484
2002-05-13,1.738348126411438,1.8493664264678955,1.9408245086669922,1.7799510955810547,1.883966088294983,1.9599562883377075
2002-05-14,3.8979008197784424,3.9559171199798584,3.992014169692993,4.073441982269287,4.1108880043029785,4.087586879730225
2002-05-15,4.704148292541504,4.558791160583496,4.581786632537842,4.924693584442139,4.797163486480713,4.766234874725342
2002-05-16,3.2907228469848633,3.0902791023254395,3.0400142669677734,3.5352299213409424,3.354614496231079,3.2834770679473877
2002-05-17,3.256441593170166,3.1201999187469482,3.0183494091033936,3.3305366039276123,3.2122840881347656,3.1149678230285645
2002-05-18,2.1511194705963135,2.063930034637451,1.9962061643600464,2.00411057472229,1.9210244417190552,1.8564401865005493
2002-05-19,1.547607421875,1.4475882053375244,1.4127870798110962,1.6718858480453491,1.5781306028366089,1.5330945253372192
2002-05-20,5.156103610992432,5.213051795959473,5.360080718994141,5.074305057525635,5.106612205505371,5.2115888595581055
2002-05-21,5.263638019561768,5.415726184844971,5.660090446472168,5.19827938079834,5.325205326080322,5.525931358337402
2002-05-22,3.9560000896453857,4.1118292808532715,4.295935153961182,3.9357120990753174,4.079807281494141,4.242351055145264
2002-05-23,2.2568671703338623,2.2672908306121826,2.349390745162964,2.3139989376068115,2.3092329502105713,2.3657734394073486
2002-05-24,5.473542213439941,5.556400299072266,5.679925441741943,5.451563835144043,5.509657382965088,5.595003128051758
2002-05-25,4.875619411468506,5.000498294830322,5.167159557342529,4.800926685333252,4.909302234649658,5.055843830108643
2002-05-26,2.8468668460845947,2.934333324432373,2.9971084594726562,2.7981295585632324,2.8898494243621826,2.968499183654785
2002-05-27,3.286921501159668,3.3529045581817627,3.5272490978240967,3.181352376937866,3.2212319374084473,3.3443994522094727
2002-05-28,4.651295185089111,4.661053657531738,4.752859592437744,4.6171793937683105,4.5999274253845215,4.649785041809082
2002-05-29,4.941959857940674,5.00702428817749,5.152626037597656,4.986421585083008,5.0172858238220215,5.119754314422607
2002-05-30,2.8301918506622314,2.850736618041992,2.963144302368164,2.8370184898376465,2.846857786178589,2.933119535446167
2002-05-31,3.582237482070923,3.560974597930908,3.652047634124756,3.4676718711853027,3.432784080505371,3.4950249195098877
2002-06-01,1.7668565511703491,1.7692543268203735,1.7978981733322144,1.8022491931915283,1.790257453918457,1.8051331043243408
2002-06-02,3.3211405277252197,3.3991456031799316,3.5006301403045654,3.3311734199523926,3.3886115550994873,3.464517593383789
2002-06-03,3.659144878387451,3.669799327850342,3.7445926666259766,3.658374309539795,3.6485610008239746,3.7076902389526367
2002-06-04,3.085613965988159,3.0895938873291016,3.153465986251831,3.2958405017852783,3.2934768199920654,3.3566572666168213
2002-06-05,2.399960517883301,2.384561061859131,2.3281283378601074,2.3686296939849854,2.3588707447052,2.3137645721435547
2002-06-06,1.4488461017608643,1.465397596359253,1.488085150718689,1.4711894989013672,1.493341088294983,1.5150548219680786
2002-06-07,3.5347018241882324,3.6189911365509033,3.760742425918579,3.5225048065185547,3.580507278442383,3.6919243335723877
2002-06-08,4.086852550506592,4.167905330657959,4.268064498901367,4.135672092437744,4.186132431030273,4.257782459259033
2002-06-09,3.5542194843292236,3.518022298812866,3.549262523651123,3.566067934036255,3.511746406555176,3.526210308074951
2002-06-10,1.9364759922027588,1.91806960105896,1.9098613262176514,1.8555999994277954,1.8174563646316528,1.787907361984253
2002-06-11,2.3318426609039307,2.352860450744629,2.4025721549987793,2.407670259475708,2.3998656272888184,2.401625871658325
2002-06-12,2.4558463096618652,2.4948058128356934,2.589008331298828,2.306697368621826,2.327039957046509,2.3989927768707275
2002-06-13,5.492006301879883,5.4594831466674805,5.438119888305664,5.580617427825928,5.535135269165039,5.51366662979126
2002-06-14,5.8142828941345215,5.943582534790039,6.17616605758667,5.7021284103393555,5.791113376617432,5.969089031219482
2002-06-15,2.561349868774414,2.5783491134643555,2.596907138824463,2.632748603820801,2.6471056938171387,2.664001226425171
2002-06-16,2.4475507736206055,2.4759833812713623,2.499023675918579,2.3789255619049072,2.4084153175354004,2.4355931282043457
2002-06-17,2.091057538986206,2.1237082481384277,2.235219717025757,2.0781078338623047,2.0894877910614014,2.1595592498779297
2002-06-18,3.351553440093994,3.417924165725708,3.5546014308929443,3.3577489852905273,3.4068081378936768,3.508669376373291
2002-06-19,4.030064582824707,4.005545139312744,3.9818806648254395,4.011297225952148,3.956328868865967,3.8984642028808594
2002-06-20,3.2809810638427734,3.3503689765930176,3.4847209453582764,3.252715826034546,3.3098208904266357,3.4269299507141113
2002-06-21,2.3629150390625,2.369220733642578,2.37969708442688,2.3997299671173096,2.408975124359131,2.4244225025177
2002-06-22,2.0304863452911377,2.049260377883911,2.098543882369995,2.05552077293396,2.0679640769958496,2.109281539916992
2002-06-23,1.7024041414260864,1.7670674324035645,1.8577032089233398,1.6473993062973022,1.7034143209457397,1.7879092693328857
2002-06-24,1.8703157901763916,1.9647284746170044,2.0770833492279053,1.9004316329956055,1.9889699220657349,2.0825693607330322
2002-06-25,3.014683246612549,3.0402605533599854,3.076428174972534,2.9831535816192627,3.018948793411255,3.063079357147217
2002-06-26,3.241572618484497,3.2378182411193848,3.28535532951355,3.1324148178100586,3.1127917766571045,3.1388323307037354
2002-06-27,3.329136610031128,3.3024165630340576,3.325110912322998,3.5539746284484863,3.5132081508636475,3.5099711418151855
2002-06-28,4.858476638793945,4.941526412963867,5.099573612213135,4.867569923400879,4.923642635345459,5.037989616394043
2002-06-29,1.5735028982162476,1.6667338609695435,1.8189358711242676,1.478021264076233,1.5505540370941162,1.6755458116531372
2002-06-30,4.363127708435059,4.398316383361816,4.505737781524658,4.348041534423828,4.366621494293213,4.4431281089782715
2002-07-01,4.025307655334473,4.059322834014893,4.2232747077941895,4.115500450134277,4.121421813964844,4.24390983581543
2002-07-02,3.812000036239624,3.7777884006500244,3.7087254524230957,3.807311534881592,3.756103754043579,3.6947293281555176
2002-07-03,4.090954780578613,4.230530261993408,4.394327163696289,3.96142840385437,4.085747241973877,4.233499526977539
2002-07-04,1.937883973121643,1.9428619146347046,2.0327301025390625,2.0009968280792236,1.9871158599853516,2.041470766067505
2002-07-05,3.1387221813201904,3.2473092079162598,3.4524195194244385,3.1991770267486572,3.286288022994995,3.452113389968872
2002-07-06,3.698915958404541,3.7455527782440186,3.8300673961639404,3.7495646476745605,3.7798075675964355,3.8434319496154785
2002-07-07,3.4081757068634033,3.5110244750976562,3.6507768630981445,3.209132671356201,3.297495126724243,3.4279725551605225
2002-07-08,2.4423232078552246,2.468792676925659,2.5199828147888184,2.349728584289551,2.359605550765991,2.3927314281463623
2002-07-09,1.3785055875778198,1.350771427154541,1.3550031185150146,1.443389892578125,1.4081224203109741,1.3947964906692505
2002-07-10,2.139441728591919,2.2170217037200928,2.329686403274536,2.0588955879211426,2.1259219646453857,2.2195327281951904
2002-07-11,1.6558949947357178,1.6621564626693726,1.6223877668380737,1.5957282781600952,1.590220332145691,1.5422805547714233
2002-07-12,4.27178430557251,4.431814193725586,4.619307994842529,4.004021644592285,4.14355993270874,4.310237884521484
2002-07-13,3.808011531829834,3.830214262008667,3.899362564086914,3.6876230239868164,3.7111093997955322,3.785186767578125
2002-07-14,3.4018774032592773,3.5054895877838135,3.5978713035583496,3.2867064476013184,3.3918988704681396,3.4892168045043945
2002-07-15,2.840588092803955,2.861264944076538,2.9477434158325195,3.005364179611206,2.985131025314331,3.0208160877227783
2002-07-16,4.003254413604736,4.125818252563477,4.46784782409668,4.253541469573975,4.3892316818237305,4.704866409301758
2002-07-17,4.7984819412231445,4.9358720779418945,5.096376419067383,4.737604141235352,4.824954032897949,4.970820903778076
2002-07-18,3.5197882652282715,3.5461273193359375,3.6655776500701904,3.2604775428771973,3.279263973236084,3.406719207763672
2002-07-19,3.284741163253784,3.2905092239379883,3.229475736618042,3.1575515270233154,3.148047924041748,3.086169719696045
2002-07-20,2.2766001224517822,2.2251458168029785,2.257652997970581,2.436952590942383,2.381915330886841,2.40877628326416
2002-07-21,1.611561894416809,1.6825921535491943,1.776155710220337,1.4902598857879639,1.5502556562423706,1.62827467918396
2002-07-22,3.212080717086792,3.248542308807373,3.3498222827911377,3.225656747817993,3.2599031925201416,3.350024461746216
2002-07-23,1.9474307298660278,2.0224111080169678,2.1433680057525635,1.8120156526565552,1.8515385389328003,1.9274157285690308
2002-07-24,3.267157793045044,3.3305466175079346,3.4105310440063477,3.3231611251831055,3.3796629905700684,3.4466419219970703
2002-07-25,1.6697211265563965,1.6362035274505615,1.661642074584961,1.795943021774292,1.7478044033050537,1.74540376663208
2002-07-26,4.032143592834473,4.060171604156494,4.118841171264648,4.1521501541137695,4.154874324798584,4.1821722984313965
2002-07-27,1.588075041770935,1.6392767429351807,1.7848355770111084,1.5572038888931274,1.596419095993042,1.727810263633728
2002-07-28,1.4676153659820557,1.5126171112060547,1.588791847229004,1.4724528789520264,1.5128021240234375,1.57290518283844
2002-07-29,1.7040650844573975,1.7486627101898193,1.8136675357818604,1.6086506843566895,1.6313297748565674,1.6568468809127808
2002-07-30,2.4343655109405518,2.459709405899048,2.396549940109253,2.3308322429656982,2.342224597930908,2.291557788848877
2002-07-31,1.8373475074768066,1.8638392686843872,1.8451520204544067,1.7960821390151978,1.8228353261947632,1.8217365741729736
2002-08-01,1.4754502773284912,1.4522963762283325,1.453258752822876,1.4658968448638916,1.438509225845337,1.4362794160842896
2002-08-02,3.128479242324829,3.096750259399414,3.1486403942108154,2.755791425704956,2.702470541000366,2.7452054023742676
2002-08-03,1.797831416130066,1.7224570512771606,1.723679780960083,2.02299427986145,1.9428672790527344,1.9153385162353516
2002-08-04,2.604696035385132,2.4676358699798584,2.290205717086792,2.659163236618042,2.552672863006592,2.392746925354004
2002-08-05,2.3697400093078613,2.3501787185668945,2.2906439304351807,2.286363124847412,2.2651443481445312,2.1919970512390137
2002-08-06,1.7581888437271118,1.7402197122573853,1.62867271900177,1.7469046115875244,1.7241970300674438,1.5959150791168213
2002-08-07,3.4895308017730713,3.5628597736358643,3.6657838821411133,3.5981650352478027,3.6490237712860107,3.719522476196289
2002-08-08,3.798886299133301,3.897050380706787,4.071678638458252,3.6825766563415527,3.7559425830841064,3.8979337215423584
2002-08-09,2.3044519424438477,2.4052364826202393,2.5751407146453857,2.2641055583953857,2.329153299331665,2.448845624923706
2002-08-10,1.8724336624145508,1.8417315483093262,1.881004810333252,2.0084004402160645,1.9671955108642578,1.995370626449585
2002-08-11,3.8954806327819824,4.065078258514404,4.325475215911865,3.7683262825012207,3.909785270690918,4.142035961151123
2002-08-12,3.826721429824829,3.917647361755371,4.016876220703125,3.4799869060516357,3.5558037757873535,3.659123420715332
2002-08-13,1.5145353078842163,1.5341167449951172,1.5739381313323975,1.6036638021469116,1.6231011152267456,1.6522912979125977
2002-08-14,2.868001699447632,2.9251983165740967,3.0379183292388916,2.9348387718200684,2.975125789642334,3.0547409057617188
2002-08-15,1.483815312385559,1.6118483543395996,1.805783987045288,1.5314182043075562,1.665783166885376,1.8567813634872437
2002-08-16,2.9904747009277344,3.0119147300720215,3.0981459617614746,3.0000295639038086,3.0046656131744385,3.06354022026062
2002-08-17,2.3693971633911133,2.4616317749023438,2.604067087173462,2.275122880935669,2.3383383750915527,2.4613704681396484
2002-08-18,2.782467842102051,2.8426389694213867,2.9910709857940674,2.634995222091675,2.676283597946167,2.7929041385650635
2002-08-19,1.338638424873352,1.3727160692214966,1.4598093032836914,1.3369483947753906,1.3716707229614258,1.4565989971160889
2002-08-20,0.8823503255844116,0.9212825298309326,0.9856163263320923,0.89970862865448,0.9224794507026672,0.9643036723136902
2002-08-21,3.345134973526001,3.445117473602295,3.4972949028015137,3.3405637741088867,3.431330442428589,3.4882938861846924
2002-08-22,3.426349639892578,3.4607932567596436,3.5415198802948,3.346087694168091,3.3678407669067383,3.4312379360198975
2002-08-23,2.148771047592163,2.250473976135254,2.377911329269409,2.0957834720611572,2.1879396438598633,2.2954370975494385
2002-08-24,2.422628402709961,2.5338447093963623,2.7291409969329834,2.5412111282348633,2.6269960403442383,2.7840328216552734
2002-08-25,3.8279800415039062,3.883230209350586,4.011294364929199,3.9572830200195312,3.9862070083618164,4.06740140914917
2002-08-26,3.03257155418396,3.1428706645965576,3.328996181488037,2.9950406551361084,3.058950424194336,3.1998629570007324
2002-08-27,2.4094176292419434,2.4295847415924072,2.4535744190216064,2.448424816131592,2.4534690380096436,2.4656307697296143
2002-08-28,1.954607367515564,2.0525684356689453,2.2438104152679443,1.872363805770874,1.94549560546875,2.095085859298706
2002-08-29,1.9927202463150024,1.9338408708572388,1.8734889030456543,1.9020655155181885,1.847935438156128,1.7871227264404297
2002-08-30,2.402017593383789,2.5599005222320557,2.742744207382202,2.3750476837158203,2.509533166885376,2.664369821548462
2002-08-31,2.686530590057373,2.791983127593994,2.9584364891052246,2.731161117553711,2.805280923843384,2.9185309410095215
2002-09-01,2.3919129371643066,2.3676018714904785,2.329643487930298,2.250453472137451,2.2087559700012207,2.1431853771209717
2002-09-02,1.66262686252594,1.6614885330200195,1.7313551902770996,1.705478549003601,1.7134722471237183,1.7752774953842163
2002-09-03,2.325169563293457,2.4162445068359375,2.564558506011963,2.265885829925537,2.3189706802368164,2.4201223850250244
2002-09-04,3.816478967666626,3.8266549110412598,3.88625168800354,3.8319084644317627,3.8118162155151367,3.8438427448272705
2002-09-05,2.916707992553711,3.05142879486084,3.224377155303955,2.926212787628174,3.03391432762146,3.167917013168335
2002-09-06,1.370633840560913,1.4125727415084839,1.5102198123931885,1.4414728879928589,1.4614733457565308,1.5382676124572754
2002-09-07,4.0963616371154785,4.0337324142456055,3.967186450958252,4.1986985206604,4.129174709320068,4.066185474395752
2002-09-08,5.388092517852783,5.534499168395996,5.797873020172119,5.322376251220703,5.438721656799316,5.6504011154174805
2002-09-09,2.5553414821624756,2.640383720397949,2.8466970920562744,2.6583564281463623,2.7045986652374268,2.852105140686035
2002-09-10,3.493856430053711,3.507472276687622,3.5343194007873535,3.270021438598633,3.23830246925354,3.219097375869751
2002-09-11,3.0885212421417236,3.1205930709838867,3.2194409370422363,3.3733460903167725,3.3904666900634766,3.4610369205474854
2002-09-12,1.8408397436141968,1.7886930704116821,1.8244441747665405,2.031188726425171,1.9616585969924927,1.9688204526901245
2002-09-13,3.8572256565093994,4.010479927062988,4.240246295928955,3.8501126766204834,3.978757381439209,4.162832736968994
2002-09-14,2.875383138656616,3.0152153968811035,3.2191953659057617,2.8596444129943848,2.97648549079895,3.1366360187530518
2002-09-15,2.111217975616455,2.2823433876037598,2.4809627532958984,2.096379518508911,2.2260711193084717,2.372197389602661
2002-09-16,4.222604751586914,4.25948429107666,4.348417282104492,4.192946434020996,4.20185661315918,4.241996765136719
2002-09-17,5.0695061683654785,5.173403263092041,5.3487114906311035,5.1244120597839355,5.191246032714844,5.316535472869873
2002-09-18,1.5443270206451416,1.6102776527404785,1.7241204977035522,1.542388677597046,1.5873467922210693,1.6634719371795654
2002-09-19,3.9288036823272705,4.033924579620361,4.174564838409424,3.9456028938293457,4.023612022399902,4.121097087860107
2002-09-20,1.9643298387527466,1.9833816289901733,2.0312113761901855,2.0376157760620117,2.050400495529175,2.0807018280029297
2002-09-21,3.7524445056915283,3.8008217811584473,3.9356331825256348,3.7897214889526367,3.8122522830963135,3.8985648155212402
2002-09-22,4.054150104522705,4.116822719573975,4.2417216300964355,3.972578287124634,4.022619247436523,4.12278413772583
2002-09-23,2.056776762008667,2.0102293491363525,2.0123963356018066,1.9638972282409668,1.908376932144165,1.8857879638671875
2002-09-24,3.5990726947784424,3.5596187114715576,3.5745017528533936,3.6195297241210938,3.5925652980804443,3.6179847717285156
2002-09-25,3.2865774631500244,3.329955577850342,3.452770948410034,3.431643009185791,3.4481096267700195,3.514840841293335
2002-09-26,3.9542224407196045,3.8970253467559814,3.903398036956787,3.955188512802124,3.862448215484619,3.8109850883483887
2002-09-27,3.917849540710449,3.99127197265625,4.142863750457764,3.9395229816436768,3.98197865486145,4.087635040283203
2002-09-28,1.7520277500152588,1.701907753944397,1.711873173713684,1.8326010704040527,1.7662382125854492,1.7492282390594482
2002-09-29,3.0601847171783447,3.2266364097595215,3.492271900177002,3.015531301498413,3.128119468688965,3.3317482471466064
2002-09-30,2.1551380157470703,2.173797130584717,2.220719575881958,2.123873233795166,2.1218035221099854,2.1460025310516357
2002-10-01,4.512539386749268,4.445176124572754,4.412209987640381,4.581259250640869,4.501968860626221,4.446125030517578
2002-10-02,4.369199275970459,4.313749313354492,4.283326625823975,4.508637428283691,4.43408203125,4.3743367195129395
2002-10-03,3.9735872745513916,4.058441162109375,4.2599382400512695,3.970977783203125,4.004708766937256,4.157261848449707
2002-10-04,3.2286856174468994,3.376152276992798,3.618492364883423,3.254842519760132,3.366842269897461,3.5636515617370605
2002-10-05,3.923053026199341,3.870617151260376,3.9123566150665283,4.023066520690918,3.923643112182617,3.8821678161621094
2002-10-06,6.009515762329102,5.884610176086426,5.778830051422119,6.191755294799805,6.056288242340088,5.932260036468506
2002-10-07,4.9776291847229,5.1051344871521,5.355348110198975,4.888538360595703,4.971476078033447,5.159841537475586
2002-10-08,3.755087375640869,3.8933017253875732,4.117545127868652,3.6987431049346924,3.8105156421661377,3.9938881397247314
2002-10-09,1.6745392084121704,1.825040578842163,2.008415937423706,1.5582300424575806,1.6793537139892578,1.833701729774475
2002-10-10,1.4056657552719116,1.4544901847839355,1.586302399635315,1.3671451807022095,1.3768399953842163,1.4578890800476074
2002-10-11,1.8941389322280884,1.9322782754898071,1.9959369897842407,1.89066743850708,1.898529052734375,1.9375877380371094
2002-10-12,3.5065109729766846,3.524420738220215,3.5648794174194336,3.508896589279175,3.528756856918335,3.564995050430298
2002-10-13,4.012452125549316,4.037938594818115,4.128326892852783,3.9461779594421387,3.9239277839660645,3.95418381690979
2002-10-14,8.373520851135254,8.61940860748291,9.015107154846191,8.678834915161133,8.822114944458008,9.099350929260254
2002-10-15,3.5919582843780518,3.660247802734375,3.8700151443481445,3.6826999187469482,3.7035129070281982,3.8255107402801514
2002-10-16,5.924674034118652,6.022994041442871,6.2051873207092285,6.0970587730407715,6.173428535461426,6.320374488830566
2002-10-17,3.376660108566284,3.367302179336548,3.4251136779785156,3.678960084915161,3.652458429336548,3.669506549835205
2002-10-18,4.39524507522583,4.536034107208252,4.7383246421813965,4.4375762939453125,4.535041809082031,4.673572063446045
2002-10-19,2.3482751846313477,2.5260040760040283,2.835676431655884,2.2489771842956543,2.38676118850708,2.6459126472473145
2002-10-20,1.8920974731445312,1.7861698865890503,1.7729637622833252,2.0609326362609863,1.9263612031936646,1.859251856803894
2002-10-21,4.699188232421875,4.771040916442871,4.845527648925781,4.6985344886779785,4.741184711456299,4.802083492279053
2002-10-22,6.644913196563721,6.966006755828857,7.494119167327881,6.697873592376709,6.974790573120117,7.439859867095947
2002-10-23,3.95462965965271,4.026776313781738,4.229140758514404,3.814823627471924,3.8361613750457764,3.963986873626709
2002-10-24,5.017237186431885,5.0855512619018555,5.311380386352539,4.823427200317383,4.848834991455078,5.010277271270752
2002-10-25,4.540427207946777,4.699586868286133,4.955306529998779,4.5447540283203125,4.66257905960083,4.861390590667725
2002-10-26,4.321667194366455,4.408656597137451,4.563870906829834,4.311913967132568,4.374521732330322,4.492226600646973
2002-10-27,4.781717300415039,4.828454971313477,4.9914703369140625,4.537834167480469,4.5436482429504395,4.65700626373291
2002-10-28,3.0346994400024414,3.195039987564087,3.5033349990844727,3.0978264808654785,3.225743532180786,3.4818010330200195
2002-10-29,5.384541034698486,5.4706807136535645,5.617591857910156,5.526302337646484,5.580874443054199,5.673972129821777
2002-10-30,2.0837323665618896,2.142145872116089,2.3015084266662598,2.127265214920044,2.175018548965454,2.3029894828796387
2002-10-31,4.838194370269775,4.847743988037109,4.870994567871094,4.620121955871582,4.5729546546936035,4.560030460357666
2002-11-01,4.549448013305664,4.846275329589844,5.22184944152832,4.496462821960449,4.7453532218933105,5.08012056350708
2002-11-02,3.3677380084991455,3.172905683517456,3.0666098594665527,3.3376340866088867,3.1279120445251465,2.9890105724334717
2002-11-03,5.599057197570801,5.580940246582031,5.681063652038574,5.72068452835083,5.674438953399658,5.716649055480957
2002-11-04,9.359224319458008,9.49853515625,9.798379898071289,9.350775718688965,9.454736709594727,9.657271385192871
2002-11-05,4.432801246643066,4.48560905456543,4.675055027008057,4.440788269042969,4.45544958114624,4.600160598754883
2002-11-06,3.978637933731079,4.145921230316162,4.430140018463135,3.9214026927948,4.015364170074463,4.250955581665039
2002-11-07,3.0096826553344727,3.0581276416778564,3.173642635345459,2.927015781402588,2.9392502307891846,3.014408588409424
2002-11-08,2.7508156299591064,2.851935863494873,3.021700143814087,2.8115382194519043,2.894364833831787,3.03726863861084
2002-11-09,2.2658090591430664,2.4740118980407715,2.7470619678497314,2.054537296295166,2.2244184017181396,2.457853078842163
2002-11-10,2.8179452419281006,2.8870644569396973,3.102358818054199,2.75856614112854,2.795428991317749,2.962712287902832
2002-11-11,6.003293037414551,6.116872787475586,6.2963714599609375,6.091858863830566,6.1588616371154785,6.2846527099609375
2002-11-12,2.610726833343506,3.0104024410247803,3.5590076446533203,2.7193987369537354,3.078862190246582,3.5342814922332764
2002-11-13,5.235073566436768,5.273237228393555,5.422976970672607,5.442293643951416,5.448390960693359,5.535416126251221
2002-11-14,3.1224613189697266,3.0462162494659424,3.095738649368286,3.1817989349365234,3.0641088485717773,3.062774181365967
2002-11-15,3.34683895111084,3.4525249004364014,3.640409231185913,3.294267416000366,3.340635061264038,3.492002487182617
2002-11-16,2.0322742462158203,2.126649856567383,2.423283338546753,1.918744444847107,1.946038842201233,2.129218816757202
2002-11-17,2.2970216274261475,2.359649896621704,2.501244068145752,2.3004097938537598,2.3435299396514893,2.4559569358825684
2002-11-18,4.097134113311768,4.125396251678467,4.2174763679504395,3.973527431488037,3.9786837100982666,4.028232574462891
2002-11-19,4.358534336090088,4.390699863433838,4.518148899078369,4.658407211303711,4.652504920959473,4.685426712036133
2002-11-20,4.082948207855225,4.0387396812438965,4.063551425933838,4.139944076538086,4.087180137634277,4.090909004211426
2002-11-21,5.484497547149658,5.638736724853516,5.82910680770874,5.4501471519470215,5.574081897735596,5.734500885009766
2002-11-22,3.6102089881896973,3.5659568309783936,3.6019577980041504,3.4919397830963135,3.411738872528076,3.387056350708008
2002-11-23,6.364297389984131,6.333664417266846,6.4222211837768555,6.21063756942749,6.171264171600342,6.241962432861328
2002-11-24,9.358981132507324,9.350146293640137,9.422197341918945,9.331608772277832,9.2801513671875,9.308510780334473
2002-11-25,7.140118598937988,7.1856770515441895,7.3754191398620605,7.175479888916016,7.195613384246826,7.354363918304443
2002-11-26,4.771876335144043,4.619405269622803,4.580179214477539,4.842153549194336,4.708662986755371,4.665752410888672
2002-11-27,5.018240451812744,5.090171813964844,5.314151287078857,5.186201095581055,5.2483296394348145,5.436043739318848
2002-11-28,4.513928413391113,4.505358695983887,4.689436435699463,4.44574499130249,4.419185161590576,4.579712390899658
2002-11-29,6.880358695983887,6.935273170471191,7.090373992919922,7.008803844451904,7.026110649108887,7.141144275665283
2002-11-30,3.0915403366088867,3.272174596786499,3.6713340282440186,3.216158866882324,3.360018491744995,3.693129062652588
2002-12-01,6.297773838043213,6.312945365905762,6.433041095733643,6.564389705657959,6.551684379577637,6.614233493804932
2002-12-02,2.887014150619507,3.063809633255005,3.3506393432617188,2.9960784912109375,3.158059597015381,3.4207921028137207
2002-12-03,5.310751438140869,5.306589603424072,5.25083065032959,5.355799198150635,5.342758655548096,5.297851085662842
2002-12-04,1.609108805656433,1.5739538669586182,1.5795648097991943,1.8385140895843506,1.7934417724609375,1.784615397453308
2002-12-05,4.001676559448242,4.1448540687561035,4.416836738586426,3.9249491691589355,3.9900052547454834,4.18204402923584
2002-12-06,4.417847156524658,4.558279991149902,4.757668972015381,4.30853271484375,4.442524433135986,4.596632957458496
2002-12-07,7.650692462921143,7.790315628051758,8.041245460510254,7.62243127822876,7.738894939422607,7.9259843826293945
2002-12-08,4.668846607208252,4.897488594055176,5.168215274810791,4.5846123695373535,4.789464950561523,5.056901454925537
2002-12-09,3.2332470417022705,3.396336078643799,3.715275287628174,3.169581413269043,3.2915172576904297,3.567877769470215
2002-12-10,4.750954627990723,4.791919231414795,4.906965732574463,4.997496128082275,5.01674222946167,5.101417064666748
2002-12-11,1.8616293668746948,1.9340442419052124,2.1473801136016846,1.8018232583999634,1.8854974508285522,2.095846652984619
2002-12-12,4.288552761077881,4.375727653503418,4.469259262084961,4.257007598876953,4.349727630615234,4.442764759063721
2002-12-13,2.4205493927001953,2.3371708393096924,2.320561408996582,2.8329739570617676,2.7462658882141113,2.7108688354492188
2002-12-14,4.71377420425415,4.8414082527160645,4.935470104217529,4.447254180908203,4.585571765899658,4.692349433898926
2002-12-15,1.9399698972702026,1.9224733114242554,2.030211925506592,2.180485725402832,2.1372292041778564,2.179982900619507
2002-12-16,4.097301483154297,4.0808491706848145,4.134067058563232,4.199984550476074,4.141833782196045,4.145354747772217
2002-12-17,4.588771820068359,4.638935565948486,4.749040603637695,4.438455104827881,4.481111526489258,4.5879387855529785
2002-12-18,3.606724500656128,3.73408842086792,3.9026784896850586,3.42760968208313,3.5104446411132812,3.627519369125366
2002-12-19,2.0286905765533447,2.1565322875976562,2.3592166900634766,2.0205116271972656,2.129869222640991,2.2945034503936768
2002-12-20,4.313060283660889,4.338376998901367,4.448736667633057,4.500603675842285,4.531890392303467,4.642537593841553
2002-12-21,1.1695868968963623,1.204973578453064,1.327826738357544,1.275557279586792,1.2776726484298706,1.3580893278121948
2002-12-22,2.9689130783081055,3.044822931289673,3.184446096420288,2.7935261726379395,2.7581236362457275,2.8126280307769775
2002-12-23,4.290421485900879,4.332666397094727,4.4877119064331055,4.389009475708008,4.39339542388916,4.459252834320068
2002-12-24,6.719297885894775,6.8296308517456055,7.040892601013184,6.708269119262695,6.791910171508789,6.953956127166748
2002-12-25,7.235276222229004,7.4085893630981445,7.677847862243652,7.344028949737549,7.482825756072998,7.725498676300049
2002-12-26,7.258225917816162,7.4574875831604,7.806541919708252,7.245685577392578,7.4173455238342285,7.71032190322876
2002-12-27,5.109310150146484,5.045325756072998,5.055138111114502,5.425539016723633,5.351253509521484,5.308429718017578
2002-12-28,3.3832054138183594,3.387537717819214,3.426011085510254,3.417888879776001,3.4150278568267822,3.447218656539917
2002-12-29,4.756252765655518,4.828068256378174,5.016560077667236,4.71624755859375,4.747325420379639,4.889051914215088
2002-12-30,1.5618304014205933,1.6003440618515015,1.6676369905471802,1.5640925168991089,1.5911287069320679,1.6592680215835571
2002-12-31,5.2015886306762695,5.330296039581299,5.725840091705322,5.05593204498291,5.163396835327148,5.515903949737549
2003-01-01,3.370695114135742,3.517591714859009,3.9398434162139893,3.142810821533203,3.2440853118896484,3.611398220062256
2003-01-02,4.681400775909424,4.676164627075195,4.783477306365967,4.773428916931152,4.766338348388672,4.884469032287598
2003-01-03,3.166823148727417,3.038510799407959,3.0207414627075195,3.392676591873169,3.2530171871185303,3.2131688594818115
2003-01-04,7.892216682434082,7.972640037536621,8.210314750671387,7.727089881896973,7.790092945098877,8.016260147094727
2003-01-05,5.528318881988525,5.711061477661133,6.051149368286133,5.140978813171387,5.27626371383667,5.552804946899414
2003-01-06,1.2728791236877441,1.4317644834518433,1.803208827972412,1.241042137145996,1.3338395357131958,1.5984368324279785
2003-01-07,2.3216969966888428,2.246922016143799,2.45182728767395,2.2451329231262207,2.1226489543914795,2.240363359451294
2003-01-08,3.5003435611724854,3.4535202980041504,3.3549182415008545,3.5188100337982178,3.4661407470703125,3.3690974712371826
2003-01-09,5.628952503204346,5.673146724700928,5.868414402008057,5.675641059875488,5.690804958343506,5.852114200592041
2003-01-10,4.546801567077637,4.894181728363037,5.423633098602295,4.333158016204834,4.650028228759766,5.157960891723633
2003-01-11,6.7507781982421875,6.931310653686523,7.234454154968262,6.648117542266846,6.770909786224365,7.016037464141846
2003-01-12,6.602422714233398,6.754232883453369,7.090412616729736,6.4522528648376465,6.572512149810791,6.869433879852295
2003-01-13,3.570107936859131,3.735785484313965,4.011934757232666,3.1249074935913086,3.244485378265381,3.4737467765808105
2003-01-14,2.7465474605560303,2.620643138885498,2.5162594318389893,2.8080050945281982,2.675123453140259,2.5660650730133057
2003-01-15,1.2720447778701782,1.3959627151489258,1.6032960414886475,1.2204779386520386,1.3043044805526733,1.4241894483566284
2003-01-16,1.7601280212402344,1.9681531190872192,2.441955327987671,1.7825413942337036,1.9508193731307983,2.3426475524902344
2003-01-17,3.7075493335723877,3.735905885696411,3.9816062450408936,3.850552558898926,3.870802164077759,4.076754093170166
2003-01-18,5.5151166915893555,5.680081367492676,5.829008102416992,5.374600410461426,5.491554260253906,5.595852375030518
2003-01-19,3.5366296768188477,3.777900218963623,4.208119869232178,3.5268478393554688,3.6997578144073486,4.036304950714111
2003-01-20,4.292905807495117,4.4699387550354,4.796442985534668,4.323159217834473,4.429349899291992,4.66455602645874
2003-01-21,7.166294097900391,7.3764567375183105,7.775635719299316,7.119968891143799,7.267415523529053,7.5700297355651855
2003-01-22,7.320491790771484,7.431690692901611,7.659404277801514,7.318383693695068,7.386805534362793,7.5582685470581055
2003-01-23,6.886077404022217,7.207191467285156,7.669499397277832,6.870519638061523,7.154069423675537,7.55004358291626
2003-01-24,3.491943597793579,3.5002644062042236,3.5883853435516357,3.734508752822876,3.7222774028778076,3.762587785720825
2003-01-25,5.121624946594238,5.145476341247559,5.234592437744141,5.2832255363464355,5.298432350158691,5.355864524841309
2003-01-26,6.166287899017334,6.21764612197876,6.396567344665527,6.245480537414551,6.262346267700195,6.392728805541992
2003-01-27,5.214914321899414,5.344087600708008,5.641834735870361,5.120543003082275,5.180953025817871,5.389993667602539
2003-01-28,5.460351467132568,5.491106033325195,5.607529163360596,5.54097318649292,5.5461602210998535,5.632104396820068
2003-01-29,5.737787246704102,5.863052845001221,6.11067533493042,5.728463649749756,5.851320743560791,6.073985576629639
2003-01-30,3.5622947216033936,3.692166328430176,4.106749534606934,3.3887486457824707,3.463547468185425,3.759676694869995
2003-01-31,5.330493450164795,5.3209228515625,5.330212116241455,5.418513774871826,5.417665481567383,5.426115989685059
2003-02-01,3.272951602935791,3.334179401397705,3.472888231277466,3.361386299133301,3.4161837100982666,3.527890920639038
2003-02-02,4.336847305297852,4.570930004119873,4.905848503112793,4.188943386077881,4.385359287261963,4.667778015136719
2003-02-03,2.8310062885284424,2.970383405685425,3.180281162261963,2.8784916400909424,2.9805748462677,3.14031982421875
2003-02-04,3.110544443130493,3.095762014389038,3.0666582584381104,3.180206298828125,3.1700668334960938,3.1421127319335938
2003-02-05,1.8337409496307373,1.8947761058807373,2.0171566009521484,1.8544682264328003,1.8849791288375854,1.9620546102523804
2003-02-06,3.1014020442962646,3.127875804901123,3.1778035163879395,3.1654982566833496,3.1894373893737793,3.2232704162597656
2003-02-07,3.4441967010498047,3.398561954498291,3.367077589035034,3.4896745681762695,3.415174722671509,3.3440663814544678
2003-02-08,7.18182373046875,7.331308364868164,7.573817253112793,7.120259761810303,7.235772132873535,7.43338680267334
2003-02-09,2.546640396118164,2.694960117340088,3.0003042221069336,2.651426315307617,2.732551336288452,2.9276680946350098
2003-02-10,4.271269798278809,4.297520160675049,4.376439094543457,4.451334476470947,4.46083927154541,4.5074591636657715
2003-02-11,2.1428873538970947,2.2693772315979004,2.52335524559021,2.1990649700164795,2.2994844913482666,2.5009562969207764
2003-02-12,3.9119324684143066,3.909283399581909,3.9540603160858154,4.063176155090332,4.0467071533203125,4.056161880493164
2003-02-13,5.007542133331299,5.102709770202637,5.317965507507324,5.2832770347595215,5.356572151184082,5.5287275314331055
2003-02-14,6.447087287902832,6.575223922729492,6.833117961883545,6.360695838928223,6.463927268981934,6.696409225463867
2003-02-15,4.950836658477783,5.012836933135986,5.102176189422607,4.838390827178955,4.8612823486328125,4.914177894592285
2003-02-16,5.856320381164551,6.122707366943359,6.495079040527344,5.503119945526123,5.73992919921875,6.087425231933594
2003-02-17,4.0888776779174805,4.380374431610107,4.688589572906494,3.728588104248047,3.9803273677825928,4.268218994140625
2003-02-18,1.691217303276062,1.8092925548553467,2.0374419689178467,1.7104412317276,1.7876607179641724,1.9581763744354248
2003-02-19,4.916789531707764,4.928136348724365,4.957259654998779,4.932252407073975,4.936617851257324,4.936647891998291
2003-02-20,6.526818752288818,6.653877258300781,6.878798484802246,6.739241123199463,6.846092224121094,7.030285835266113
2003-02-21,7.031169891357422,7.303360462188721,7.731520652770996,7.0102925300598145,7.243155479431152,7.5936431884765625
2003-02-22,4.264482498168945,4.283710479736328,4.34290075302124,4.489310264587402,4.499485015869141,4.537598609924316
2003-02-23,2.697704315185547,2.6825509071350098,2.728364944458008,2.870774984359741,2.8473610877990723,2.8808393478393555
2003-02-24,4.504040718078613,4.479133605957031,4.558497905731201,4.483339786529541,4.417269706726074,4.42319917678833
2003-02-25,9.2177734375,9.421942710876465,9.70880126953125,9.430371284484863,9.590437889099121,9.809321403503418
2003-02-26,4.301504611968994,4.660400867462158,5.073736667633057,4.287036895751953,4.606908321380615,4.972481727600098
2003-02-27,4.244804859161377,4.229596138000488,4.296658515930176,4.252337455749512,4.211009502410889,4.205750465393066
2003-02-28,4.419724941253662,4.591116428375244,4.840391159057617,4.270114898681641,4.408703804016113,4.611032485961914
2003-03-01,1.7947821617126465,1.9244223833084106,2.1511144638061523,1.6786061525344849,1.7843612432479858,1.9658833742141724
2003-03-02,3.3989553451538086,3.5057945251464844,3.6156773567199707,3.277799606323242,3.3485560417175293,3.420170783996582
2003-03-03,4.375391006469727,4.443233966827393,4.570775032043457,4.354909420013428,4.383161544799805,4.452505588531494
2003-03-04,5.537221908569336,5.627613067626953,5.851006031036377,5.6046905517578125,5.688084125518799,5.8723835945129395
2003-03-05,4.066888332366943,4.2668538093566895,4.582511901855469,4.117825508117676,4.275143623352051,4.518935680389404
2003-03-06,1.9852076768875122,2.0733771324157715,2.19529128074646,1.960351586341858,2.026822805404663,2.121593952178955
2003-03-07,3.2965188026428223,3.4344534873962402,3.653400182723999,3.0515105724334717,3.1550557613372803,3.3272500038146973
2003-03-08,3.199610948562622,3.3012993335723877,3.453157901763916,3.0149424076080322,3.0761330127716064,3.1824097633361816
2003-03-09,3.463444232940674,3.751422166824341,4.142728805541992,3.1671371459960938,3.3920397758483887,3.7049717903137207
2003-03-10,3.6230521202087402,3.7043962478637695,3.8318750858306885,3.5719010829925537,3.653867244720459,3.768108367919922
2003-03-11,1.5771076679229736,1.5309178829193115,1.559118628501892,1.7397469282150269,1.6907347440719604,1.6710346937179565
2003-03-12,4.028198719024658,4.2166948318481445,4.428855895996094,3.6143383979797363,3.7574634552001953,3.9076080322265625
2003-03-13,4.966553211212158,5.184326648712158,5.4826507568359375,4.866402626037598,5.052846908569336,5.305587291717529
2003-03-14,4.779032230377197,4.803691864013672,4.821072578430176,4.731634616851807,4.755467414855957,4.778480529785156
2003-03-15,9.773323059082031,9.968029975891113,10.206554412841797,9.825599670410156,9.998774528503418,10.20522689819336
2003-03-16,5.8142991065979,6.123330116271973,6.5181450843811035,5.750483989715576,6.000923156738281,6.3173394203186035
2003-03-17,3.8465633392333984,4.1119585037231445,4.603443622589111,3.897721767425537,4.086786270141602,4.439382076263428
2003-03-18,3.381375312805176,3.5631051063537598,3.796828031539917,3.3080432415008545,3.4359567165374756,3.6187310218811035
2003-03-19,4.182631015777588,4.17697811126709,4.1357245445251465,4.0814056396484375,4.030585765838623,3.9429099559783936
2003-03-20,4.006738662719727,4.037901878356934,4.113379001617432,3.8080849647521973,3.8125298023223877,3.879682779312134
2003-03-21,4.167938709259033,4.267518520355225,4.428285598754883,3.920687675476074,3.9865341186523438,4.118854999542236
2003-03-22,5.4004716873168945,5.403656005859375,5.474310874938965,5.283474445343018,5.259458541870117,5.303940296173096
2003-03-23,5.7648515701293945,5.97725772857666,6.222258567810059,5.704975605010986,5.901229381561279,6.124671459197998
2003-03-24,4.617191314697266,4.619112491607666,4.725665092468262,4.81535530090332,4.788451671600342,4.844414710998535
2003-03-25,2.6403164863586426,2.7230348587036133,2.8681654930114746,2.6779255867004395,2.7343590259552,2.854053497314453
2003-03-26,4.368949890136719,4.36282205581665,4.3170905113220215,4.29442024230957,4.229494571685791,4.139985084533691
2003-03-27,5.102445602416992,5.059395790100098,5.095347881317139,5.2585906982421875,5.1966423988342285,5.15695858001709
2003-03-28,3.1553878784179688,3.224590301513672,3.3230841159820557,3.0180246829986572,3.0505266189575195,3.1107938289642334
2003-03-29,6.673593997955322,6.804706573486328,7.075980186462402,6.588585376739502,6.65547513961792,6.839824676513672
2003-03-30,4.439232349395752,4.678812503814697,5.030776500701904,4.279266834259033,4.502133846282959,4.834719657897949
2003-03-31,5.611546039581299,5.653247833251953,5.7911696434021,5.628915309906006,5.650839805603027,5.741559982299805
2003-04-01,7.219679832458496,7.238130569458008,7.373125076293945,7.258960247039795,7.234087944030762,7.3001251220703125
2003-04-02,3.2846109867095947,3.3753409385681152,3.5235495567321777,3.164227247238159,3.2362096309661865,3.3566384315490723
2003-04-03,2.552150249481201,2.615164279937744,2.7161526679992676,2.63891339302063,2.679929494857788,2.7632899284362793
2003-04-04,5.467874526977539,5.362484931945801,5.260926723480225,5.549365997314453,5.437899589538574,5.333765983581543
2003-04-05,3.43335223197937,3.543166399002075,3.7180140018463135,3.401486873626709,3.4701197147369385,3.617368698120117
2003-04-06,3.47269606590271,3.5413806438446045,3.653110980987549,3.4457151889801025,3.4885025024414062,3.5730931758880615
2003-04-07,2.645328998565674,2.5819664001464844,2.5537474155426025,2.8297455310821533,2.74493408203125,2.6827142238616943
2003-04-08,4.908290863037109,4.917317867279053,4.9695281982421875,5.080328941345215,5.063543319702148,5.054802417755127
2003-04-09,6.131176948547363,6.264587879180908,6.394848346710205,6.1320695877075195,6.229283332824707,6.317057132720947
2003-04-10,3.8562798500061035,3.9473886489868164,4.1220479011535645,4.061767578125,4.1202850341796875,4.238060474395752
2003-04-11,3.5018022060394287,3.4307961463928223,3.4355437755584717,3.73299503326416,3.6418797969818115,3.598182201385498
2003-04-12,6.177906036376953,6.157405853271484,6.181097030639648,6.199890613555908,6.154720783233643,6.173370838165283
2003-04-13,3.280383348464966,3.3020684719085693,3.380162000656128,3.316659927368164,3.3070170879364014,3.3536291122436523
2003-04-14,3.7771575450897217,3.8177378177642822,3.905733346939087,3.8637380599975586,3.8722434043884277,3.9155285358428955
2003-04-15,5.164739608764648,5.234936714172363,5.299219608306885,5.199375629425049,5.251008033752441,5.29150915145874
2003-04-16,5.563129425048828,5.665262699127197,5.831614017486572,5.651759147644043,5.730958938598633,5.852726936340332
2003-04-17,3.3109374046325684,3.3982512950897217,3.5092525482177734,3.320268154144287,3.397847890853882,3.4932379722595215
2003-04-18,2.2930097579956055,2.3311245441436768,2.409395456314087,2.327852249145508,2.354344129562378,2.421156406402588
2003-04-19,3.2617759704589844,3.3447489738464355,3.457965612411499,3.3199713230133057,3.3945837020874023,3.4906046390533447
2003-04-20,2.589111328125,2.640596866607666,2.711024761199951,2.7001025676727295,2.743863582611084,2.801219940185547
2003-04-21,1.59079110622406,1.657619595527649,1.703513503074646,1.4852769374847412,1.5544332265853882,1.6031978130340576
2003-04-22,1.9751360416412354,1.8917182683944702,1.9123098850250244,2.039752244949341,1.9453760385513306,1.9484516382217407
2003-04-23,4.06539249420166,4.005568504333496,3.970848321914673,3.956611394882202,3.888352394104004,3.831662654876709
2003-04-24,3.9055399894714355,3.853733539581299,3.864130735397339,3.8346245288848877,3.772994041442871,3.7512495517730713
2003-04-25,5.027810573577881,4.9185872077941895,4.728617191314697,4.85617733001709,4.73652458190918,4.544201850891113
2003-04-26,4.6911420822143555,4.65578031539917,4.687096118927002,4.777865886688232,4.749441146850586,4.764331340789795
2003-04-27,5.402301788330078,5.445958137512207,5.5245747566223145,5.487067699432373,5.506608963012695,5.533412933349609
2003-04-28,6.829373836517334,6.853623390197754,6.960656642913818,6.798070907592773,6.82357120513916,6.914709568023682
2003-04-29,3.383626937866211,3.380902051925659,3.3509297370910645,3.302386999130249,3.30936336517334,3.3056695461273193
2003-04-30,3.997912883758545,4.129317283630371,4.278985500335693,3.8551743030548096,3.966928720474243,4.106149196624756
2003-05-01,5.426855087280273,5.565776348114014,5.722585201263428,5.446965217590332,5.5684027671813965,5.695065498352051
2003-05-02,2.4055025577545166,2.481890916824341,2.551353693008423,2.497971296310425,2.577172040939331,2.6471080780029297
2003-05-03,3.8896870613098145,3.9579060077667236,4.013609409332275,3.9880499839782715,4.038121223449707,4.070777893066406
2003-05-04,3.9506871700286865,4.040163516998291,4.110775947570801,4.003255367279053,4.081277370452881,4.139280319213867
2003-05-05,4.253267765045166,4.279722690582275,4.282810211181641,4.487147331237793,4.508055686950684,4.511481285095215
2003-05-06,4.2137064933776855,4.316360950469971,4.395657062530518,4.148839950561523,4.24373197555542,4.3439764976501465
2003-05-07,2.502366781234741,2.4790990352630615,2.523073673248291,2.649162769317627,2.6100168228149414,2.628570079803467
2003-05-08,3.066464424133301,3.120302677154541,3.231628179550171,3.2036001682281494,3.2500693798065186,3.3567285537719727
2003-05-09,3.740330457687378,3.7793211936950684,3.898437738418579,3.869307518005371,3.889051914215088,3.9739041328430176
2003-05-10,3.7033233642578125,3.756992816925049,3.874565601348877,3.906334638595581,3.9314444065093994,4.019627571105957
2003-05-11,2.0068609714508057,2.0630836486816406,2.166271686553955,2.0369389057159424,2.074918270111084,2.1594624519348145
2003-05-12,6.0344438552856445,6.146509647369385,6.328333854675293,6.084061145782471,6.161173343658447,6.2892913818359375
2003-05-13,4.123450756072998,4.168184757232666,4.279470920562744,4.243546485900879,4.261055946350098,4.3391218185424805
2003-05-14,2.2965898513793945,2.337186574935913,2.4787511825561523,2.29638934135437,2.3115952014923096,2.4205729961395264
2003-05-15,2.5004067420959473,2.568847894668579,2.7124979496002197,2.4740402698516846,2.5022175312042236,2.595827341079712
2003-05-16,3.062427520751953,3.099975824356079,3.156193256378174,3.1282880306243896,3.152237892150879,3.189892053604126
2003-05-17,2.082564353942871,2.1517810821533203,2.230313539505005,2.1678848266601562,2.216066837310791,2.2624247074127197
2003-05-18,2.841770648956299,2.941412925720215,3.048973560333252,2.825505018234253,2.9070799350738525,2.9965639114379883
2003-05-19,3.361072301864624,3.350623607635498,3.3233509063720703,3.2012038230895996,3.1779446601867676,3.159867763519287
2003-05-20,5.23864221572876,5.3615336418151855,5.574222564697266,5.030755043029785,5.118080139160156,5.288322925567627
2003-05-21,3.6948132514953613,3.839257001876831,4.01442289352417,3.703031539916992,3.8346331119537354,3.987407684326172
2003-05-22,3.3793575763702393,3.4416980743408203,3.4885010719299316,3.458019733428955,3.5025198459625244,3.533033609390259
2003-05-23,3.6607396602630615,3.663623809814453,3.6540448665618896,3.696749687194824,3.70070743560791,3.695265769958496
2003-05-24,2.038778305053711,2.070162057876587,2.119640350341797,2.141079902648926,2.15279221534729,2.1794683933258057
2003-05-25,3.745004892349243,3.812152624130249,3.8457348346710205,3.8152148723602295,3.867300271987915,3.8837451934814453
2003-05-26,1.885406494140625,1.9268238544464111,1.994847297668457,1.733992576599121,1.7626872062683105,1.814978837966919
2003-05-27,2.729990005493164,2.697343349456787,2.6777260303497314,2.5691845417022705,2.5240821838378906,2.5075483322143555
2003-05-28,2.7363932132720947,2.8082592487335205,2.8979005813598633,2.6081736087799072,2.661025285720825,2.71818208694458
2003-05-29,3.906783103942871,3.912076950073242,4.004367351531982,4.005207538604736,4.009820938110352,4.077236652374268
2003-05-30,1.2232381105422974,1.2747257947921753,1.3271673917770386,1.2145837545394897,1.2760065793991089,1.3358638286590576
2003-05-31,2.865696907043457,2.8235554695129395,2.9224584102630615,2.992446184158325,2.9424047470092773,3.009812831878662
2003-06-01,3.3055005073547363,3.3586466312408447,3.3880772590637207,3.262022018432617,3.300989866256714,3.3174262046813965
2003-06-02,1.739702820777893,1.7654612064361572,1.839996099472046,1.7972543239593506,1.813857913017273,1.8699640035629272
2003-06-03,3.0066893100738525,2.984480857849121,2.9791927337646484,3.033736228942871,2.995046377182007,2.9713144302368164
2003-06-04,2.621790885925293,2.6769022941589355,2.7994251251220703,2.677788257598877,2.7180118560791016,2.818612813949585
2003-06-05,1.6253669261932373,1.6902557611465454,1.8289273977279663,1.6660109758377075,1.725394368171692,1.841707468032837
2003-06-06,3.856673002243042,3.8651247024536133,3.959463357925415,3.9756011962890625,3.965872049331665,4.02391242980957
2003-06-07,3.3049685955047607,3.2330734729766846,3.120939254760742,3.235365152359009,3.170916795730591,3.0819647312164307
2003-06-08,3.0188381671905518,3.0950746536254883,3.210646867752075,2.976625442504883,3.0185956954956055,3.087803840637207
2003-06-09,5.746799945831299,5.835483074188232,5.9400634765625,5.779866695404053,5.837822914123535,5.9110283851623535
2003-06-10,4.225919246673584,4.435990810394287,4.6885881423950195,4.2981109619140625,4.494553089141846,4.717405796051025
2003-06-11,1.6251946687698364,1.628739356994629,1.6996840238571167,1.5938894748687744,1.5972539186477661,1.6832636594772339
2003-06-12,4.110450267791748,4.098066806793213,4.116581439971924,4.187559604644775,4.1636481285095215,4.15841817855835
2003-06-13,3.930340051651001,4.027024745941162,4.148190021514893,4.02375602722168,4.1003570556640625,4.205537796020508
2003-06-14,3.706604480743408,3.7260923385620117,3.7304015159606934,3.9012632369995117,3.8830623626708984,3.870412588119507
2003-06-15,4.544625759124756,4.613002300262451,4.597311973571777,4.6141133308410645,4.654129505157471,4.646240234375
2003-06-16,1.9513121843338013,1.8945451974868774,1.8602296113967896,1.9800218343734741,1.9280221462249756,1.8979976177215576
2003-06-17,1.4182524681091309,1.4286956787109375,1.4232065677642822,1.2940162420272827,1.3088856935501099,1.3082433938980103
2003-06-18,1.081915020942688,1.1301331520080566,1.2070618867874146,1.1527420282363892,1.1896350383758545,1.2407971620559692
2003-06-19,1.3169827461242676,1.4302082061767578,1.5988421440124512,1.2601193189620972,1.3428115844726562,1.4723645448684692
2003-06-20,3.048099994659424,3.022935628890991,2.9930167198181152,3.24275541305542,3.205907106399536,3.137075185775757
2003-06-21,2.748795747756958,2.824416399002075,2.920891284942627,2.881216526031494,2.9455156326293945,3.027942419052124
2003-06-22,1.5253384113311768,1.5495797395706177,1.61066734790802,1.6987959146499634,1.7208716869354248,1.7746446132659912
2003-06-23,2.551161050796509,2.5774264335632324,2.6100213527679443,2.7614386081695557,2.768035411834717,2.7831246852874756
2003-06-24,4.8778815269470215,4.998206615447998,5.1476545333862305,4.819505214691162,4.922771453857422,5.043748378753662
2003-06-25,1.9480208158493042,2.018834352493286,2.117655038833618,1.9984130859375,2.0426361560821533,2.1098427772521973
2003-06-26,4.105838775634766,4.1578521728515625,4.261894226074219,4.067712306976318,4.102731704711914,4.176235675811768
2003-06-27,5.574188232421875,5.679174900054932,5.81044864654541,5.600510120391846,5.6890153884887695,5.7949652671813965
2003-06-28,3.283005475997925,3.355071544647217,3.500988245010376,3.2761104106903076,3.3161416053771973,3.4129703044891357
2003-06-29,4.199613571166992,4.31217098236084,4.425060749053955,4.277961254119873,4.371129512786865,4.464256286621094
2003-06-30,1.9343928098678589,1.9681655168533325,2.0445191860198975,1.9932196140289307,2.0015971660614014,2.0468590259552
2003-07-01,3.9610421657562256,3.952889919281006,3.981384038925171,3.930330514907837,3.9100284576416016,3.9354870319366455
2003-07-02,4.7791056632995605,4.849617004394531,4.957004547119141,4.907242774963379,4.952926158905029,5.027797698974609
2003-07-03,3.698406219482422,3.827484369277954,3.986548662185669,3.851667881011963,3.9672961235046387,4.095330238342285
2003-07-04,1.7133044004440308,1.7964544296264648,1.8816992044448853,1.784507155418396,1.8471122980117798,1.9083402156829834
2003-07-05,3.3992316722869873,3.436988115310669,3.4592716693878174,3.4241795539855957,3.451120138168335,3.463193416595459
2003-07-06,3.810800313949585,3.8409056663513184,3.9096181392669678,3.8132681846618652,3.827559232711792,3.876243829727173
2003-07-07,3.0812535285949707,3.113119602203369,3.1791958808898926,3.210439443588257,3.2282512187957764,3.2783377170562744
2003-07-08,3.76187801361084,3.830294370651245,3.9148905277252197,3.7871928215026855,3.835916042327881,3.8956844806671143
2003-07-09,1.5397286415100098,1.5753613710403442,1.6290396451950073,1.6403177976608276,1.6613959074020386,1.689338207244873
2003-07-10,2.905439853668213,2.95505428314209,3.0496277809143066,3.0269834995269775,3.0542044639587402,3.1198389530181885
2003-07-11,2.975287675857544,3.0002455711364746,3.024338960647583,3.054675340652466,3.065770149230957,3.083533763885498
2003-07-12,3.2238330841064453,3.31306791305542,3.4306800365448,3.30125093460083,3.382398843765259,3.4879884719848633
2003-07-13,1.885279893875122,1.9292126893997192,1.999089002609253,1.7479511499404907,1.7799420356750488,1.8338326215744019
2003-07-14,2.17714262008667,2.2559518814086914,2.3659443855285645,2.0034801959991455,2.0559165477752686,2.134296178817749
2003-07-15,2.218998670578003,2.3581783771514893,2.5613391399383545,2.0498173236846924,2.1519148349761963,2.3103768825531006
2003-07-16,1.1415388584136963,1.1460521221160889,1.1531531810760498,1.1146910190582275,1.1044862270355225,1.0954890251159668
2003-07-17,2.477764844894409,2.5475375652313232,2.6249067783355713,2.6010682582855225,2.6688120365142822,2.7456839084625244
2003-07-18,2.8036603927612305,2.78334641456604,2.787052869796753,2.827925682067871,2.8039376735687256,2.791851043701172
2003-07-19,2.538569688796997,2.5767502784729004,2.6570844650268555,2.602745294570923,2.623518943786621,2.683069944381714
2003-07-20,1.8569045066833496,1.8823821544647217,1.9186108112335205,1.9029349088668823,1.9283502101898193,1.9594619274139404
2003-07-21,4.241607666015625,4.295803070068359,4.422242164611816,4.265674114227295,4.293411731719971,4.386739253997803
2003-07-22,2.4235267639160156,2.530996799468994,2.6731324195861816,2.1887032985687256,2.269422769546509,2.379854917526245
2003-07-23,1.8962446451187134,1.9757543802261353,2.1704986095428467,2.057319164276123,2.1070356369018555,2.2552742958068848
2003-07-24,2.6134448051452637,2.6480565071105957,2.7775521278381348,2.562527894973755,2.564656972885132,2.6597740650177
2003-07-25,2.5388875007629395,2.619804620742798,2.7203540802001953,2.645915985107422,2.7094883918762207,2.7813379764556885
2003-07-26,2.5390024185180664,2.543485641479492,2.603430986404419,2.570120334625244,2.5713412761688232,2.617476224899292
2003-07-27,3.3810923099517822,3.465167999267578,3.6429686546325684,3.3921396732330322,3.4605627059936523,3.607802629470825
2003-07-28,2.903071403503418,3.0421807765960693,3.2497379779815674,2.9939093589782715,3.076869487762451,3.2386128902435303
2003-07-29,2.401428699493408,2.4676151275634766,2.530954122543335,2.3444573879241943,2.4003047943115234,2.4547042846679688
2003-07-30,1.6853419542312622,1.6718424558639526,1.6615972518920898,1.6114795207977295,1.6074556112289429,1.6062402725219727
2003-07-31,1.8492753505706787,1.9062222242355347,2.05747652053833,1.8964763879776,1.9067918062210083,1.9862961769104004
2003-08-01,1.0673805475234985,1.0436049699783325,1.0658888816833496,1.0267282724380493,0.9930928945541382,1.0142428874969482
2003-08-02,1.6094759702682495,1.5488117933273315,1.499164342880249,1.8073757886886597,1.7230665683746338,1.6402109861373901
2003-08-03,2.164396047592163,2.220165252685547,2.349393606185913,2.4203500747680664,2.461831569671631,2.541762590408325
2003-08-04,1.9897538423538208,2.062224864959717,2.2646658420562744,2.1332497596740723,2.187229633331299,2.33929181098938
2003-08-05,2.238739490509033,2.275216817855835,2.35031795501709,2.2640247344970703,2.2922160625457764,2.35821533203125
2003-08-06,3.1318702697753906,3.1568338871002197,3.215945243835449,3.191650629043579,3.201789140701294,3.243924617767334
2003-08-07,3.05203914642334,3.111758232116699,3.18182110786438,3.0683650970458984,3.117111921310425,3.169207811355591
2003-08-08,2.402367115020752,2.4487621784210205,2.5119810104370117,2.332571506500244,2.3628218173980713,2.40238881111145
2003-08-09,1.500939130783081,1.4917690753936768,1.4728440046310425,1.517886996269226,1.4905225038528442,1.4492357969284058
2003-08-10,2.3432202339172363,2.468700408935547,2.668722629547119,2.3949790000915527,2.480895519256592,2.6151316165924072
2003-08-11,1.6391898393630981,1.6980020999908447,1.798174262046814,1.6814583539962769,1.7257716655731201,1.7999831438064575
2003-08-12,3.9345624446868896,4.047804832458496,4.222228527069092,3.9643826484680176,4.049644470214844,4.189058780670166
2003-08-13,4.2590556144714355,4.36437463760376,4.540996074676514,4.416810512542725,4.49176025390625,4.6180291175842285
2003-08-14,1.3923163414001465,1.4521509408950806,1.5463584661483765,1.4040671586990356,1.451707363128662,1.5286411046981812
2003-08-15,2.643991231918335,2.787950277328491,2.9526162147521973,2.7455198764801025,2.8691158294677734,3.008319139480591
2003-08-16,2.5778021812438965,2.6903159618377686,2.8804049491882324,2.5917060375213623,2.6794049739837646,2.824707269668579
2003-08-17,3.2748048305511475,3.4193735122680664,3.69657301902771,3.006802797317505,3.1165618896484375,3.327690839767456
2003-08-18,3.930116891860962,3.9590864181518555,4.040138244628906,3.9712233543395996,3.981044054031372,4.030737400054932
2003-08-19,3.3092734813690186,3.4063422679901123,3.5566790103912354,3.2161262035369873,3.300477981567383,3.4320168495178223
2003-08-20,1.6051609516143799,1.6114052534103394,1.621978998184204,1.5201162099838257,1.5136053562164307,1.5097486972808838
2003-08-21,3.366403341293335,3.3738412857055664,3.4382693767547607,3.402160882949829,3.3933427333831787,3.4311118125915527
2003-08-22,2.770162343978882,2.813490629196167,2.906604290008545,2.698391914367676,2.7239060401916504,2.798182487487793
2003-08-23,2.9066998958587646,2.9317615032196045,3.0068604946136475,2.8555257320404053,2.858095169067383,2.9111287593841553
2003-08-24,1.4682235717773438,1.5063310861587524,1.593207836151123,1.5205340385437012,1.547889232635498,1.6137011051177979
2003-08-25,5.5937275886535645,5.714612007141113,5.8894758224487305,5.688624858856201,5.797774314880371,5.937007904052734
2003-08-26,2.37939715385437,2.5305004119873047,2.722529172897339,2.4199180603027344,2.556537628173828,2.7273263931274414
2003-08-27,1.5287628173828125,1.5423657894134521,1.5955452919006348,1.5293776988983154,1.5310343503952026,1.5589373111724854
2003-08-28,2.5838053226470947,2.5968592166900635,2.6431655883789062,2.554744243621826,2.558420419692993,2.5749919414520264
2003-08-29,3.3243794441223145,3.3444907665252686,3.436335325241089,3.4100396633148193,3.4230048656463623,3.4894633293151855
2003-08-30,3.2088022232055664,3.212916135787964,3.2643301486968994,3.419111490249634,3.405224323272705,3.4295437335968018
2003-08-31,4.196178913116455,4.314707279205322,4.468360900878906,4.2257208824157715,4.327608108520508,4.451018810272217
2003-09-01,1.9785224199295044,2.0645699501037598,2.16974139213562,1.8522471189498901,1.9246090650558472,2.020658493041992
2003-09-02,1.660815954208374,1.6815294027328491,1.6841932535171509,1.5680629014968872,1.5879710912704468,1.5916879177093506
2003-09-03,2.490670919418335,2.4675638675689697,2.474327325820923,2.4316811561584473,2.3802947998046875,2.348257064819336
2003-09-04,4.690333843231201,4.716226100921631,4.741022109985352,4.821916103363037,4.842283248901367,4.854297637939453
2003-09-05,4.453577995300293,4.497795581817627,4.545468807220459,4.543679714202881,4.578009605407715,4.613002777099609
2003-09-06,4.348086833953857,4.462829113006592,4.618565082550049,4.2410664558410645,4.334610462188721,4.458826065063477
2003-09-07,1.6073722839355469,1.731058120727539,1.9171545505523682,1.7104307413101196,1.807081699371338,1.9473543167114258
2003-09-08,1.6274219751358032,1.5973236560821533,1.6287288665771484,1.6655044555664062,1.6254416704177856,1.626123070716858
2003-09-09,2.1064248085021973,2.1175360679626465,2.139786720275879,2.1955275535583496,2.2090675830841064,2.223175525665283
2003-09-10,2.3661837577819824,2.4063730239868164,2.432630777359009,2.375403642654419,2.399050235748291,2.4094314575195312
2003-09-11,2.1707372665405273,2.249154806137085,2.3325295448303223,2.1018004417419434,2.151627779006958,2.2056539058685303
2003-09-12,1.1860816478729248,1.160634994506836,1.1976091861724854,1.2460434436798096,1.2010685205459595,1.1998028755187988
2003-09-13,2.4021670818328857,2.448197841644287,2.5081355571746826,2.508178949356079,2.5332601070404053,2.566979169845581
2003-09-14,3.3978703022003174,3.447148084640503,3.5399160385131836,3.4594852924346924,3.4954349994659424,3.5609354972839355
2003-09-15,4.914499282836914,4.951929569244385,5.070476531982422,5.114461898803711,5.128826141357422,5.1900811195373535
2003-09-16,7.456745147705078,7.521603584289551,7.660473346710205,7.430520534515381,7.4634270668029785,7.55797004699707
2003-09-17,3.0808346271514893,3.2422468662261963,3.4604809284210205,2.991023063659668,3.129375696182251,3.316952705383301
2003-09-18,1.735703468322754,1.7656971216201782,1.8183351755142212,1.505700945854187,1.5235134363174438,1.5688025951385498
2003-09-19,1.4004958868026733,1.3757120370864868,1.4162505865097046,1.4292359352111816,1.3881171941757202,1.4136555194854736
2003-09-20,3.058868885040283,3.213867664337158,3.445884943008423,3.067432403564453,3.1929516792297363,3.3885061740875244
2003-09-21,2.6682848930358887,2.718676805496216,2.809657573699951,2.6024796962738037,2.637068271636963,2.7186777591705322
2003-09-22,3.4212872982025146,3.4344828128814697,3.47076416015625,3.3962018489837646,3.38376784324646,3.385563850402832
2003-09-23,1.7460823059082031,1.7543293237686157,1.7661218643188477,1.7538310289382935,1.7592288255691528,1.768000841140747
2003-09-24,3.0681302547454834,3.148326873779297,3.2596917152404785,2.9927003383636475,3.051741600036621,3.1358742713928223
2003-09-25,1.8552954196929932,1.8737958669662476,1.8879730701446533,1.7914284467697144,1.7961962223052979,1.8008368015289307
2003-09-26,3.0849661827087402,3.0992019176483154,3.1210858821868896,3.2102456092834473,3.203145742416382,3.1866843700408936
2003-09-27,2.1809895038604736,2.0711002349853516,2.0089359283447266,2.3647210597991943,2.2502756118774414,2.163790702819824
2003-09-28,3.0328209400177,3.00652813911438,3.0266313552856445,3.032892942428589,2.979940176010132,2.9797089099884033
2003-09-29,3.6846811771392822,3.700255870819092,3.7723166942596436,3.6857471466064453,3.6869750022888184,3.7301230430603027
2003-09-30,2.568966865539551,2.6611595153808594,2.805644989013672,2.5180137157440186,2.5904018878936768,2.692283868789673
2003-10-01,2.1731741428375244,2.2956314086914062,2.458719491958618,2.1374340057373047,2.243542432785034,2.371936321258545
2003-10-02,1.9387696981430054,1.9804438352584839,2.0884006023406982,2.0670058727264404,2.074444532394409,2.1400015354156494
2003-10-03,2.229189157485962,2.272352933883667,2.3517117500305176,2.2678985595703125,2.293826103210449,2.3456428050994873
2003-10-04,2.546614170074463,2.6514313220977783,2.8267970085144043,2.609640121459961,2.6816928386688232,2.8142449855804443
2003-10-05,2.551046371459961,2.633307695388794,2.763915538787842,2.5937392711639404,2.6646149158477783,2.776729106903076
2003-10-06,1.7053998708724976,1.7476555109024048,1.8084053993225098,1.6491107940673828,1.6727206707000732,1.7115603685379028
2003-10-07,2.6169745922088623,2.694295644760132,2.88030743598938,2.8755831718444824,2.925686836242676,3.045710325241089
2003-10-08,0.8196970224380493,0.8025661110877991,0.847145676612854,0.9539366364479065,0.9420087337493896,0.987350344657898
2003-10-09,2.338383674621582,2.395641803741455,2.4530534744262695,2.3809783458709717,2.413093090057373,2.4270122051239014
2003-10-10,1.341623306274414,1.3678139448165894,1.4425504207611084,1.4694269895553589,1.473846673965454,1.5235153436660767
2003-10-11,2.616621971130371,2.6763551235198975,2.809370994567871,2.5482757091522217,2.591479778289795,2.6885385513305664
2003-10-12,2.405600070953369,2.4719674587249756,2.5844545364379883,2.4282279014587402,2.483557939529419,2.5683465003967285
2003-10-13,2.3862464427948,2.4354231357574463,2.4374828338623047,2.332479953765869,2.3842246532440186,2.3977954387664795
2003-10-14,2.633535385131836,2.628138542175293,2.6745951175689697,2.8867032527923584,2.8785669803619385,2.863879680633545
2003-10-15,2.628511428833008,2.632347583770752,2.692673444747925,2.7850723266601562,2.791677474975586,2.8441593647003174
2003-10-16,4.6934895515441895,4.750893592834473,4.835091590881348,4.828892707824707,4.870883941650391,4.93026876449585
2003-10-17,5.742583751678467,5.871026039123535,6.068106174468994,5.763134002685547,5.862628936767578,6.011319160461426
2003-10-18,3.764183521270752,4.03734016418457,4.371264934539795,3.8481976985931396,4.087825775146484,4.367282867431641
2003-10-19,3.572309732437134,3.6080589294433594,3.670215368270874,3.679366111755371,3.6965150833129883,3.735987901687622
2003-10-20,2.9294674396514893,2.9499430656433105,3.026127576828003,3.003871440887451,3.001620054244995,3.052274703979492
2003-10-21,3.096681833267212,3.174708366394043,3.2885491847991943,3.1678080558776855,3.2101287841796875,3.2770423889160156
2003-10-22,5.7816009521484375,6.012425422668457,6.224180698394775,5.459655284881592,5.666702747344971,5.878415584564209
2003-10-23,4.876854419708252,5.083735942840576,5.4333014488220215,4.906836032867432,5.049644470214844,5.333003044128418
2003-10-24,3.007734775543213,3.13914155960083,3.309020519256592,2.94830584526062,3.050180435180664,3.193803071975708
2003-10-25,2.4099814891815186,2.410649538040161,2.4596078395843506,2.4568259716033936,2.4127590656280518,2.4059736728668213
2003-10-26,3.3622941970825195,3.347820997238159,3.5437824726104736,3.710622549057007,3.6622509956359863,3.765005111694336
2003-10-27,3.431734323501587,3.450714349746704,3.5460188388824463,3.579514265060425,3.5882179737091064,3.647549867630005
2003-10-28,4.065306663513184,4.125772953033447,4.203346252441406,4.057284355163574,4.103163242340088,4.153923034667969
2003-10-29,4.321351528167725,4.482428550720215,4.76231050491333,4.266775608062744,4.38258171081543,4.597767353057861
2003-10-30,5.40065336227417,5.6116437911987305,5.907627582550049,5.459586143493652,5.622504234313965,5.851691246032715
2003-10-31,1.9981772899627686,2.2596843242645264,2.6055376529693604,1.8456388711929321,2.079460859298706,2.386199474334717
2003-11-01,3.202289342880249,3.147906541824341,3.1294074058532715,3.32122802734375,3.281693696975708,3.253387689590454
2003-11-02,1.256209373474121,1.2752922773361206,1.4947353601455688,1.4486289024353027,1.4768856763839722,1.6491830348968506
2003-11-03,5.1431684494018555,5.123286247253418,5.104767799377441,5.285242080688477,5.220669746398926,5.133240222930908
2003-11-04,6.013005256652832,6.042633056640625,6.148769855499268,6.216995716094971,6.207663059234619,6.242391586303711
2003-11-05,2.5892536640167236,2.4215283393859863,2.200580358505249,2.755368709564209,2.5699574947357178,2.353853702545166
2003-11-06,6.404124736785889,6.636089324951172,7.000200271606445,6.2040252685546875,6.389652729034424,6.677174091339111
2003-11-07,2.346367359161377,2.5988214015960693,2.9245994091033936,2.152693033218384,2.3654978275299072,2.6470725536346436
2003-11-08,2.471616744995117,2.4009907245635986,2.274087905883789,2.503960371017456,2.4629855155944824,2.373147487640381
2003-11-09,3.4563724994659424,3.6361732482910156,3.909407615661621,3.249877452850342,3.3982784748077393,3.6294519901275635
2003-11-10,4.273197174072266,4.1428728103637695,4.047577857971191,4.419178485870361,4.277149677276611,4.152077674865723
2003-11-11,5.424777507781982,5.337615489959717,5.184093952178955,5.470704555511475,5.372103214263916,5.211617946624756
2003-11-12,3.6545729637145996,3.889479875564575,4.245810031890869,3.521207571029663,3.702803373336792,3.9912452697753906
2003-11-13,2.8915247917175293,2.916785478591919,3.0383033752441406,2.7992165088653564,2.7868363857269287,2.855563163757324
2003-11-14,3.371609926223755,3.3052995204925537,3.3699722290039062,3.2930197715759277,3.220503330230713,3.298210620880127
2003-11-15,2.9552533626556396,3.1041834354400635,3.3115341663360596,2.7661750316619873,2.885989189147949,3.064802646636963
2003-11-16,1.4699280261993408,1.56934654712677,1.8223490715026855,1.5109848976135254,1.5764729976654053,1.7822020053863525
2003-11-17,2.8478891849517822,2.8058550357818604,2.783520221710205,2.9004926681518555,2.8739194869995117,2.8328375816345215
2003-11-18,1.7703901529312134,1.814136266708374,1.9004708528518677,1.4558104276657104,1.4644654989242554,1.5106282234191895
2003-11-19,2.8665404319763184,2.979414463043213,3.169609546661377,2.5974280834198,2.6800954341888428,2.8376803398132324
2003-11-20,4.550413131713867,4.465687274932861,4.530694484710693,4.385200023651123,4.221943378448486,4.201728820800781
2003-11-21,6.286933422088623,6.479447841644287,6.738379001617432,6.704723358154297,6.808152198791504,6.9536542892456055
2003-11-22,4.346329689025879,4.253859996795654,4.324183464050293,4.417581558227539,4.3258843421936035,4.364710807800293
2003-11-23,3.265228271484375,3.357595205307007,3.6186788082122803,3.1543331146240234,3.2070541381835938,3.4084644317626953
2003-11-24,2.641014575958252,2.7478790283203125,3.06109881401062,2.4603092670440674,2.518202066421509,2.74271297454834
2003-11-25,6.415590763092041,6.384548187255859,6.460973739624023,6.745165824890137,6.682389736175537,6.683199882507324
2003-11-26,5.994016647338867,6.120406150817871,6.290332794189453,5.958597183227539,6.096043586730957,6.261008262634277
2003-11-27,7.032764911651611,7.434861660003662,7.827160358428955,6.9368896484375,7.286581516265869,7.624111175537109
2003-11-28,2.5197134017944336,2.6033151149749756,2.8101677894592285,2.5200414657592773,2.5772204399108887,2.729353666305542
2003-11-29,2.8191399574279785,2.766796112060547,2.6687042713165283,2.8545022010803223,2.806488275527954,2.732142448425293
2003-11-30,3.714423179626465,3.8699371814727783,4.126937389373779,3.923297166824341,4.040864944458008,4.238131046295166
2003-12-01,2.5600860118865967,2.6879665851593018,2.9276816844940186,2.2897489070892334,2.405487537384033,2.6368541717529297
2003-12-02,5.840615272521973,5.978001594543457,6.2442779541015625,5.902689456939697,6.000234127044678,6.2109832763671875
2003-12-03,2.7017505168914795,2.7236950397491455,2.7748169898986816,2.465893268585205,2.449110746383667,2.4622433185577393
2003-12-04,2.525576114654541,2.5690853595733643,2.7083616256713867,2.444201946258545,2.4183177947998047,2.461156129837036
2003-12-05,4.873551368713379,4.869210243225098,4.882667064666748,4.889189720153809,4.88547945022583,4.8989715576171875
2003-12-06,4.662448406219482,4.650774955749512,4.711950302124023,4.87453556060791,4.845709323883057,4.865957736968994
2003-12-07,4.746455669403076,4.759298801422119,4.861021518707275,4.818408012390137,4.80895471572876,4.871890068054199
2003-12-08,5.8982720375061035,6.0110087394714355,6.234210014343262,5.991291046142578,6.0715484619140625,6.230970859527588
2003-12-09,3.5656354427337646,3.7633042335510254,4.160819053649902,3.660515069961548,3.830420732498169,4.176342010498047
2003-12-10,4.759419918060303,4.821163654327393,4.902490139007568,4.8166937828063965,4.861326217651367,4.935577392578125
2003-12-11,3.739820957183838,3.7465736865997314,3.8555963039398193,3.5803580284118652,3.560091733932495,3.641695261001587
2003-12-12,7.2325849533081055,7.307917594909668,7.462873458862305,7.091155052185059,7.130043983459473,7.237555027008057
2003-12-13,6.674129486083984,6.787485599517822,6.953288555145264,6.6640706062316895,6.738311767578125,6.865210056304932
2003-12-14,2.958150625228882,3.214940071105957,3.554727554321289,2.798581123352051,3.021082639694214,3.323524236679077
2003-12-15,3.0232841968536377,3.0748698711395264,3.110567569732666,2.9053595066070557,2.9490721225738525,2.9725089073181152
2003-12-16,2.7881126403808594,2.825831651687622,2.9710192680358887,2.8431248664855957,2.8597748279571533,2.9530320167541504
2003-12-17,6.625898838043213,6.490147590637207,6.432504177093506,6.713480472564697,6.569802284240723,6.467194557189941
2003-12-18,7.007148265838623,7.1039533615112305,7.207581520080566,6.930205821990967,6.997293472290039,7.0861358642578125
2003-12-19,3.2009952068328857,3.364039182662964,3.6467628479003906,3.14351224899292,3.2854700088500977,3.5373599529266357
2003-12-20,3.9469361305236816,3.999856948852539,4.085288047790527,3.937775135040283,3.9952642917633057,4.0706939697265625
2003-12-21,6.908527851104736,6.974864482879639,7.1336798667907715,6.753578186035156,6.798268795013428,6.9255170822143555
2003-12-22,6.563746452331543,6.751466274261475,6.9708356857299805,6.610987186431885,6.773193359375,6.972054958343506
2003-12-23,4.638945579528809,4.685120582580566,4.772058963775635,4.641602993011475,4.672258377075195,4.747458457946777
2003-12-24,2.1151316165924072,2.276662588119507,2.5044009685516357,1.8652476072311401,1.9990596771240234,2.200993537902832
2003-12-25,7.7211594581604,7.950577735900879,8.282498359680176,7.7337751388549805,7.897191524505615,8.124673843383789
2003-12-26,5.378870487213135,5.57733678817749,5.9240031242370605,5.538257598876953,5.721129894256592,5.992882251739502
2003-12-27,3.50787615776062,3.537555694580078,3.568094253540039,3.587949514389038,3.600825786590576,3.5981130599975586
2003-12-28,4.73721981048584,4.765568256378174,4.836383819580078,4.748045444488525,4.768302917480469,4.833306789398193
2003-12-29,3.3622655868530273,3.4559319019317627,3.5849692821502686,3.308220148086548,3.3864428997039795,3.497548818588257
2003-12-30,3.8087317943573,4.041616916656494,4.425621032714844,3.8306710720062256,4.051383018493652,4.397680759429932
2003-12-31,3.966917037963867,4.020514488220215,4.159053325653076,4.038948059082031,4.087592124938965,4.217691898345947
2004-01-01,3.729245662689209,3.831958055496216,4.026247501373291,3.7628774642944336,3.830740451812744,3.9742562770843506
2004-01-02,6.080835819244385,6.0940423011779785,6.230678558349609,5.712944030761719,5.688335418701172,5.7903923988342285
2004-01-03,7.31918478012085,7.517120838165283,7.903909206390381,6.994709014892578,7.185512065887451,7.552173137664795
2004-01-04,5.21439266204834,5.538294792175293,5.972210884094238,4.870593070983887,5.1724853515625,5.610668182373047
2004-01-05,3.236053943634033,3.3706228733062744,3.5825459957122803,3.008835792541504,3.106877565383911,3.2674572467803955
2004-01-06,5.997469425201416,6.038389682769775,6.203622341156006,6.002958297729492,6.010154724121094,6.114368915557861
2004-01-07,3.336364507675171,3.69323468208313,4.194737911224365,3.083167314529419,3.3939402103424072,3.812053918838501
2004-01-08,3.336554527282715,3.1394519805908203,2.9546310901641846,3.540463447570801,3.3612425327301025,3.1689212322235107
2004-01-09,3.1954493522644043,3.2905068397521973,3.406203508377075,3.226081132888794,3.2732341289520264,3.341404914855957
2004-01-10,2.8076553344726562,3.0313801765441895,3.4631309509277344,2.6663594245910645,2.862046957015991,3.214895725250244
2004-01-11,1.976850152015686,1.9752229452133179,2.0529444217681885,2.057792901992798,2.0675837993621826,2.1416056156158447
2004-01-12,3.8800735473632812,4.02620267868042,4.182586669921875,3.800393581390381,3.9102838039398193,4.048284530639648
2004-01-13,6.114344120025635,6.107894420623779,6.217137813568115,5.87445068359375,5.828054428100586,5.8865742683410645
2004-01-14,2.3615822792053223,2.3788561820983887,2.474125623703003,2.436069965362549,2.425086259841919,2.47265625
2004-01-15,2.5672378540039062,2.6411967277526855,2.7973546981811523,2.5064966678619385,2.527024030685425,2.627089023590088
2004-01-16,5.034813404083252,5.071683883666992,5.176906108856201,5.170290470123291,5.201382160186768,5.297447204589844
2004-01-17,3.3234667778015137,3.4534056186676025,3.6176254749298096,3.2443490028381348,3.349900484085083,3.5017919540405273
2004-01-18,2.660346269607544,2.692904233932495,2.7917752265930176,2.751688241958618,2.7613115310668945,2.8329343795776367
2004-01-19,1.915610432624817,2.0385048389434814,2.2497053146362305,1.9501334428787231,2.0484907627105713,2.2255425453186035
2004-01-20,3.3607492446899414,3.4015815258026123,3.466715097427368,3.3648416996002197,3.393618106842041,3.438971757888794
2004-01-21,3.1886656284332275,3.207521677017212,3.283064126968384,3.1311137676239014,3.1400115489959717,3.1950523853302
2004-01-22,4.830745220184326,4.897826194763184,5.059793472290039,4.928732395172119,4.979229927062988,5.08955717086792
2004-01-23,7.4475789070129395,7.510272026062012,7.731955528259277,7.3849663734436035,7.412141799926758,7.579894542694092
2004-01-24,7.216274261474609,7.372610569000244,7.648773670196533,7.289842128753662,7.399407386779785,7.590294361114502
2004-01-25,4.76251745223999,4.724600791931152,4.737467288970947,4.667545795440674,4.624047756195068,4.604065418243408
2004-01-26,4.118242263793945,4.134588241577148,4.28221321105957,4.181859016418457,4.1603899002075195,4.224097728729248
2004-01-27,5.768435478210449,5.675011157989502,5.640274524688721,5.764330863952637,5.671731948852539,5.64029598236084
2004-01-28,4.977085113525391,5.068957328796387,5.235813617706299,4.803894996643066,4.842037677764893,4.943714141845703
2004-01-29,10.521444320678711,10.882672309875488,11.318645477294922,10.349462509155273,10.679876327514648,11.057526588439941
2004-01-30,5.0261921882629395,5.135139465332031,5.412790775299072,5.084047794342041,5.166921615600586,5.395784378051758
2004-01-31,6.352226734161377,6.368547439575195,6.44614839553833,6.514925956726074,6.523425102233887,6.572414875030518
2004-02-01,4.218058109283447,4.464291572570801,4.7781829833984375,4.21566104888916,4.426328182220459,4.6776814460754395
2004-02-02,5.126596927642822,4.994187831878662,4.942314624786377,5.477185249328613,5.342538833618164,5.276149272918701
2004-02-03,6.475988388061523,6.584731101989746,6.777115821838379,6.5590291023254395,6.657314300537109,6.803664684295654
2004-02-04,7.956149101257324,8.096477508544922,8.369909286499023,7.999739646911621,8.106842041015625,8.322028160095215
2004-02-05,3.330988883972168,3.610408306121826,3.9394588470458984,3.1038355827331543,3.331829786300659,3.606379747390747
2004-02-06,3.6157963275909424,3.6999435424804688,3.8813045024871826,3.656883716583252,3.7326114177703857,3.8889286518096924
2004-02-07,5.1506876945495605,5.189842700958252,5.243278980255127,5.164478302001953,5.2054972648620605,5.2408857345581055
2004-02-08,5.28179407119751,5.397222995758057,5.545088291168213,5.51244592666626,5.629030227661133,5.767928600311279
2004-02-09,5.219208717346191,5.307676792144775,5.525269985198975,5.334121227264404,5.412606716156006,5.579526424407959
2004-02-10,4.639029502868652,4.876067161560059,5.199653148651123,4.834029197692871,5.023655414581299,5.26262903213501
2004-02-11,2.9287843704223633,3.0298688411712646,3.1276509761810303,2.9516847133636475,3.0254323482513428,3.095463752746582
2004-02-12,2.839646816253662,2.922259569168091,2.999629020690918,2.8380281925201416,2.9192731380462646,3.003511428833008
2004-02-13,2.9365952014923096,2.9709887504577637,3.0248589515686035,2.903188467025757,2.90543532371521,2.925161361694336
2004-02-14,5.293982028961182,5.36517858505249,5.540150165557861,5.335920333862305,5.388460159301758,5.521240234375
2004-02-15,8.260869979858398,8.303492546081543,8.399024963378906,8.270116806030273,8.287820816040039,8.374943733215332
2004-02-16,5.273219108581543,5.3358988761901855,5.500962257385254,5.4359540939331055,5.484011173248291,5.643640518188477
2004-02-17,5.148277282714844,5.186905384063721,5.2405476570129395,5.248509407043457,5.281107425689697,5.304126739501953
2004-02-18,2.5968716144561768,2.656179189682007,2.7902557849884033,2.7164864540100098,2.7609975337982178,2.8701162338256836
2004-02-19,5.062651634216309,5.169582843780518,5.320585250854492,4.946894645690918,5.053162574768066,5.190258502960205
2004-02-20,2.3748581409454346,2.4976301193237305,2.6360020637512207,2.21268367767334,2.315739154815674,2.4307613372802734
2004-02-21,4.249663352966309,4.1968994140625,4.181344509124756,4.289906978607178,4.215190410614014,4.184749126434326
2004-02-22,5.277973175048828,5.44209623336792,5.66544771194458,5.137275695800781,5.254199028015137,5.411971569061279
2004-02-23,5.925283908843994,5.9068827629089355,5.994939804077148,5.987239837646484,5.948079586029053,6.006495475769043
2004-02-24,6.254719257354736,6.353642463684082,6.55043363571167,6.347246170043945,6.435173511505127,6.600489616394043
2004-02-25,5.490659713745117,5.452208518981934,5.466091156005859,5.616058826446533,5.570772647857666,5.603368282318115
2004-02-26,5.084163188934326,5.14609956741333,5.246164798736572,5.223408222198486,5.275206565856934,5.364109992980957
2004-02-27,2.4773027896881104,2.474517822265625,2.5052103996276855,2.466991424560547,2.422299861907959,2.4132189750671387
2004-02-28,6.683309078216553,6.531685829162598,6.628767013549805,7.269133567810059,7.097713470458984,7.073522090911865
2004-02-29,,,,,,
2004-03-01,8.815336227416992,9.121831893920898,9.519752502441406,8.3986177444458,8.737432479858398,9.174459457397461
2004-03-02,6.5046257972717285,6.588305473327637,6.7956929206848145,6.47547721862793,6.549544334411621,6.721139907836914
2004-03-03,4.693613052368164,4.749358654022217,4.866023063659668,4.686041831970215,4.738480091094971,4.857524871826172
2004-03-04,7.361314296722412,7.601687431335449,7.910417556762695,7.173434734344482,7.385283470153809,7.675778388977051
2004-03-05,3.1164636611938477,3.18877911567688,3.3668038845062256,3.1562230587005615,3.249490976333618,3.4575908184051514
2004-03-06,4.282045364379883,4.429078102111816,4.636823654174805,4.374841213226318,4.5056352615356445,4.686694145202637
2004-03-07,4.323567867279053,4.542602062225342,4.8298163414001465,3.8253164291381836,4.030794620513916,4.309653282165527
2004-03-08,3.182809591293335,3.2806365489959717,3.4221715927124023,3.2691431045532227,3.342142343521118,3.4340357780456543
2004-03-09,3.4214394092559814,3.3786978721618652,3.2657289505004883,3.1185765266418457,3.044717788696289,2.914177179336548
2004-03-10,5.653842926025391,5.626689434051514,5.671363353729248,5.9345197677612305,5.888185977935791,5.887892723083496
2004-03-11,6.616549968719482,6.6647772789001465,6.805680274963379,6.618103981018066,6.652261734008789,6.751246452331543
2004-03-12,3.390476942062378,3.3774735927581787,3.427266836166382,3.5538170337677,3.520667791366577,3.529200553894043
2004-03-13,6.39478874206543,6.629214763641357,6.894846439361572,6.517756938934326,6.732048511505127,6.9432692527771
2004-03-14,4.146082401275635,4.144331932067871,4.056136608123779,4.2256927490234375,4.2106099128723145,4.098286151885986
2004-03-15,4.490853309631348,4.544480323791504,4.6134185791015625,4.608654975891113,4.650800704956055,4.670626640319824
2004-03-16,3.5314109325408936,3.5723791122436523,3.668996572494507,3.8403916358947754,3.8671226501464844,3.914689779281616
2004-03-17,6.693366050720215,6.67122745513916,6.662578105926514,6.847597122192383,6.815352916717529,6.759728908538818
2004-03-18,9.484407424926758,9.663016319274902,9.935076713562012,9.46806812286377,9.641715049743652,9.854363441467285
2004-03-19,7.121342658996582,7.409818649291992,7.717970848083496,6.936272621154785,7.2161173820495605,7.477346897125244
2004-03-20,2.409212112426758,2.3587143421173096,2.3306705951690674,2.457733631134033,2.4249355792999268,2.412067413330078
2004-03-21,3.66038179397583,3.80499005317688,4.056041717529297,3.7570900917053223,3.9107141494750977,4.144094944000244
2004-03-22,3.35538911819458,3.4195446968078613,3.493952751159668,3.518599033355713,3.5730245113372803,3.619333267211914
2004-03-23,6.240303993225098,6.40222692489624,6.571854114532471,6.359671115875244,6.534804821014404,6.67543363571167
2004-03-24,2.908341646194458,3.035282850265503,3.2419931888580322,2.7434401512145996,2.8597614765167236,3.049067735671997
2004-03-25,5.551530838012695,5.678912162780762,5.902756214141846,5.6977410316467285,5.8081231117248535,5.975778579711914
2004-03-26,4.7517852783203125,4.864925384521484,5.0591959953308105,4.845328330993652,4.924115180969238,5.047098159790039
2004-03-27,4.189925670623779,4.4037580490112305,4.631304740905762,4.0651092529296875,4.273576736450195,4.5153727531433105
2004-03-28,2.7697322368621826,2.759014129638672,2.8155486583709717,2.9100656509399414,2.8841440677642822,2.888490676879883
2004-03-29,4.89417028427124,5.027757167816162,5.158297061920166,4.869459629058838,5.0083818435668945,5.113225936889648
2004-03-30,2.317272901535034,2.302133560180664,2.3463404178619385,2.363394260406494,2.334777593612671,2.3439395427703857
2004-03-31,3.389883518218994,3.455845355987549,3.6191999912261963,3.510857105255127,3.5801820755004883,3.7029123306274414
2004-04-01,5.689009189605713,5.77760124206543,5.7861785888671875,5.63850736618042,5.730288982391357,5.720535755157471
2004-04-02,5.355440616607666,5.651950359344482,5.91404390335083,5.298516750335693,5.580248832702637,5.805793285369873
2004-04-03,2.457582950592041,2.4845988750457764,2.5659091472625732,2.527242422103882,2.539802312850952,2.5846445560455322
2004-04-04,2.2910773754119873,2.3695924282073975,2.5107953548431396,2.4915711879730225,2.5540497303009033,2.650559425354004
2004-04-05,3.8905489444732666,3.86855149269104,3.857541799545288,3.975491762161255,3.9449567794799805,3.901013135910034
2004-04-06,5.666784763336182,5.694700717926025,5.693150520324707,5.671350955963135,5.670228004455566,5.621478080749512
2004-04-07,5.515341758728027,5.58212947845459,5.666630268096924,5.6012492179870605,5.641855239868164,5.663012981414795
2004-04-08,2.717888832092285,2.698526382446289,2.7220749855041504,2.570094108581543,2.534468650817871,2.5339131355285645
2004-04-09,7.190178871154785,7.319699764251709,7.482711315155029,7.291950702667236,7.394228458404541,7.523940563201904
2004-04-10,6.9428863525390625,7.200566291809082,7.566717147827148,6.9798197746276855,7.226685047149658,7.575290203094482
2004-04-11,3.910194158554077,4.063779830932617,4.264808177947998,4.070174694061279,4.202641487121582,4.367006778717041
2004-04-12,3.6578545570373535,3.630484104156494,3.6466524600982666,3.5598669052124023,3.5021305084228516,3.4540743827819824
2004-04-13,1.4963781833648682,1.5127549171447754,1.6097633838653564,1.6141146421432495,1.646782398223877,1.7549407482147217
2004-04-14,3.77150297164917,3.7991957664489746,3.8091676235198975,3.810060977935791,3.82244873046875,3.8148117065429688
2004-04-15,3.9088046550750732,3.9770336151123047,4.0672712326049805,3.8875105381011963,3.9346923828125,3.987321376800537
2004-04-16,2.0508575439453125,2.001081943511963,1.9161982536315918,2.0248217582702637,1.9740149974822998,1.8949824571609497
2004-04-17,3.126159906387329,2.9888153076171875,2.8419864177703857,3.072686195373535,2.9140737056732178,2.7349603176116943
2004-04-18,3.721707820892334,3.708967685699463,3.5494234561920166,3.610410451889038,3.5970044136047363,3.460214853286743
2004-04-19,2.4177658557891846,2.3956234455108643,2.2373557090759277,2.544877767562866,2.52203369140625,2.3733224868774414
2004-04-20,3.38571834564209,3.2992358207702637,3.2749195098876953,3.236823797225952,3.1347784996032715,3.0653953552246094
2004-04-21,2.907531499862671,2.982013463973999,3.0559253692626953,2.85280442237854,2.9190454483032227,2.986233949661255
2004-04-22,4.3566203117370605,4.213902950286865,4.011776447296143,4.441672325134277,4.288751602172852,4.055944919586182
2004-04-23,5.569493293762207,5.623299598693848,5.702508449554443,5.533534526824951,5.576037883758545,5.630978584289551
2004-04-24,4.285438060760498,4.324720859527588,4.383838653564453,4.237053871154785,4.25098991394043,4.272353172302246
2004-04-25,3.965895175933838,4.143119812011719,4.349635124206543,3.9665932655334473,4.119759559631348,4.2917585372924805
2004-04-26,3.9997010231018066,4.001694202423096,4.029259204864502,4.084883689880371,4.07178258895874,4.066392421722412
2004-04-27,2.842456579208374,2.9038851261138916,2.9900801181793213,2.7394769191741943,2.7877869606018066,2.8512039184570312
2004-04-28,1.927060604095459,1.9626957178115845,2.059021472930908,1.9398493766784668,1.9415340423583984,1.9944841861724854
2004-04-29,3.8751559257507324,3.9973294734954834,4.133151531219482,3.663210153579712,3.77703857421875,3.911771774291992
2004-04-30,3.770982503890991,3.9107682704925537,4.0466790199279785,3.9350426197052,4.050991058349609,4.14454460144043
2004-05-01,2.5227162837982178,2.5913825035095215,2.652977228164673,2.4383957386016846,2.506263017654419,2.573958158493042
2004-05-02,1.5830787420272827,1.6145528554916382,1.6561492681503296,1.5096830129623413,1.5477349758148193,1.585362434387207
2004-05-03,4.646905899047852,4.674121379852295,4.730251789093018,4.56502628326416,4.572319507598877,4.590795040130615
2004-05-04,4.8132171630859375,4.798398494720459,4.767703533172607,4.813847064971924,4.777425289154053,4.71182107925415
2004-05-05,4.678872585296631,4.786708354949951,4.887177467346191,4.588856220245361,4.689945220947266,4.764157295227051
2004-05-06,7.0554423332214355,7.212859153747559,7.416536808013916,7.055003643035889,7.17470121383667,7.313521385192871
2004-05-07,6.306015968322754,6.528400897979736,6.815892219543457,6.252337455749512,6.451463222503662,6.690253734588623
2004-05-08,2.643808126449585,2.796867847442627,2.992619276046753,2.621227741241455,2.7579188346862793,2.9308366775512695
2004-05-09,2.932769775390625,2.8815155029296875,2.8413186073303223,2.9657979011535645,2.904144525527954,2.8311126232147217
2004-05-10,4.250392436981201,4.291993141174316,4.415401458740234,4.473278999328613,4.52889347076416,4.6533284187316895
2004-05-11,5.302407741546631,5.447468280792236,5.655556678771973,5.499715805053711,5.658593654632568,5.883855819702148
2004-05-12,2.217198133468628,2.274400472640991,2.390951156616211,2.4071998596191406,2.463407039642334,2.577833890914917
2004-05-13,1.9864604473114014,2.0056049823760986,2.0602567195892334,2.052259922027588,2.0696792602539062,2.1229653358459473
2004-05-14,2.241568088531494,2.2201664447784424,2.2374587059020996,2.189101219177246,2.145866632461548,2.149963617324829
2004-05-15,4.187240123748779,4.1926679611206055,4.260632514953613,4.249243259429932,4.23728609085083,4.277473449707031
2004-05-16,2.6043715476989746,2.638606071472168,2.713870048522949,2.515015125274658,2.529452085494995,2.5853829383850098
2004-05-17,4.106319427490234,4.16455602645874,4.286015033721924,4.102559566497803,4.139438629150391,4.230158805847168
2004-05-18,5.304268836975098,5.399295330047607,5.494229793548584,5.397911071777344,5.482874870300293,5.559576034545898
2004-05-19,2.3304457664489746,2.421844720840454,2.5033421516418457,2.4083638191223145,2.4944489002227783,2.5654079914093018
2004-05-20,2.6462268829345703,2.6522879600524902,2.7488672733306885,2.677725076675415,2.6673319339752197,2.721789836883545
2004-05-21,1.9505808353424072,1.9972591400146484,2.077188491821289,1.8438713550567627,1.866467833518982,1.9188175201416016
2004-05-22,1.587711215019226,1.6454761028289795,1.7424540519714355,1.5984474420547485,1.6514010429382324,1.7495306730270386
2004-05-23,3.097364664077759,3.0610296726226807,3.0322751998901367,3.1882989406585693,3.1574370861053467,3.136866569519043
2004-05-24,3.795116662979126,3.8497941493988037,3.9569218158721924,3.8682799339294434,3.9163289070129395,4.000523567199707
2004-05-25,3.542261838912964,3.628807544708252,3.7178077697753906,3.5210349559783936,3.588819742202759,3.6677074432373047
2004-05-26,3.0079667568206787,3.070333957672119,3.12658429145813,2.997122287750244,3.038616418838501,3.0825674533843994
2004-05-27,2.4059088230133057,2.450828790664673,2.4997971057891846,2.2739076614379883,2.2937493324279785,2.3252501487731934
2004-05-28,2.3579695224761963,2.3787875175476074,2.4178757667541504,2.3529937267303467,2.358760118484497,2.391479730606079
2004-05-29,2.3444507122039795,2.3355114459991455,2.384798049926758,2.4805915355682373,2.467562437057495,2.5025076866149902
2004-05-30,1.9705222845077515,2.0131795406341553,2.067265510559082,1.8967714309692383,1.9190984964370728,1.94871985912323
2004-05-31,3.847102165222168,3.941199779510498,4.034770488739014,3.568213701248169,3.641956329345703,3.7273850440979004
2004-06-01,4.483955383300781,4.660660266876221,4.921720027923584,4.542326927185059,4.706274509429932,4.9398369789123535
2004-06-02,3.351001501083374,3.4617228507995605,3.583324432373047,3.1411027908325195,3.2348620891571045,3.340099334716797
2004-06-03,3.93676495552063,3.905747175216675,3.888643980026245,3.872285842895508,3.8361434936523438,3.8062264919281006
2004-06-04,3.3127105236053467,3.4514589309692383,3.5480377674102783,3.7344799041748047,3.8625059127807617,3.9674370288848877
2004-06-05,0.9351750016212463,0.9095064401626587,0.939577579498291,1.0037201642990112,0.971264123916626,0.9938068389892578
2004-06-06,2.2006165981292725,2.0126254558563232,1.8588064908981323,2.3405075073242188,2.1579370498657227,1.9895334243774414
2004-06-07,2.3668136596679688,2.262887716293335,2.096651315689087,2.4305853843688965,2.342939853668213,2.2050061225891113
2004-06-08,3.2047688961029053,3.2453200817108154,3.2688097953796387,3.061656951904297,3.0838499069213867,3.0960662364959717
2004-06-09,3.1270956993103027,3.2303121089935303,3.3328068256378174,3.172295331954956,3.2551016807556152,3.3384876251220703
2004-06-10,2.8030920028686523,2.9173994064331055,3.0425045490264893,2.8722145557403564,2.9722986221313477,3.080106735229492
2004-06-11,2.5807178020477295,2.6698317527770996,2.782379388809204,2.6304285526275635,2.711893320083618,2.8163247108459473
2004-06-12,2.5122504234313965,2.6345198154449463,2.7620792388916016,2.5198798179626465,2.6306076049804688,2.7484285831451416
2004-06-13,1.9999489784240723,2.033111333847046,2.147117853164673,1.9215742349624634,1.9211369752883911,1.9914096593856812
2004-06-14,2.862173557281494,2.9282619953155518,3.0660619735717773,2.8558573722839355,2.891162633895874,2.9826807975769043
2004-06-15,2.2200756072998047,2.262418031692505,2.3392181396484375,2.231201171875,2.2613346576690674,2.3156332969665527
2004-06-16,3.290051221847534,3.309783697128296,3.348767042160034,3.305016279220581,3.3051888942718506,3.318876266479492
2004-06-17,2.8464550971984863,2.8722259998321533,2.9229660034179688,2.977459192276001,2.969738721847534,2.9948785305023193
2004-06-18,5.301445484161377,5.409581184387207,5.559274196624756,5.208998203277588,5.276071071624756,5.382629871368408
2004-06-19,4.666467666625977,4.7065205574035645,4.77436637878418,4.66253137588501,4.67920446395874,4.705745697021484
2004-06-20,3.8311874866485596,3.9853227138519287,4.131322860717773,3.9509732723236084,4.0872650146484375,4.210353374481201
2004-06-21,2.8027374744415283,2.9352660179138184,3.0715277194976807,2.791588544845581,2.9096217155456543,3.036729574203491
2004-06-22,1.8810683488845825,1.9694501161575317,2.0780413150787354,1.899484395980835,1.9822043180465698,2.084218740463257
2004-06-23,1.5477814674377441,1.6227169036865234,1.7349272966384888,1.411569356918335,1.480461835861206,1.587951898574829
2004-06-24,3.2062485218048096,3.2079131603240967,3.1753575801849365,3.310275077819824,3.303182601928711,3.260441780090332
2004-06-25,3.9584569931030273,4.030795097351074,4.118224620819092,4.033545017242432,4.094593524932861,4.164772987365723
2004-06-26,4.071273326873779,4.1715779304504395,4.291292667388916,4.068064212799072,4.151238918304443,4.252309799194336
2004-06-27,2.6845147609710693,2.711726427078247,2.725107192993164,2.746131658554077,2.7634384632110596,2.7682173252105713
2004-06-28,2.760526418685913,2.8939459323883057,3.051589012145996,2.800086259841919,2.914433002471924,3.053431749343872
2004-06-29,3.345954179763794,3.401892900466919,3.518463373184204,3.4407155513763428,3.4819393157958984,3.5694961547851562
2004-06-30,3.6006715297698975,3.720017910003662,3.8691389560699463,3.37756609916687,3.480175256729126,3.611797571182251
2004-07-01,4.371266841888428,4.457047939300537,4.54712438583374,4.4193196296691895,4.4849138259887695,4.552960395812988
2004-07-02,2.020395040512085,2.055773973464966,2.1054506301879883,2.1160197257995605,2.1432855129241943,2.181384801864624
2004-07-03,1.9721590280532837,1.8830145597457886,1.8119654655456543,1.975286841392517,1.8954274654388428,1.822005033493042
2004-07-04,3.4416770935058594,3.4464447498321533,3.487009286880493,3.3933088779449463,3.356367349624634,3.3423891067504883
2004-07-05,4.506491184234619,4.663611888885498,4.816951751708984,4.523182392120361,4.6623077392578125,4.778378486633301
2004-07-06,2.2042369842529297,2.2499310970306396,2.321002721786499,2.332449197769165,2.3730974197387695,2.4322073459625244
2004-07-07,3.3467490673065186,3.461768865585327,3.6574034690856934,3.35579776763916,3.452099561691284,3.614391803741455
2004-07-08,3.404524326324463,3.4280548095703125,3.4948666095733643,3.4104440212249756,3.405439615249634,3.4459760189056396
2004-07-09,2.578886032104492,2.6687355041503906,2.7873194217681885,2.5654799938201904,2.639853000640869,2.7384769916534424
2004-07-10,1.8746601343154907,1.8980059623718262,1.9346399307250977,2.1190121173858643,2.1257195472717285,2.141409397125244
2004-07-11,4.247119426727295,4.229161739349365,4.223379135131836,4.239184856414795,4.198175430297852,4.1569504737854
2004-07-12,5.115212917327881,5.173032283782959,5.30600643157959,5.148055076599121,5.191529273986816,5.297030448913574
2004-07-13,2.1953375339508057,2.3451576232910156,2.5340423583984375,2.094153881072998,2.168231725692749,2.2931690216064453
2004-07-14,1.3324306011199951,1.4867033958435059,1.6964517831802368,1.1801882982254028,1.2849804162979126,1.4609988927841187
2004-07-15,2.2917840480804443,2.4597713947296143,2.6525096893310547,2.0616042613983154,2.21592378616333,2.3832294940948486
2004-07-16,1.8046032190322876,1.8751965761184692,2.0121803283691406,1.8869497776031494,1.9448943138122559,2.033297061920166
2004-07-17,2.0898239612579346,2.1843860149383545,2.33454966545105,2.064223289489746,2.1410436630249023,2.282616376876831
2004-07-18,3.629255771636963,3.6468567848205566,3.598822593688965,3.6851115226745605,3.708648204803467,3.678102970123291
2004-07-19,2.624039888381958,2.7670812606811523,2.9216153621673584,2.557804822921753,2.6782243251800537,2.804490089416504
2004-07-20,1.715410590171814,1.7288485765457153,1.7676944732666016,1.6427555084228516,1.6480822563171387,1.6828113794326782
2004-07-21,3.6140122413635254,3.6241300106048584,3.6595797538757324,3.475680351257324,3.4716928005218506,3.486234188079834
2004-07-22,3.8633065223693848,3.866398572921753,3.7342071533203125,3.6905014514923096,3.696392059326172,3.578779458999634
2004-07-23,3.2822773456573486,3.3459725379943848,3.401939868927002,3.340010166168213,3.3992929458618164,3.4639668464660645
2004-07-24,3.352825880050659,3.4025967121124268,3.4316465854644775,3.538024663925171,3.583513021469116,3.608419179916382
2004-07-25,2.71626615524292,2.772526502609253,2.881629228591919,2.5928797721862793,2.6278746128082275,2.7061593532562256
2004-07-26,1.065860629081726,1.046167016029358,1.084246277809143,1.3135008811950684,1.278485655784607,1.2794309854507446
2004-07-27,3.31606388092041,3.4277656078338623,3.6362898349761963,3.3035011291503906,3.3845958709716797,3.5356364250183105
2004-07-28,3.591329574584961,3.6826534271240234,3.8339486122131348,3.5403683185577393,3.6157050132751465,3.7464804649353027
2004-07-29,2.3384296894073486,2.233912944793701,2.0534467697143555,2.411264181137085,2.3119375705718994,2.1423370838165283
2004-07-30,2.97476863861084,2.9733033180236816,2.9219002723693848,2.915255308151245,2.915775775909424,2.866947889328003
2004-07-31,2.050783634185791,2.0690581798553467,2.083509683609009,2.0228359699249268,2.0381972789764404,2.042187452316284
2004-08-01,3.201148509979248,3.296393394470215,3.4254446029663086,3.1921064853668213,3.270538330078125,3.3768041133880615
2004-08-02,2.9567136764526367,2.9769959449768066,3.03216814994812,3.0538594722747803,3.061551570892334,3.095518112182617
2004-08-03,4.120157718658447,4.151191234588623,4.200929164886475,4.230708122253418,4.253200531005859,4.281589984893799
2004-08-04,4.511523723602295,4.664300918579102,4.821571350097656,4.510548114776611,4.619320392608643,4.720094203948975
2004-08-05,2.444196939468384,2.6132466793060303,2.855034828186035,2.5228514671325684,2.6835317611694336,2.8950350284576416
2004-08-06,1.2803465127944946,1.2920517921447754,1.338728904724121,1.251007080078125,1.2624763250350952,1.2974318265914917
2004-08-07,2.893792152404785,2.9543323516845703,2.972916841506958,2.91091251373291,2.9400055408477783,2.9372074604034424
2004-08-08,2.820384979248047,2.9094557762145996,3.0905420780181885,2.8227384090423584,2.886584758758545,3.022259473800659
2004-08-09,4.365485668182373,4.391128063201904,4.463528156280518,4.3754425048828125,4.371094226837158,4.402637004852295
2004-08-10,3.4464550018310547,3.578758955001831,3.7214109897613525,3.48952317237854,3.6092369556427,3.7248246669769287
2004-08-11,1.3981486558914185,1.4857276678085327,1.5829576253890991,1.4885461330413818,1.559814453125,1.6354607343673706
2004-08-12,2.725358247756958,2.753253221511841,2.7772016525268555,2.7167553901672363,2.7288548946380615,2.722031831741333
2004-08-13,3.6379523277282715,3.657332181930542,3.7368345260620117,3.694204330444336,3.6876332759857178,3.726806879043579
2004-08-14,4.369513034820557,4.456128120422363,4.5588884353637695,4.598181247711182,4.656307697296143,4.696420669555664
2004-08-15,1.2478926181793213,1.3168476819992065,1.4125336408615112,1.170688509941101,1.2348520755767822,1.3152472972869873
2004-08-16,1.0321118831634521,1.1408872604370117,1.3529891967773438,0.9396621584892273,1.004232406616211,1.1689947843551636
2004-08-17,0.8929324746131897,0.9527841210365295,1.0634595155715942,0.8282968401908875,0.8757877945899963,0.9846035838127136
2004-08-18,0.625664234161377,0.7369287610054016,0.9487642645835876,0.6812774538993835,0.7853844165802002,0.977079451084137
2004-08-19,1.6379731893539429,1.6307921409606934,1.632878303527832,1.6668823957443237,1.6505866050720215,1.6438987255096436
2004-08-20,4.374410152435303,4.420908451080322,4.446765422821045,4.255034923553467,4.282707214355469,4.275767803192139
2004-08-21,1.8141382932662964,1.9580918550491333,2.126344919204712,1.6906354427337646,1.7913411855697632,1.9180573225021362
2004-08-22,2.5678603649139404,2.645482301712036,2.7605814933776855,2.558903694152832,2.6215691566467285,2.7160205841064453
2004-08-23,1.9952409267425537,1.9792885780334473,1.974122166633606,2.071467876434326,2.034186601638794,2.00175142288208
2004-08-24,3.4430227279663086,3.5012359619140625,3.5891010761260986,3.484755039215088,3.5317270755767822,3.604177474975586
2004-08-25,2.449777364730835,2.4738833904266357,2.5004868507385254,2.387685775756836,2.3775930404663086,2.3564627170562744
2004-08-26,2.1634647846221924,2.2336745262145996,2.378974199295044,2.223792791366577,2.2691714763641357,2.370836019515991
2004-08-27,2.2769157886505127,2.348388195037842,2.420854091644287,2.2076382637023926,2.2605948448181152,2.320333957672119
2004-08-28,1.8115991353988647,1.9394193887710571,2.1164207458496094,1.8410532474517822,1.9593573808670044,2.110344171524048
2004-08-29,1.5953360795974731,1.5669862031936646,1.562671422958374,1.5497064590454102,1.519062876701355,1.5048037767410278
2004-08-30,2.9968087673187256,3.058380603790283,3.1515607833862305,2.9897375106811523,3.0215868949890137,3.0695462226867676
2004-08-31,2.2670178413391113,2.2812721729278564,2.3395731449127197,2.245326519012451,2.229982852935791,2.256873369216919
2004-09-01,2.462641954421997,2.554309368133545,2.6777660846710205,2.442533016204834,2.5006306171417236,2.579927921295166
2004-09-02,1.7519426345825195,1.8412866592407227,1.9324620962142944,1.7140203714370728,1.7748383283615112,1.8304495811462402
2004-09-03,2.901399612426758,2.928204298019409,2.977785348892212,2.8839612007141113,2.8897175788879395,2.919724941253662
2004-09-04,1.5093274116516113,1.4809601306915283,1.490553379058838,1.5568020343780518,1.5259722471237183,1.5361802577972412
2004-09-05,1.9922126531600952,2.095952033996582,2.2391438484191895,1.799792766571045,1.880061149597168,1.994692325592041
2004-09-06,1.2607147693634033,1.2582836151123047,1.2941526174545288,1.5077012777328491,1.501724362373352,1.5173735618591309
2004-09-07,2.083322763442993,2.114293336868286,2.1549737453460693,2.0656745433807373,2.0859856605529785,2.1123039722442627
2004-09-08,2.8139195442199707,2.904352903366089,3.023219108581543,2.8710827827453613,2.946932554244995,3.0398221015930176
2004-09-09,2.561293601989746,2.6146080493927,2.7129628658294678,2.650782823562622,2.684777021408081,2.7591335773468018
2004-09-10,2.242039442062378,2.2729992866516113,2.3530795574188232,2.189335823059082,2.2129249572753906,2.270515203475952
2004-09-11,2.129822015762329,2.041304111480713,1.9378093481063843,1.9138458967208862,1.8279865980148315,1.7507681846618652
2004-09-12,0.999701976776123,1.0977317094802856,1.3351423740386963,1.2011253833770752,1.3067035675048828,1.5379606485366821
2004-09-13,3.6468863487243652,3.7419567108154297,3.7721009254455566,3.7227623462677,3.79134464263916,3.791832447052002
2004-09-14,2.784040927886963,2.913634777069092,3.0982773303985596,2.810837984085083,2.912437915802002,3.0655887126922607
2004-09-15,2.6587066650390625,2.6830787658691406,2.731978178024292,2.617744207382202,2.6072778701782227,2.5944759845733643
2004-09-16,4.527535438537598,4.587700366973877,4.674197196960449,4.616744518280029,4.649864196777344,4.682987689971924
2004-09-17,5.307636737823486,5.4333176612854,5.609677314758301,5.338289737701416,5.436896800994873,5.568591117858887
2004-09-18,2.4384210109710693,2.553626298904419,2.7099313735961914,2.2852118015289307,2.3841183185577393,2.5185885429382324
2004-09-19,1.407163381576538,1.4592841863632202,1.551552176475525,1.3736191987991333,1.4085553884506226,1.484956979751587
2004-09-20,1.6939606666564941,1.6667275428771973,1.6675498485565186,1.725930094718933,1.6809430122375488,1.6549066305160522
2004-09-21,1.5110336542129517,1.4732098579406738,1.5079379081726074,1.6288193464279175,1.600184440612793,1.6269184350967407
2004-09-22,1.3889117240905762,1.4047516584396362,1.4544179439544678,1.3877463340759277,1.4005672931671143,1.4503716230392456
2004-09-23,1.952238917350769,1.920356035232544,1.8826481103897095,1.9934073686599731,1.9459890127182007,1.893176794052124
2004-09-24,1.5321292877197266,1.496480941772461,1.492400884628296,1.5818792581558228,1.5479718446731567,1.5306832790374756
2004-09-25,3.48703670501709,3.5543131828308105,3.663710117340088,3.5626273155212402,3.619389533996582,3.706298351287842
2004-09-26,5.485219955444336,5.496968746185303,5.5874247550964355,5.536868572235107,5.511200904846191,5.546444892883301
2004-09-27,3.73317813873291,3.9790873527526855,4.2803754806518555,3.752358913421631,3.977740526199341,4.243378639221191
2004-09-28,1.6694457530975342,1.5821118354797363,1.4946211576461792,1.875291347503662,1.7920788526535034,1.6984587907791138
2004-09-29,3.1906185150146484,3.234175205230713,3.3237359523773193,3.106625556945801,3.141084671020508,3.225536823272705
2004-09-30,2.525162696838379,2.5698482990264893,2.6672720909118652,2.6080880165100098,2.629375457763672,2.6940577030181885
2004-10-01,6.089230537414551,6.0100202560424805,6.053657054901123,6.217873573303223,6.133049011230469,6.116342067718506
2004-10-02,4.975388050079346,5.270366668701172,5.667747497558594,4.774348258972168,5.018895626068115,5.362975597381592
2004-10-03,3.2956624031066895,3.3645999431610107,3.4326624870300293,3.123828649520874,3.172445774078369,3.22312068939209
2004-10-04,3.682644844055176,3.725346326828003,3.8324038982391357,3.462329387664795,3.451610565185547,3.5065784454345703
2004-10-05,3.0956003665924072,3.349518299102783,3.67581844329834,3.1226158142089844,3.35463547706604,3.640965223312378
2004-10-06,1.027989387512207,1.1106641292572021,1.2774428129196167,1.0415918827056885,1.0992283821105957,1.2316831350326538
2004-10-07,1.8896597623825073,1.9040744304656982,1.9674617052078247,1.9886068105697632,2.009110450744629,2.0689029693603516
2004-10-08,2.624164581298828,2.786977529525757,2.995640754699707,2.46797251701355,2.5909509658813477,2.7381556034088135
2004-10-09,2.130521297454834,2.158292770385742,2.1802432537078857,1.981666922569275,1.9991263151168823,2.0122997760772705
2004-10-10,2.451993227005005,2.4512076377868652,2.4840121269226074,2.515411853790283,2.511171817779541,2.526732921600342
2004-10-11,3.7598917484283447,3.7541403770446777,3.742363214492798,3.7880258560180664,3.777447462081909,3.7459752559661865
2004-10-12,5.344887733459473,5.365384578704834,5.409606456756592,5.415363311767578,5.416705131530762,5.429446697235107
2004-10-13,4.990296363830566,5.087052822113037,5.213827610015869,4.978456974029541,5.063185691833496,5.150420188903809
2004-10-14,2.550353765487671,2.585087299346924,2.6188244819641113,2.450589418411255,2.481752872467041,2.5078232288360596
2004-10-15,3.5855352878570557,3.796102285385132,4.040761470794678,3.2234854698181152,3.402280569076538,3.609010934829712
2004-10-16,1.7628436088562012,1.8333821296691895,1.9500398635864258,1.7420612573623657,1.8045518398284912,1.9060560464859009
2004-10-17,1.833969235420227,1.7805284261703491,1.8145408630371094,1.6486759185791016,1.5903863906860352,1.6133886575698853
2004-10-18,2.891555070877075,2.9657464027404785,3.1597378253936768,3.1702418327331543,3.2128493785858154,3.3441402912139893
2004-10-19,4.3425612449646,4.375614166259766,4.489278793334961,4.211507797241211,4.245576858520508,4.356568813323975
2004-10-20,2.5209593772888184,2.5016050338745117,2.531883955001831,2.6211130619049072,2.587965250015259,2.6118993759155273
2004-10-21,3.3546438217163086,3.4971327781677246,3.782927989959717,3.165647506713867,3.2985801696777344,3.5506060123443604
2004-10-22,2.9709153175354004,2.949812173843384,2.945274829864502,2.933772087097168,2.908503770828247,2.890373945236206
2004-10-23,6.3902668952941895,6.464596748352051,6.664300918579102,6.454174518585205,6.474482536315918,6.604765892028809
2004-10-24,5.622136116027832,5.763150691986084,5.963042736053467,5.681685924530029,5.781495094299316,5.919486999511719
2004-10-25,3.024958848953247,3.10443115234375,3.2380568981170654,3.1096129417419434,3.159299373626709,3.2468857765197754
2004-10-26,3.5598299503326416,3.6029911041259766,3.657618761062622,3.5125715732574463,3.5467188358306885,3.604343891143799
2004-10-27,4.232173919677734,4.278690814971924,4.374057769775391,4.135669708251953,4.158373832702637,4.231266498565674
2004-10-28,3.9328110218048096,4.018240928649902,4.1283721923828125,3.883169651031494,3.943970203399658,4.034360408782959
2004-10-29,2.487541437149048,2.5676403045654297,2.7022745609283447,2.42234206199646,2.481783390045166,2.6017777919769287
2004-10-30,7.008935928344727,7.288617134094238,7.6036152839660645,6.568795204162598,6.8100666999816895,7.087011814117432
2004-10-31,8.614590644836426,9.012816429138184,9.428924560546875,8.461090087890625,8.837921142578125,9.215563774108887
2004-11-01,4.545407772064209,4.630457878112793,4.763801574707031,4.600551128387451,4.6633782386779785,4.768032073974609
2004-11-02,4.638753414154053,4.699705123901367,4.790774345397949,4.759255886077881,4.807725429534912,4.882102012634277
2004-11-03,4.175324440002441,4.20184326171875,4.222707748413086,4.092498302459717,4.093927383422852,4.092532157897949
2004-11-04,3.710766315460205,3.7151427268981934,3.784815549850464,3.6856484413146973,3.65775728225708,3.683957576751709
2004-11-05,6.269171714782715,6.263598918914795,6.224532604217529,6.3577961921691895,6.342872142791748,6.3082733154296875
2004-11-06,3.5136682987213135,3.6288983821868896,3.7669081687927246,3.5068178176879883,3.6069862842559814,3.718608856201172
2004-11-07,2.234773874282837,2.1688976287841797,2.0980606079101562,2.2529807090759277,2.199596881866455,2.139564037322998
2004-11-08,2.8734731674194336,3.044804811477661,3.2433319091796875,2.5630953311920166,2.7054660320281982,2.8866477012634277
2004-11-09,4.378026008605957,4.553849697113037,4.747552871704102,3.8668289184570312,4.001533031463623,4.17625093460083
2004-11-10,4.519351005554199,4.8164849281311035,5.179064750671387,4.168994903564453,4.442403793334961,4.786863803863525
2004-11-11,1.9422907829284668,1.9936184883117676,2.22578501701355,2.010117769241333,2.029519557952881,2.209709882736206
2004-11-12,3.2528598308563232,3.121638774871826,3.209157705307007,3.4550864696502686,3.2882089614868164,3.3088037967681885
2004-11-13,9.254481315612793,9.213123321533203,9.085308074951172,9.240649223327637,9.198755264282227,9.051095962524414
2004-11-14,8.520962715148926,8.601192474365234,8.711215019226074,8.635180473327637,8.67042350769043,8.728463172912598
2004-11-15,6.46809196472168,6.601232051849365,6.763071537017822,6.37449836730957,6.4872307777404785,6.641500473022461
2004-11-16,3.6260218620300293,3.7430882453918457,3.9187886714935303,3.5973780155181885,3.6698403358459473,3.7914581298828125
2004-11-17,2.96128511428833,2.9523825645446777,2.998643159866333,2.9370856285095215,2.908653974533081,2.9137442111968994
2004-11-18,5.258897304534912,5.096350193023682,4.9318389892578125,5.501663684844971,5.351325035095215,5.200074672698975
2004-11-19,6.510966777801514,6.5055012702941895,6.6190056800842285,6.7587175369262695,6.718166351318359,6.761208534240723
2004-11-20,6.115098476409912,6.401554107666016,6.713852882385254,6.275954246520996,6.502652645111084,6.740542411804199
2004-11-21,2.843878984451294,2.765411138534546,2.7066681385040283,3.051349401473999,2.929007053375244,2.79286527633667
2004-11-22,3.687753200531006,3.616861343383789,3.6328024864196777,3.885497570037842,3.8060317039489746,3.795004367828369
2004-11-23,2.5069429874420166,2.5850517749786377,2.696338415145874,2.585675001144409,2.6689341068267822,2.7832276821136475
2004-11-24,3.2541191577911377,3.146308660507202,3.1082632541656494,3.2081873416900635,3.0450987815856934,2.9202239513397217
2004-11-25,5.383237838745117,5.3195037841796875,5.286777019500732,5.406591415405273,5.324976921081543,5.260986804962158
2004-11-26,6.2825751304626465,6.205380439758301,6.224381446838379,6.438836574554443,6.345749855041504,6.3027663230896
2004-11-27,7.404299736022949,7.542259693145752,7.624515533447266,7.3500494956970215,7.488959789276123,7.546184539794922
2004-11-28,5.988806247711182,6.249236106872559,6.531985282897949,5.805948257446289,6.063793182373047,6.308164596557617
2004-11-29,5.189277648925781,5.271968364715576,5.330918312072754,4.935203552246094,5.071909427642822,5.157474517822266
2004-11-30,5.323287010192871,5.3841352462768555,5.4847822189331055,5.353083610534668,5.375850200653076,5.4404096603393555
2004-12-01,3.2139110565185547,3.3629391193389893,3.580665349960327,3.486804485321045,3.6159424781799316,3.8017866611480713
2004-12-02,3.237276315689087,3.3071813583374023,3.5248348712921143,3.2926363945007324,3.370439052581787,3.554948091506958
2004-12-03,3.27559232711792,3.4897103309631348,3.76845383644104,3.1691434383392334,3.353161573410034,3.5843684673309326
2004-12-04,4.2832465171813965,4.447522163391113,4.779932975769043,3.8806705474853516,4.00438928604126,4.27571964263916
2004-12-05,4.2798542976379395,4.306066989898682,4.355708122253418,4.657510757446289,4.64731502532959,4.608644008636475
2004-12-06,2.8387579917907715,3.1355648040771484,3.5601234436035156,2.7808780670166016,2.979166269302368,3.3268465995788574
2004-12-07,1.5050134658813477,1.5015554428100586,1.5139213800430298,1.5937585830688477,1.567719578742981,1.5238128900527954
2004-12-08,5.7947821617126465,5.8967061042785645,6.09893798828125,5.916221618652344,5.980652809143066,6.1193342208862305
2004-12-09,6.206180572509766,6.409160614013672,6.756501197814941,6.081995487213135,6.2584333419799805,6.5720672607421875
2004-12-10,5.666774272918701,5.934206485748291,6.2838335037231445,5.312996864318848,5.549828052520752,5.887760162353516
2004-12-11,2.7235846519470215,3.0356998443603516,3.4925312995910645,2.5661025047302246,2.8382515907287598,3.2517294883728027
2004-12-12,3.574082612991333,3.744603157043457,3.913865327835083,3.0641355514526367,3.1531734466552734,3.266770124435425
2004-12-13,3.2387373447418213,3.386622428894043,3.640266180038452,2.8976545333862305,2.9731931686401367,3.167156219482422
2004-12-14,4.58702278137207,4.788790702819824,5.053269863128662,3.9992127418518066,4.155767917633057,4.353579998016357
2004-12-15,4.8603410720825195,5.039490699768066,5.400479793548584,4.638369560241699,4.7486395835876465,5.020214557647705
2004-12-16,6.909722805023193,7.059347629547119,7.310563087463379,6.746556282043457,6.863550662994385,7.08048152923584
2004-12-17,7.581243991851807,7.755267143249512,8.022403717041016,7.2443742752075195,7.3894171714782715,7.591216087341309
2004-12-18,4.833053112030029,5.08797025680542,5.447227954864502,4.10211706161499,4.333576202392578,4.65192985534668
2004-12-19,3.2800629138946533,3.1490578651428223,3.1955809593200684,3.340752601623535,3.1572086811065674,3.097050428390503
2004-12-20,4.57855224609375,4.577091693878174,4.614472389221191,4.6556925773620605,4.6304144859313965,4.619441032409668
2004-12-21,4.652791976928711,4.766003608703613,4.928818702697754,4.66871452331543,4.731256484985352,4.826576232910156
2004-12-22,2.2063148021698,2.2631993293762207,2.360891819000244,2.0176479816436768,2.033771514892578,2.0919339656829834
2004-12-23,4.3115620613098145,4.267667770385742,4.3479084968566895,4.205713272094727,4.108842372894287,4.118073463439941
2004-12-24,3.5925142765045166,3.6902854442596436,3.9290785789489746,3.6024997234344482,3.641831874847412,3.779442548751831
2004-12-25,3.99455189704895,3.9845497608184814,4.001674175262451,3.9375832080841064,3.9153707027435303,3.907843589782715
2004-12-26,4.756081581115723,4.855287075042725,5.019928932189941,4.824413299560547,4.8997087478637695,5.048367500305176
2004-12-27,8.868897438049316,8.986936569213867,9.163962364196777,8.81299114227295,8.892380714416504,9.027570724487305
2004-12-28,4.4047064781188965,4.632791996002197,4.8860063552856445,4.342859268188477,4.4844651222229,4.646491527557373
2004-12-29,5.2000627517700195,5.199718952178955,5.245212554931641,5.379464626312256,5.383062839508057,5.4250078201293945
2004-12-30,4.075341701507568,4.12663459777832,4.199013710021973,4.070656776428223,4.120974063873291,4.175724506378174
2004-12-31,2.9484758377075195,2.97995662689209,3.061650037765503,3.05473256111145,3.074714183807373,3.1269938945770264
2005-01-01,5.776760101318359,5.798455238342285,5.869248390197754,5.8731465339660645,5.870384216308594,5.912082672119141
2005-01-02,4.955496311187744,5.039100646972656,5.215747833251953,5.1134467124938965,5.169095993041992,5.292965888977051
2005-01-03,6.620366096496582,6.6074700355529785,6.626344680786133,6.935722351074219,6.925085544586182,6.929815769195557
2005-01-04,8.166400909423828,8.31795597076416,8.660131454467773,8.20314884185791,8.29702377319336,8.571767807006836
2005-01-05,4.618449687957764,4.741507053375244,5.005329132080078,4.488061904907227,4.538108825683594,4.736050128936768
2005-01-06,4.8289289474487305,4.753378391265869,4.8893280029296875,4.876903057098389,4.756496429443359,4.79328727722168
2005-01-07,2.9236390590667725,2.8928518295288086,3.048548936843872,3.1749777793884277,3.1485633850097656,3.274348020553589
2005-01-08,3.6043121814727783,3.5534486770629883,3.6016669273376465,3.844590663909912,3.7952053546905518,3.8337204456329346
2005-01-09,5.798096656799316,5.792463302612305,5.834475517272949,5.863407135009766,5.8411712646484375,5.861736297607422
2005-01-10,4.588463306427002,4.691709995269775,4.8525567054748535,4.727333068847656,4.8224616050720215,4.969005107879639
2005-01-11,5.8092756271362305,5.900704383850098,6.072381019592285,5.843257904052734,5.898135185241699,6.024857044219971
2005-01-12,5.178353309631348,5.310949325561523,5.508016586303711,5.334999084472656,5.453929424285889,5.615112781524658
2005-01-13,3.8352370262145996,4.102273941040039,4.491658687591553,4.032417297363281,4.253086090087891,4.559711456298828
2005-01-14,7.949034690856934,7.939303398132324,7.964984893798828,8.285387992858887,8.248346328735352,8.230008125305176
2005-01-15,7.341910362243652,7.557999610900879,7.83704948425293,7.464467525482178,7.641032695770264,7.85756254196167
2005-01-16,4.513293266296387,4.625521659851074,4.88624906539917,4.758866786956787,4.8299946784973145,4.991613388061523
2005-01-17,5.533698558807373,5.551248073577881,5.620311737060547,5.822841167449951,5.839136600494385,5.876836776733398
2005-01-18,5.568305015563965,5.640294551849365,5.771196365356445,5.796811103820801,5.84419584274292,5.935524940490723
2005-01-19,3.0832290649414062,3.222836494445801,3.408536911010742,3.114837884902954,3.215980052947998,3.353581190109253
2005-01-20,2.6682186126708984,2.8071539402008057,3.015946626663208,2.6300272941589355,2.7212493419647217,2.854844570159912
2005-01-21,3.41202449798584,3.4260268211364746,3.453144073486328,3.3033530712127686,3.3050782680511475,3.2872045040130615
2005-01-22,4.523124694824219,4.539373397827148,4.598239898681641,4.633971691131592,4.678035259246826,4.724757194519043
2005-01-23,8.088419914245605,8.134057998657227,8.3284330368042,8.23965835571289,8.257406234741211,8.40604019165039
2005-01-24,7.45373010635376,7.5810980796813965,7.842443466186523,7.374789237976074,7.465993881225586,7.67721700668335
2005-01-25,4.410812854766846,4.432491302490234,4.459974765777588,4.383207321166992,4.413725852966309,4.448812484741211
2005-01-26,3.55185604095459,3.4408745765686035,3.330160140991211,3.72939395904541,3.6098036766052246,3.4868721961975098
2005-01-27,7.38586950302124,7.544161319732666,7.804193496704102,7.257111549377441,7.402933120727539,7.632911205291748
2005-01-28,3.7841455936431885,3.839568853378296,3.932154655456543,3.880399227142334,3.91558575630188,3.995725631713867
2005-01-29,3.992081642150879,4.043967247009277,4.093306064605713,4.088245391845703,4.082095623016357,4.094635486602783
2005-01-30,3.1122543811798096,3.1155171394348145,3.06197190284729,3.119584798812866,3.146995782852173,3.138211250305176
2005-01-31,6.298900127410889,6.3610334396362305,6.487752437591553,6.58491849899292,6.620255947113037,6.675108909606934
2005-02-01,5.891867160797119,5.95081901550293,6.13159704208374,6.252343654632568,6.300581455230713,6.422976493835449
2005-02-02,4.709946155548096,4.735208034515381,4.754026889801025,4.789718151092529,4.809683799743652,4.838408470153809
2005-02-03,4.077792167663574,4.075387477874756,4.081582546234131,4.2115159034729,4.2127885818481445,4.225643157958984
2005-02-04,7.717416763305664,7.745922088623047,7.891884803771973,7.8975677490234375,7.8954362869262695,7.994139194488525
2005-02-05,7.088332653045654,7.281238555908203,7.56313943862915,7.083947658538818,7.247220516204834,7.461318492889404
2005-02-06,5.3649725914001465,5.356136798858643,5.3076863288879395,5.445534706115723,5.438156604766846,5.388681411743164
2005-02-07,5.216529846191406,5.295205116271973,5.404655456542969,5.387476921081543,5.46082067489624,5.555251121520996
2005-02-08,7.200565814971924,7.258583068847656,7.400432586669922,7.290491104125977,7.332455635070801,7.423051357269287
2005-02-09,8.295082092285156,8.42177963256836,8.614378929138184,8.539286613464355,8.646557807922363,8.775834083557129
2005-02-10,6.832025527954102,7.168078899383545,7.526687145233154,6.42837381362915,6.77468729019165,7.141351699829102
2005-02-11,3.841218948364258,3.78544020652771,3.8111140727996826,4.081242561340332,4.00861120223999,3.9944472312927246
2005-02-12,1.8983746767044067,1.9831020832061768,2.1336073875427246,2.0601038932800293,2.142256021499634,2.282180070877075
2005-02-13,3.8111932277679443,3.8621511459350586,3.958613157272339,4.169651508331299,4.203993797302246,4.23895263671875
2005-02-14,5.302865982055664,5.394981861114502,5.543698310852051,5.152635097503662,5.227042198181152,5.342866897583008
2005-02-15,5.6060791015625,5.608569145202637,5.611453533172607,5.707542419433594,5.684151649475098,5.666869640350342
2005-02-16,8.483762741088867,8.653942108154297,8.954060554504395,8.382185935974121,8.533921241760254,8.784052848815918
2005-02-17,5.23383903503418,5.377127647399902,5.596861362457275,5.0086846351623535,5.124782085418701,5.315616130828857
2005-02-18,2.713646650314331,2.8835418224334717,3.2870163917541504,2.7641680240631104,2.8665709495544434,3.152944326400757
2005-02-19,5.772064208984375,5.80980920791626,5.894731521606445,5.81123161315918,5.826912879943848,5.869554042816162
2005-02-20,5.676126003265381,5.71027946472168,5.713376522064209,5.935013294219971,5.943437576293945,5.936981678009033
2005-02-21,1.8074465990066528,1.8023194074630737,1.8071132898330688,1.8987044095993042,1.8911755084991455,1.8891451358795166
2005-02-22,5.359574317932129,5.442715644836426,5.5913310050964355,5.304381370544434,5.3800048828125,5.532719612121582
2005-02-23,3.92747163772583,3.9860665798187256,4.1117448806762695,3.6878952980041504,3.7413363456726074,3.8500308990478516
2005-02-24,5.900371074676514,5.906259059906006,6.030165672302246,6.217139720916748,6.221159934997559,6.311441421508789
2005-02-25,7.310091018676758,7.452969074249268,7.74766731262207,7.271674156188965,7.379339218139648,7.619626522064209
2005-02-26,7.214182376861572,7.408962726593018,7.715264797210693,7.104837417602539,7.266129970550537,7.5165581703186035
2005-02-27,3.2629404067993164,3.304764986038208,3.424180507659912,3.3683903217315674,3.3835604190826416,3.4525363445281982
2005-02-28,3.248039484024048,3.368410587310791,3.6155121326446533,3.343965530395508,3.4153125286102295,3.6020336151123047
2005-03-01,7.924482345581055,7.958620071411133,8.166725158691406,7.975414752960205,7.971538543701172,8.110864639282227
2005-03-02,10.076560020446777,10.272212028503418,10.647688865661621,10.176563262939453,10.341066360473633,10.629972457885742
2005-03-03,6.364743232727051,6.5274457931518555,6.721192836761475,6.379942417144775,6.5293474197387695,6.707847595214844
2005-03-04,1.530704140663147,1.541447401046753,1.6607283353805542,1.559264063835144,1.5703413486480713,1.6707979440689087
2005-03-05,5.591500759124756,5.58944034576416,5.645447254180908,5.929900646209717,5.929281234741211,5.9684367179870605
2005-03-06,5.653819561004639,5.767965316772461,5.934844970703125,5.779951572418213,5.872176647186279,5.999156951904297
2005-03-07,3.5886659622192383,3.6359260082244873,3.686854124069214,3.7382407188415527,3.7574093341827393,3.795778274536133
2005-03-08,3.4716579914093018,3.473667621612549,3.5249083042144775,3.422233819961548,3.4238526821136475,3.463658332824707
2005-03-09,5.534042835235596,5.653243064880371,5.817575454711914,5.186641216278076,5.298599720001221,5.443081378936768
2005-03-10,7.233150482177734,7.312586307525635,7.4621262550354,7.490894794464111,7.532536506652832,7.629649639129639
2005-03-11,7.360380172729492,7.442063331604004,7.630855560302734,7.6079487800598145,7.673468589782715,7.8040313720703125
2005-03-12,8.18196964263916,8.405458450317383,8.710083961486816,8.169289588928223,8.360559463500977,8.593420028686523
2005-03-13,5.182208061218262,5.226780414581299,5.298900127410889,5.240132808685303,5.248621940612793,5.257214069366455
2005-03-14,5.883312225341797,5.949701309204102,6.059711456298828,5.963191986083984,6.000205039978027,6.065275192260742
2005-03-15,6.01203727722168,6.166497707366943,6.334173202514648,6.032398223876953,6.168749809265137,6.308171272277832
2005-03-16,5.156153202056885,5.380467414855957,5.569779396057129,5.158674716949463,5.348123550415039,5.494676113128662
2005-03-17,4.15573787689209,4.10985803604126,4.080925464630127,4.326122760772705,4.240544319152832,4.1681694984436035
2005-03-18,4.206151008605957,4.243415832519531,4.244390487670898,4.425820827484131,4.477570533752441,4.485040664672852
2005-03-19,4.260019302368164,4.356410026550293,4.45177698135376,4.242405891418457,4.340152740478516,4.430771350860596
2005-03-20,4.327580451965332,4.4766154289245605,4.653792381286621,4.330682754516602,4.467813968658447,4.626071929931641
2005-03-21,4.21055269241333,4.262195587158203,4.352587699890137,4.1468186378479,4.1954450607299805,4.261858940124512
2005-03-22,5.4257588386535645,5.508513450622559,5.6356730461120605,5.417322158813477,5.468466758728027,5.540790557861328
2005-03-23,2.910886526107788,3.0432512760162354,3.264479875564575,2.947519063949585,3.0534183979034424,3.2302727699279785
2005-03-24,2.4724204540252686,2.548938035964966,2.6518337726593018,2.386528730392456,2.445019006729126,2.5266330242156982
2005-03-25,2.6051042079925537,2.6971793174743652,2.812002658843994,2.7807979583740234,2.8771681785583496,2.9976868629455566
2005-03-26,3.260401487350464,3.3524632453918457,3.4791107177734375,3.2522482872009277,3.3436472415924072,3.463026523590088
2005-03-27,5.1897783279418945,5.237818717956543,5.3712568283081055,5.454238414764404,5.484314918518066,5.573619365692139
2005-03-28,6.809695243835449,6.849470615386963,6.954675674438477,7.0776190757751465,7.082584857940674,7.109247207641602
2005-03-29,7.521005153656006,7.609507083892822,7.735241889953613,7.658153533935547,7.727163791656494,7.798476219177246
2005-03-30,4.081194877624512,4.32367467880249,4.59232759475708,4.100359916687012,4.334000110626221,4.588160991668701
2005-03-31,4.5842790603637695,4.600105285644531,4.680996417999268,4.580905437469482,4.570154666900635,4.592202186584473
2005-04-01,5.232226371765137,5.423310279846191,5.709899425506592,5.210251808166504,5.367422103881836,5.592702388763428
2005-04-02,4.080473899841309,4.060091972351074,4.085482597351074,4.306716442108154,4.290319919586182,4.31803560256958
2005-04-03,4.778128147125244,4.754052639007568,4.622403621673584,4.8152384757995605,4.779261589050293,4.655301570892334
2005-04-04,3.7847955226898193,3.7886159420013428,3.8195464611053467,3.5533640384674072,3.5352234840393066,3.5263733863830566
2005-04-05,4.024180889129639,4.094934940338135,4.1876749992370605,3.662022352218628,3.7009551525115967,3.7596397399902344
2005-04-06,3.317340612411499,3.3923897743225098,3.5000312328338623,3.3248038291931152,3.3812155723571777,3.454423189163208
2005-04-07,3.746560573577881,3.8590505123138428,4.010959625244141,3.9236700534820557,4.02062463760376,4.153176784515381
2005-04-08,5.215599060058594,5.24100399017334,5.325931072235107,5.246844291687012,5.271200656890869,5.3423261642456055
2005-04-09,2.9324610233306885,2.829549551010132,2.723243236541748,2.8084163665771484,2.686488151550293,2.5698390007019043
2005-04-10,2.864898920059204,2.766143560409546,2.814664363861084,2.853022336959839,2.7427239418029785,2.7547430992126465
2005-04-11,4.1408209800720215,4.323610782623291,4.575806140899658,4.083450794219971,4.222222328186035,4.426172733306885
2005-04-12,5.030962944030762,5.172821998596191,5.382955551147461,4.771187782287598,4.901709079742432,5.08363676071167
2005-04-13,3.397472858428955,3.428499937057495,3.4676332473754883,3.399630546569824,3.422922372817993,3.442614793777466
2005-04-14,3.4691367149353027,3.487358331680298,3.519648551940918,3.4846208095550537,3.4991252422332764,3.520066022872925
2005-04-15,2.1948060989379883,2.3731300830841064,2.5506982803344727,2.0559871196746826,2.223424196243286,2.3824267387390137
2005-04-16,3.441554307937622,3.506556510925293,3.5844388008117676,3.432194948196411,3.4992012977600098,3.5635361671447754
2005-04-17,4.417974948883057,4.499779224395752,4.631731986999512,4.215719223022461,4.283607482910156,4.389559745788574
2005-04-18,4.413370132446289,4.531196117401123,4.685554504394531,4.319824695587158,4.424985408782959,4.553410530090332
2005-04-19,2.5413928031921387,2.455484628677368,2.5294625759124756,2.5297718048095703,2.4587533473968506,2.5846993923187256
2005-04-20,5.288370132446289,5.358937740325928,5.5266337394714355,5.299956798553467,5.329216957092285,5.45391845703125
2005-04-21,5.579597473144531,5.736526966094971,5.9335198402404785,5.634006023406982,5.77011775970459,5.915353775024414
2005-04-22,3.673513650894165,3.7303147315979004,3.7769010066986084,3.7504308223724365,3.8017730712890625,3.8409454822540283
2005-04-23,2.7160654067993164,2.7746951580047607,2.840315103530884,2.7768709659576416,2.8283870220184326,2.885216474533081
2005-04-24,3.0893516540527344,3.1034719944000244,3.152301073074341,3.1405887603759766,3.143169641494751,3.1719014644622803
2005-04-25,3.856433629989624,3.9313676357269287,4.018402099609375,3.89045786857605,3.9499764442443848,4.014963626861572
2005-04-26,4.566014289855957,4.683101177215576,4.806318283081055,4.724758148193359,4.820026874542236,4.907053470611572
2005-04-27,1.5227173566818237,1.5140799283981323,1.54729163646698,1.5496890544891357,1.5619335174560547,1.6120253801345825
2005-04-28,3.4358251094818115,3.442964553833008,3.4419288635253906,3.690967082977295,3.6713974475860596,3.6329290866851807
2005-04-29,2.7500650882720947,2.7254445552825928,2.7600109577178955,2.5968472957611084,2.545623540878296,2.541084051132202
2005-04-30,5.57225227355957,5.628100872039795,5.694271087646484,5.5636887550354,5.599678039550781,5.626453876495361
2005-05-01,3.701857566833496,3.8740386962890625,4.067507743835449,3.750037431716919,3.9124388694763184,4.091516017913818
2005-05-02,4.532008647918701,4.653653144836426,4.795377254486084,4.493884563446045,4.605196952819824,4.71931266784668
2005-05-03,3.9667954444885254,3.9352753162384033,3.908611297607422,3.9491026401519775,3.9171478748321533,3.897343397140503
2005-05-04,3.205610990524292,3.110903024673462,2.9402735233306885,2.865147829055786,2.7802979946136475,2.6328234672546387
2005-05-05,3.817901611328125,3.9268171787261963,3.9674291610717773,3.8553929328918457,3.961228847503662,4.007029056549072
2005-05-06,4.4380974769592285,4.556394577026367,4.67704439163208,4.406540870666504,4.497527122497559,4.594939231872559
2005-05-07,5.217235565185547,5.383090019226074,5.514026641845703,5.137885093688965,5.276342391967773,5.400881290435791
2005-05-08,4.322787761688232,4.489315986633301,4.7161478996276855,4.2259016036987305,4.370308876037598,4.575894832611084
2005-05-09,2.0040383338928223,2.155576467514038,2.344799280166626,2.0453109741210938,2.187025547027588,2.369514226913452
2005-05-10,2.7439286708831787,2.8334012031555176,2.9838030338287354,2.727776050567627,2.8013641834259033,2.9238171577453613
2005-05-11,3.770111560821533,3.887763261795044,4.088728427886963,3.709608554840088,3.8073670864105225,3.973212957382202
2005-05-12,3.351686954498291,3.4115874767303467,3.5251522064208984,3.072523355484009,3.1146886348724365,3.203249216079712
2005-05-13,4.674276828765869,4.819608688354492,5.005752086639404,4.485911846160889,4.5918684005737305,4.742563724517822
2005-05-14,2.6611526012420654,2.472862482070923,2.307162046432495,3.0094735622406006,2.8116812705993652,2.605764627456665
2005-05-15,3.332791566848755,3.419142961502075,3.570791006088257,3.4709739685058594,3.5488669872283936,3.6704893112182617
2005-05-16,4.172152519226074,4.231068134307861,4.22819185256958,3.769785165786743,3.802476644515991,3.791424512863159
2005-05-17,2.81359601020813,2.832526683807373,2.8075053691864014,2.482595682144165,2.4870686531066895,2.4613287448883057
2005-05-18,1.4947211742401123,1.5109341144561768,1.533018946647644,1.6324094533920288,1.65155827999115,1.6675251722335815
2005-05-19,1.4826881885528564,1.5198326110839844,1.5735554695129395,1.408078908920288,1.4367157220840454,1.480201005935669
2005-05-20,2.092102527618408,2.1524059772491455,2.245229721069336,1.9550994634628296,1.9953464269638062,2.0565032958984375
2005-05-21,2.7028441429138184,2.6230220794677734,2.5524747371673584,3.0345828533172607,2.9446234703063965,2.858543634414673
2005-05-22,3.2647652626037598,3.3050448894500732,3.36562180519104,3.2295331954956055,3.251795530319214,3.2922658920288086
2005-05-23,3.4529569149017334,3.535203456878662,3.6614296436309814,3.298163890838623,3.3515913486480713,3.4346470832824707
2005-05-24,4.452388763427734,4.51131534576416,4.598801612854004,4.538509368896484,4.586452007293701,4.657008171081543
2005-05-25,3.850752115249634,3.87196683883667,3.96923565864563,4.028409957885742,4.030890464782715,4.078994274139404
2005-05-26,1.7325339317321777,1.7453819513320923,1.8018709421157837,1.77658212184906,1.7956172227859497,1.8527185916900635
2005-05-27,2.958228588104248,3.020724296569824,3.169175863265991,2.7860519886016846,2.8216118812561035,2.947639226913452
2005-05-28,0.9123455882072449,0.9110054969787598,0.9206581115722656,0.8395032286643982,0.8102015852928162,0.8232845067977905
2005-05-29,1.8747751712799072,1.9380367994308472,1.9778063297271729,1.8125009536743164,1.8730493783950806,1.8961812257766724
2005-05-30,3.133978843688965,3.16778564453125,3.245136022567749,3.126736640930176,3.1430516242980957,3.180588483810425
2005-05-31,4.783324718475342,4.861158847808838,4.982382297515869,4.690301895141602,4.7475175857543945,4.838733196258545
2005-06-01,5.64210844039917,5.679719924926758,5.7108588218688965,5.804598808288574,5.819447040557861,5.819157123565674
2005-06-02,2.7189629077911377,2.733614444732666,2.7349531650543213,2.7103819847106934,2.730087995529175,2.7387144565582275
2005-06-03,2.0606393814086914,2.1185288429260254,2.2110414505004883,1.9731792211532593,2.0264580249786377,2.1079230308532715
2005-06-04,3.290907144546509,3.3599424362182617,3.451207160949707,3.112243890762329,3.1869101524353027,3.289736032485962
2005-06-05,3.4455394744873047,3.535950183868408,3.6236660480499268,3.336418867111206,3.4101576805114746,3.4718739986419678
2005-06-06,3.468583106994629,3.534100294113159,3.6281933784484863,3.4169507026672363,3.4558422565460205,3.5236222743988037
2005-06-07,2.1961381435394287,2.15983247756958,2.1284825801849365,2.218993663787842,2.194180727005005,2.185558557510376
2005-06-08,3.207444429397583,3.2383909225463867,3.2830774784088135,3.285554885864258,3.3249354362487793,3.3708763122558594
2005-06-09,4.40251350402832,4.408381938934326,4.53641939163208,4.459771156311035,4.447329998016357,4.545709609985352
2005-06-10,1.8946504592895508,1.9190648794174194,2.017740488052368,1.9639416933059692,1.9501538276672363,2.0065934658050537
2005-06-11,3.395873546600342,3.306445598602295,3.081296443939209,3.1903700828552246,3.1150221824645996,2.9357330799102783
2005-06-12,2.063810348510742,2.1303553581237793,2.220473289489746,2.1794140338897705,2.2451672554016113,2.3279271125793457
2005-06-13,3.952446460723877,4.026752948760986,4.133467674255371,3.952375888824463,4.010571002960205,4.090149402618408
2005-06-14,2.2240216732025146,2.241776943206787,2.2647054195404053,2.44492506980896,2.4502596855163574,2.466552257537842
2005-06-15,2.30104923248291,2.3820652961730957,2.4769577980041504,2.2825446128845215,2.3611502647399902,2.4552836418151855
2005-06-16,3.4706671237945557,3.5173983573913574,3.576525926589966,3.4612343311309814,3.475623607635498,3.4749600887298584
2005-06-17,4.91273307800293,4.99993371963501,5.096848487854004,4.95562744140625,5.027005672454834,5.0933661460876465
2005-06-18,2.5911121368408203,2.645967960357666,2.726675033569336,2.577011823654175,2.614445209503174,2.671536922454834
2005-06-19,2.06941556930542,2.116023063659668,2.1479969024658203,2.0781540870666504,2.1200294494628906,2.1519222259521484
2005-06-20,2.4152114391326904,2.5026142597198486,2.5735881328582764,2.278339385986328,2.3537039756774902,2.4191043376922607
2005-06-21,1.9347342252731323,1.949380874633789,1.959155797958374,1.782182216644287,1.7889121770858765,1.7923728227615356
2005-06-22,2.8181512355804443,2.8444182872772217,2.892329692840576,2.958535671234131,2.9856057167053223,3.0305466651916504
2005-06-23,3.841040849685669,3.9680280685424805,4.092601299285889,3.8444981575012207,3.9634571075439453,4.074639320373535
2005-06-24,2.6137137413024902,2.6664726734161377,2.679973840713501,2.6303601264953613,2.681993007659912,2.70363450050354
2005-06-25,2.969813108444214,2.973742961883545,2.9373939037323,2.9119012355804443,2.9219396114349365,2.897254705429077
2005-06-26,2.1772620677948,2.089235305786133,1.9669479131698608,2.1762168407440186,2.104801893234253,1.9979995489120483
2005-06-27,2.2951877117156982,2.2236979007720947,2.136334180831909,2.355029582977295,2.3012454509735107,2.2283949851989746
2005-06-28,2.2825088500976562,2.363185405731201,2.4305167198181152,2.1449451446533203,2.2236249446868896,2.3078536987304688
2005-06-29,1.4326555728912354,1.4322333335876465,1.4166345596313477,1.5285766124725342,1.5104780197143555,1.4710233211517334
2005-06-30,1.8622342348098755,1.6943252086639404,1.7214500904083252,2.1897084712982178,2.0084917545318604,1.921268343925476
2005-07-01,1.7947614192962646,1.7888121604919434,1.7672420740127563,1.7338464260101318,1.7273175716400146,1.7165727615356445
2005-07-02,2.808588743209839,2.884617805480957,2.988703966140747,2.863022804260254,2.934504508972168,3.029005527496338
2005-07-03,2.2081398963928223,2.2535955905914307,2.316075325012207,2.248804807662964,2.2930150032043457,2.3583219051361084
2005-07-04,2.6895945072174072,2.7302095890045166,2.818018674850464,2.733447551727295,2.7632462978363037,2.8328170776367188
2005-07-05,3.4501938819885254,3.5516767501831055,3.7015082836151123,3.338273763656616,3.426229238510132,3.556500196456909
2005-07-06,3.990453004837036,3.893134832382202,3.7883238792419434,4.013248443603516,3.9138100147247314,3.8177058696746826
2005-07-07,3.6248369216918945,3.7890329360961914,3.9905483722686768,3.5832910537719727,3.7269279956817627,3.8990492820739746
2005-07-08,2.1012959480285645,2.1423754692077637,2.2352755069732666,2.128486156463623,2.1522738933563232,2.2179529666900635
2005-07-09,3.0696136951446533,3.137824058532715,3.2503364086151123,3.1195600032806396,3.1693828105926514,3.243098258972168
2005-07-10,3.280353307723999,3.403103828430176,3.538525104522705,3.2290823459625244,3.3386974334716797,3.4570086002349854
2005-07-11,3.262218952178955,3.4338388442993164,3.6034975051879883,3.113433837890625,3.2708141803741455,3.4467170238494873
2005-07-12,2.0054080486297607,2.2050414085388184,2.4006197452545166,1.667183518409729,1.8201704025268555,1.9997873306274414
2005-07-13,1.2560012340545654,1.2363201379776,1.2639753818511963,1.3628538846969604,1.3160258531570435,1.2902498245239258
2005-07-14,2.279559850692749,2.386031150817871,2.4929070472717285,2.0927157402038574,2.1896963119506836,2.2869904041290283
2005-07-15,2.3654818534851074,2.451146125793457,2.633129596710205,2.4408299922943115,2.5108063220977783,2.651515483856201
2005-07-16,2.7640750408172607,2.7832422256469727,2.828484296798706,2.7939505577087402,2.807952404022217,2.838785171508789
2005-07-17,3.3178513050079346,3.3088366985321045,3.3210933208465576,3.285895824432373,3.270115613937378,3.272364616394043
2005-07-18,2.3861944675445557,2.434983491897583,2.5001301765441895,2.3702406883239746,2.405715227127075,2.4421560764312744
2005-07-19,1.9220836162567139,1.9331495761871338,1.9763742685317993,1.8363248109817505,1.8547303676605225,1.9008822441101074
2005-07-20,1.1941301822662354,1.2743219137191772,1.3738722801208496,1.328834056854248,1.4044520854949951,1.4971307516098022
2005-07-21,2.722851514816284,2.810429811477661,2.959122657775879,2.8755996227264404,2.946957588195801,3.0618762969970703
2005-07-22,3.104198932647705,3.112553119659424,3.2165470123291016,3.2168197631835938,3.1934168338775635,3.246767044067383
2005-07-23,2.9928665161132812,2.9828152656555176,3.0371928215026855,3.178511142730713,3.15689754486084,3.170225143432617
2005-07-24,3.160183906555176,3.2275948524475098,3.3594517707824707,3.2203097343444824,3.278214693069458,3.371408700942993
2005-07-25,3.020681619644165,3.254701614379883,3.465848207473755,2.7996296882629395,3.0361573696136475,3.2235708236694336
2005-07-26,3.059000015258789,3.2436392307281494,3.481724262237549,2.93989896774292,3.079246997833252,3.2542243003845215
2005-07-27,2.8433732986450195,2.9865329265594482,3.221745491027832,2.8253560066223145,2.933840274810791,3.1138482093811035
2005-07-28,2.761225461959839,2.7953338623046875,2.814197301864624,2.7828867435455322,2.8117926120758057,2.834014415740967
2005-07-29,1.429265022277832,1.4918586015701294,1.5671364068984985,1.3506357669830322,1.405635952949524,1.4710208177566528
2005-07-30,2.3962528705596924,2.481123685836792,2.5819802284240723,2.527817487716675,2.5963022708892822,2.6676762104034424
2005-07-31,2.553903579711914,2.6166300773620605,2.6477468013763428,2.3774430751800537,2.4331815242767334,2.4664671421051025
2005-08-01,1.4984912872314453,1.4478334188461304,1.4337399005889893,1.426026463508606,1.3848987817764282,1.3776487112045288
2005-08-02,4.965068340301514,4.971634387969971,4.959237098693848,4.783213138580322,4.791161060333252,4.785375595092773
2005-08-03,4.115965843200684,4.204705715179443,4.301556587219238,4.038425445556641,4.119274139404297,4.206594944000244
2005-08-04,1.6224864721298218,1.6755093336105347,1.7123382091522217,1.4696651697158813,1.5229402780532837,1.5679614543914795
2005-08-05,1.6784240007400513,1.584769368171692,1.4852960109710693,1.5588064193725586,1.473336100578308,1.3844761848449707
2005-08-06,3.092560052871704,3.17383074760437,3.286757230758667,3.1357526779174805,3.2038626670837402,3.2980968952178955
2005-08-07,4.385549068450928,4.5043463706970215,4.584857940673828,4.465041160583496,4.574069023132324,4.636831283569336
2005-08-08,1.3726447820663452,1.4603180885314941,1.5541441440582275,1.485200047492981,1.5743522644042969,1.6612311601638794
2005-08-09,1.824142336845398,1.8886038064956665,1.9444890022277832,1.7618614435195923,1.8001245260238647,1.828804612159729
2005-08-10,3.994699239730835,4.032188415527344,4.101975440979004,4.165707111358643,4.194608688354492,4.24198055267334
2005-08-11,2.985294818878174,3.0649147033691406,3.161278009414673,2.855036735534668,2.9255688190460205,3.010684013366699
2005-08-12,2.5487444400787354,2.5437560081481934,2.5504536628723145,2.61324405670166,2.597033739089966,2.5886247158050537
2005-08-13,1.1793997287750244,1.2039458751678467,1.2750215530395508,1.1773375272750854,1.198825716972351,1.2681690454483032
2005-08-14,1.1411051750183105,1.082605004310608,1.1539568901062012,1.2049143314361572,1.1539586782455444,1.2251579761505127
2005-08-15,1.8708274364471436,1.9425913095474243,2.057003974914551,1.864940881729126,1.924176573753357,2.004314422607422
2005-08-16,2.5850772857666016,2.571512460708618,2.6423964500427246,2.6943717002868652,2.668914318084717,2.707548141479492
2005-08-17,2.6177632808685303,2.6255760192871094,2.6690282821655273,2.6861724853515625,2.6911721229553223,2.7234914302825928
2005-08-18,3.0545337200164795,3.119922399520874,3.2138264179229736,3.0216968059539795,3.06937837600708,3.137326955795288
2005-08-19,2.2478220462799072,2.2791502475738525,2.321133613586426,2.201733350753784,2.2179198265075684,2.25053071975708
2005-08-20,2.319002389907837,2.2553205490112305,2.187943458557129,2.4954404830932617,2.431516647338867,2.3520028591156006
2005-08-21,2.39888858795166,2.55295467376709,2.7463042736053467,2.4692611694335938,2.59741473197937,2.7507381439208984
2005-08-22,2.7698516845703125,2.7193334102630615,2.6677844524383545,2.813389539718628,2.755815029144287,2.6903233528137207
2005-08-23,3.1660656929016113,3.285487413406372,3.399765968322754,3.103558301925659,3.214838981628418,3.3243677616119385
2005-08-24,1.4544575214385986,1.5346345901489258,1.6497422456741333,1.3630508184432983,1.4271806478500366,1.5309394598007202
2005-08-25,2.379290819168091,2.5843634605407715,2.8521528244018555,2.5694847106933594,2.7355308532714844,2.9240975379943848
2005-08-26,2.04752254486084,2.0812220573425293,2.1300556659698486,1.9658033847808838,1.9739091396331787,1.988967776298523
2005-08-27,1.9768754243850708,1.9538747072219849,1.9407610893249512,1.9704252481460571,1.9347114562988281,1.8981032371520996
2005-08-28,1.9907827377319336,2.0864522457122803,2.1823678016662598,1.8554418087005615,1.948442816734314,2.0387654304504395
2005-08-29,0.8479137420654297,0.8396658897399902,0.8471556305885315,0.8495924472808838,0.8399091958999634,0.8440201282501221
2005-08-30,3.306764841079712,3.3987936973571777,3.5400257110595703,3.3535587787628174,3.423001766204834,3.524885892868042
2005-08-31,3.5225489139556885,3.7053420543670654,3.923325300216675,3.3997743129730225,3.57026743888855,3.7689852714538574
2005-09-01,1.9872905015945435,2.072392225265503,2.2105374336242676,2.2939858436584473,2.365267276763916,2.4699838161468506
2005-09-02,2.5314857959747314,2.546053171157837,2.590024471282959,2.5436978340148926,2.5448310375213623,2.5716350078582764
2005-09-03,3.87815523147583,3.9815518856048584,4.115182876586914,3.906808376312256,3.9906630516052246,4.103299617767334
2005-09-04,9.698723793029785,9.592145919799805,9.397133827209473,10.126904487609863,9.97208309173584,9.615446090698242
2005-09-05,3.1243863105773926,3.2699761390686035,3.44887638092041,3.163717269897461,3.2853925228118896,3.424699068069458
2005-09-06,3.113481283187866,3.098010778427124,3.086937189102173,3.0568337440490723,3.0328049659729004,3.0031089782714844
2005-09-07,4.055004119873047,4.008418560028076,3.9844377040863037,4.147117614746094,4.092433452606201,4.047358989715576
2005-09-08,6.136353969573975,6.11909818649292,6.171975612640381,6.3354172706604,6.268552780151367,6.2769694328308105
2005-09-09,2.644299268722534,2.8803224563598633,3.154240846633911,2.5143229961395264,2.728623867034912,2.978149890899658
2005-09-10,1.3969191312789917,1.4635919332504272,1.5884052515029907,1.5497043132781982,1.6052913665771484,1.701552391052246
2005-09-11,2.6690757274627686,2.769674777984619,2.8935160636901855,2.535585880279541,2.6120975017547607,2.7024831771850586
2005-09-12,2.710270881652832,2.8302083015441895,2.9535040855407715,2.695596218109131,2.7990946769714355,2.9006588459014893
2005-09-13,1.4809190034866333,1.599484920501709,1.7827799320220947,1.4356635808944702,1.5355876684188843,1.6988308429718018
2005-09-14,3.284196615219116,3.3885574340820312,3.5162525177001953,3.1100919246673584,3.186640739440918,3.279259204864502
2005-09-15,2.8542699813842773,2.9406931400299072,3.0561065673828125,2.9197070598602295,2.9914021492004395,3.083495616912842
2005-09-16,2.566675901412964,2.636752128601074,2.7347280979156494,2.5244550704956055,2.5662667751312256,2.625398874282837
2005-09-17,2.0119457244873047,2.1104912757873535,2.228893280029297,1.9599539041519165,2.042813777923584,2.1389615535736084
2005-09-18,4.5654168128967285,4.599105358123779,4.721989631652832,4.339381694793701,4.327182769775391,4.419178485870361
2005-09-19,4.301136493682861,4.403755187988281,4.555068492889404,4.225046157836914,4.279389381408691,4.393337726593018
2005-09-20,3.2612292766571045,3.2924652099609375,3.3447253704071045,3.2743868827819824,3.283942699432373,3.318143129348755
2005-09-21,3.2714319229125977,3.320680856704712,3.420165538787842,3.2442028522491455,3.2635200023651123,3.312847137451172
2005-09-22,1.5641916990280151,1.679084300994873,1.8111047744750977,1.4814146757125854,1.5782719850540161,1.7038887739181519
2005-09-23,1.8065860271453857,1.801882266998291,1.8201225996017456,1.9549593925476074,1.95291006565094,1.9670501947402954
2005-09-24,3.117802143096924,3.2012434005737305,3.276317596435547,3.010223865509033,3.0781633853912354,3.1332597732543945
2005-09-25,1.9304661750793457,2.0187742710113525,2.1584742069244385,1.8054887056350708,1.875552773475647,1.9900929927825928
2005-09-26,0.9592656493186951,0.9717134833335876,0.9720867276191711,0.9540719985961914,0.9421727657318115,0.9207789897918701
2005-09-27,2.361821413040161,2.430182456970215,2.5246288776397705,2.425987482070923,2.471909761428833,2.541940450668335
2005-09-28,3.5883827209472656,3.612197160720825,3.66540789604187,3.458540201187134,3.4633514881134033,3.4770517349243164
2005-09-29,2.890381097793579,2.9762325286865234,3.0750110149383545,2.8481526374816895,2.907546043395996,2.9772045612335205
2005-09-30,2.5684099197387695,2.664806604385376,2.7865092754364014,2.603325366973877,2.6831140518188477,2.788118839263916
2005-10-01,2.0604381561279297,2.0891151428222656,2.139885425567627,2.099647283554077,2.1076228618621826,2.1292953491210938
2005-10-02,1.9255784749984741,1.8353685140609741,1.7147313356399536,1.8744488954544067,1.7775627374649048,1.6442064046859741
2005-10-03,1.3812122344970703,1.463133454322815,1.671521782875061,1.1484191417694092,1.222357988357544,1.4489617347717285
2005-10-04,2.9577746391296387,2.953479290008545,2.9780116081237793,3.0444295406341553,3.0258893966674805,3.040177345275879
2005-10-05,3.4753267765045166,3.387617349624634,3.353405714035034,3.5408196449279785,3.4529266357421875,3.399540662765503
2005-10-06,3.9724974632263184,3.9364309310913086,3.830942392349243,3.841270685195923,3.7970733642578125,3.705162286758423
2005-10-07,2.2418665885925293,2.280200481414795,2.348966121673584,2.245250701904297,2.2696990966796875,2.3093976974487305
2005-10-08,1.8905305862426758,1.8555831909179688,1.8065556287765503,1.8955943584442139,1.8598520755767822,1.7973874807357788
2005-10-09,4.015905380249023,4.167987823486328,4.357940673828125,3.790984869003296,3.9127538204193115,4.059717655181885
2005-10-10,5.152413368225098,5.240468978881836,5.32012414932251,4.838366508483887,4.9229230880737305,5.007964611053467
2005-10-11,4.432215690612793,4.491406440734863,4.521021842956543,4.146847248077393,4.1585283279418945,4.1436567306518555
2005-10-12,1.656943917274475,1.771780014038086,1.9270092248916626,1.8075673580169678,1.8997838497161865,2.0171289443969727
2005-10-13,4.422953128814697,4.510684490203857,4.665419578552246,4.344345569610596,4.408058166503906,4.568385124206543
2005-10-14,5.13505744934082,5.197811603546143,5.335368633270264,5.2796454429626465,5.320560932159424,5.420426845550537
2005-10-15,3.036104679107666,3.015091896057129,3.0431392192840576,2.98358154296875,2.942493438720703,2.955939769744873
2005-10-16,4.483427047729492,4.570681095123291,4.653444290161133,4.547530174255371,4.608888626098633,4.651003360748291
2005-10-17,3.0875046253204346,3.373126983642578,3.72247052192688,3.0474765300750732,3.3129429817199707,3.619868278503418
2005-10-18,2.511930227279663,2.371023654937744,2.2763924598693848,2.720813274383545,2.5763583183288574,2.4519755840301514
2005-10-19,3.0969021320343018,3.0581812858581543,3.0559041500091553,3.2607369422912598,3.217815637588501,3.196822166442871
2005-10-20,3.258457660675049,3.3670976161956787,3.4723222255706787,3.3517720699310303,3.4422450065612793,3.5279905796051025
2005-10-21,1.6338671445846558,1.6511694192886353,1.7046897411346436,1.657271146774292,1.6655577421188354,1.7000116109848022
2005-10-22,3.382175922393799,3.347790002822876,3.401231288909912,3.559292793273926,3.517878770828247,3.532461643218994
2005-10-23,5.5689520835876465,5.551494598388672,5.585948944091797,5.686891555786133,5.66359806060791,5.6707282066345215
2005-10-24,7.224074363708496,7.268698692321777,7.304520130157471,7.119785785675049,7.15772819519043,7.170460224151611
2005-10-25,5.921629905700684,6.061002731323242,6.296462535858154,5.779995441436768,5.870427131652832,6.032926082611084
2005-10-26,3.1552553176879883,3.2198116779327393,3.2910375595092773,3.073518991470337,3.1014769077301025,3.128363847732544
2005-10-27,3.244560718536377,3.2246081829071045,3.210252285003662,3.1329801082611084,3.0961081981658936,3.0663483142852783
2005-10-28,5.741681098937988,5.81023645401001,5.912239074707031,5.827855110168457,5.872684478759766,5.940633773803711
2005-10-29,2.8979289531707764,3.001821756362915,3.121072292327881,2.9586217403411865,3.0384109020233154,3.1204771995544434
2005-10-30,3.1154115200042725,3.1765599250793457,3.274909019470215,2.7663371562957764,2.818509340286255,2.8942275047302246
2005-10-31,3.2303764820098877,3.321909189224243,3.5339226722717285,3.2504875659942627,3.284022331237793,3.412607431411743
2005-11-01,5.152932643890381,5.13198184967041,5.196966648101807,5.3538947105407715,5.312735080718994,5.350612163543701
2005-11-02,5.76154899597168,5.681003093719482,5.622666358947754,5.877114772796631,5.795041561126709,5.727781772613525
2005-11-03,6.375800132751465,6.6743927001953125,7.064440727233887,6.1589765548706055,6.408383369445801,6.71393346786499
2005-11-04,4.162546634674072,4.451626777648926,4.84420108795166,4.1455302238464355,4.414203643798828,4.7718610763549805
2005-11-05,3.9614827632904053,3.7926599979400635,3.5974574089050293,4.047163009643555,3.8746819496154785,3.6545965671539307
2005-11-06,5.089622497558594,5.209354877471924,5.250565528869629,4.566885471343994,4.661204814910889,4.713659763336182
2005-11-07,10.072956085205078,10.151559829711914,10.092472076416016,9.319497108459473,9.387934684753418,9.347204208374023
2005-11-08,5.585741996765137,5.868468761444092,6.201879024505615,5.2893500328063965,5.536596775054932,5.82363224029541
2005-11-09,3.545980215072632,3.5857393741607666,3.648700475692749,3.5961861610412598,3.623983383178711,3.65915584564209
2005-11-10,4.0225067138671875,4.21187162399292,4.457385540008545,4.140214920043945,4.298745155334473,4.498717308044434
2005-11-11,2.79424786567688,3.0010366439819336,3.319540500640869,2.8550586700439453,3.029879331588745,3.2952144145965576
2005-11-12,5.6304707527160645,5.724935531616211,5.813414096832275,5.644501209259033,5.719207763671875,5.806148529052734
2005-11-13,3.936593532562256,3.980734348297119,4.046267032623291,4.174767971038818,4.199757099151611,4.211333274841309
2005-11-14,1.8984746932983398,2.067923069000244,2.3661246299743652,1.8311785459518433,1.9599766731262207,2.189899444580078
2005-11-15,5.124333381652832,5.1401166915893555,5.15158224105835,5.236845016479492,5.242255210876465,5.227509021759033
2005-11-16,5.118056297302246,5.284576892852783,5.455268383026123,4.964880466461182,5.108522891998291,5.265458106994629
2005-11-17,2.5471010208129883,2.611769914627075,2.735844612121582,2.479471206665039,2.5171704292297363,2.605753183364868
2005-11-18,5.936513423919678,6.0439133644104,6.163088798522949,5.759433269500732,5.869848728179932,5.970766067504883
2005-11-19,6.999944686889648,7.248476028442383,7.629479885101318,6.864283084869385,7.065996170043945,7.391300201416016
2005-11-20,4.5195722579956055,4.560767650604248,4.595953941345215,4.494543075561523,4.526925086975098,4.568119525909424
2005-11-21,2.7679755687713623,2.788196325302124,2.803687810897827,2.7458691596984863,2.763920783996582,2.7698068618774414
2005-11-22,2.820061445236206,2.740220308303833,2.7322285175323486,2.9176383018493652,2.823178291320801,2.776703357696533
2005-11-23,7.703410625457764,7.701556205749512,7.738160133361816,7.713204860687256,7.7010602951049805,7.72003173828125
2005-11-24,8.506935119628906,8.567337036132812,8.70102596282959,8.508978843688965,8.527629852294922,8.607503890991211
2005-11-25,5.326526641845703,5.660146713256836,6.072148323059082,5.300021171569824,5.618145942687988,5.991234302520752
2005-11-26,3.673607110977173,3.579500913619995,3.619210720062256,3.9057085514068604,3.777696371078491,3.728663682937622
2005-11-27,3.7496979236602783,3.844654083251953,4.057580947875977,3.834498167037964,3.89902925491333,4.0310564041137695
2005-11-28,4.06155252456665,4.173632621765137,4.360645771026611,4.069651126861572,4.144397258758545,4.262513160705566
2005-11-29,4.417100429534912,4.67478084564209,5.005320072174072,4.4856367111206055,4.732163906097412,5.017096519470215
2005-11-30,4.458693504333496,4.396245002746582,4.304612636566162,4.6872663497924805,4.598875045776367,4.4614152908325195
2005-12-01,1.6464695930480957,1.7457154989242554,1.91717529296875,1.644972801208496,1.72061288356781,1.8369262218475342
2005-12-02,3.2369205951690674,3.2766852378845215,3.427600622177124,3.4496984481811523,3.4562301635742188,3.535083770751953
2005-12-03,5.728714942932129,5.837656021118164,6.047363758087158,5.675151824951172,5.780757427215576,5.956626892089844
2005-12-04,8.602340698242188,8.7239351272583,8.910606384277344,8.489008903503418,8.584278106689453,8.720041275024414
2005-12-05,8.93032455444336,9.152721405029297,9.488385200500488,9.241561889648438,9.438811302185059,9.74850845336914
2005-12-06,5.4795451164245605,5.427986145019531,5.4499053955078125,5.695565700531006,5.651461124420166,5.655478000640869
2005-12-07,3.77748966217041,3.843966007232666,4.009049892425537,3.7005515098571777,3.6826159954071045,3.806241750717163
2005-12-08,4.851779937744141,5.049361705780029,5.274441242218018,4.696320533752441,4.771048545837402,4.935757637023926
2005-12-09,2.599872350692749,2.6210360527038574,2.78692626953125,2.5655508041381836,2.5375277996063232,2.6799521446228027
2005-12-10,5.2231316566467285,5.152749061584473,5.157495975494385,5.292909622192383,5.2294182777404785,5.257824897766113
2005-12-11,3.7974510192871094,3.843587636947632,3.9649150371551514,3.8258771896362305,3.8396589756011963,3.9277584552764893
2005-12-12,3.2283270359039307,3.4472484588623047,3.7063584327697754,3.420511484146118,3.614866256713867,3.849214553833008
2005-12-13,3.7402474880218506,4.1071672439575195,4.586512565612793,3.527678966522217,3.8335163593292236,4.195703506469727
2005-12-14,3.539483070373535,3.4591681957244873,3.3943018913269043,3.3140530586242676,3.19500994682312,3.079608678817749
2005-12-15,6.914816379547119,7.081547260284424,7.404758453369141,6.716807842254639,6.85352087020874,7.112287521362305
2005-12-16,5.124068737030029,5.207486152648926,5.4081950187683105,5.159460067749023,5.211722373962402,5.326426029205322
2005-12-17,5.5500640869140625,5.626412868499756,5.679833889007568,5.618395805358887,5.6752777099609375,5.7077717781066895
2005-12-18,3.007319450378418,3.059255599975586,3.1985623836517334,2.685602903366089,2.7224555015563965,2.8358895778656006
2005-12-19,1.6844600439071655,1.7460143566131592,1.7963584661483765,1.7059118747711182,1.7332652807235718,1.7585647106170654
2005-12-20,2.836582899093628,2.835782051086426,2.8745076656341553,2.756204843521118,2.730520009994507,2.7198688983917236
2005-12-21,3.112121820449829,3.3810842037200928,3.9130587577819824,2.9930944442749023,3.1992204189300537,3.63626766204834
2005-12-22,6.101931095123291,6.257369041442871,6.513807773590088,6.024028778076172,6.155749797821045,6.366769313812256
2005-12-23,3.1231229305267334,3.1311306953430176,3.164872646331787,3.247483968734741,3.2213590145111084,3.1874818801879883
2005-12-24,3.5826234817504883,3.6719894409179688,3.7658512592315674,3.385382652282715,3.4499144554138184,3.5270767211914062
2005-12-25,2.4877569675445557,2.520301342010498,2.582073450088501,2.3910880088806152,2.4265918731689453,2.4945108890533447
2005-12-26,3.9841902256011963,4.053040504455566,4.149941921234131,3.756096124649048,3.7769975662231445,3.831732749938965
2005-12-27,3.4082159996032715,3.543276071548462,3.7574877738952637,3.282655954360962,3.4183735847473145,3.6236250400543213
2005-12-28,2.806273937225342,2.789463996887207,2.8566274642944336,2.6203904151916504,2.6032564640045166,2.6489765644073486
2005-12-29,4.1605401039123535,4.3579607009887695,4.6466522216796875,4.135251998901367,4.314497947692871,4.519887447357178
2005-12-30,5.727198600769043,5.626443862915039,5.564117431640625,5.934596061706543,5.817019462585449,5.69199275970459
2005-12-31,7.103785514831543,7.330402851104736,7.631278038024902,7.052974224090576,7.238032817840576,7.478440761566162
2006-01-01,5.147210597991943,5.247628211975098,5.426471710205078,5.02317476272583,5.078497409820557,5.1953043937683105
2006-01-02,5.075055122375488,5.275445938110352,5.535357475280762,5.00735330581665,5.172160625457764,5.367431640625
2006-01-03,3.954927921295166,4.2338104248046875,4.664718151092529,4.044060230255127,4.250811576843262,4.559146881103516
2006-01-04,3.141371965408325,3.087571620941162,3.148852825164795,3.46980357170105,3.4044971466064453,3.4184322357177734
2006-01-05,3.0677566528320312,3.2741408348083496,3.4809844493865967,2.6561601161956787,2.816204786300659,2.9946393966674805
2006-01-06,5.850703716278076,6.201112747192383,6.728489875793457,5.661454677581787,5.9858832359313965,6.452569961547852
2006-01-07,6.499794960021973,6.799527168273926,7.249377250671387,6.589455604553223,6.863245010375977,7.264833450317383
2006-01-08,4.634995460510254,4.882684230804443,5.255918979644775,4.6349263191223145,4.860988140106201,5.201938629150391
2006-01-09,2.4051730632781982,2.498420476913452,2.705416440963745,2.2294721603393555,2.3124356269836426,2.508981466293335
2006-01-10,2.4385907649993896,2.421473264694214,2.4355380535125732,2.5050723552703857,2.491365909576416,2.4791314601898193
2006-01-11,7.672148704528809,7.848967552185059,8.175296783447266,7.727228164672852,7.879483699798584,8.130921363830566
2006-01-12,6.306931495666504,6.430220127105713,6.6536078453063965,6.396670818328857,6.485859394073486,6.649240016937256
2006-01-13,4.077895164489746,4.049606800079346,4.053168296813965,4.015303134918213,3.9869751930236816,3.9763195514678955
2006-01-14,3.30836820602417,3.2387609481811523,3.1631360054016113,3.4199297428131104,3.3412351608276367,3.2395567893981934
2006-01-15,7.365655422210693,7.616739749908447,7.983218193054199,7.1690802574157715,7.414153575897217,7.708381175994873
2006-01-16,3.655210256576538,3.881859540939331,4.255794525146484,3.3621578216552734,3.5681312084198,3.897376775741577
2006-01-17,5.532371997833252,5.692419528961182,5.855049133300781,5.427059650421143,5.593295574188232,5.793012619018555
2006-01-18,7.880904674530029,7.904788970947266,8.071425437927246,7.8050103187561035,7.81899356842041,7.937205791473389
2006-01-19,7.419777870178223,7.539856433868408,7.665476322174072,7.469491958618164,7.574758052825928,7.665577411651611
2006-01-20,2.114173173904419,2.0763580799102783,2.2277989387512207,2.227081060409546,2.119067907333374,2.1956787109375
2006-01-21,3.9813249111175537,4.129035472869873,4.334714889526367,3.93880033493042,4.0642781257629395,4.224595069885254
2006-01-22,6.429154396057129,6.472505569458008,6.523574352264404,6.459985256195068,6.488921165466309,6.5306315422058105
2006-01-23,6.031697750091553,6.0364532470703125,6.112450122833252,6.04954719543457,6.0518012046813965,6.117035865783691
2006-01-24,4.39115571975708,4.408621311187744,4.434338569641113,4.6880927085876465,4.675880432128906,4.648760795593262
2006-01-25,2.442025899887085,2.5507822036743164,2.6585659980773926,2.300164222717285,2.3668487071990967,2.4249258041381836
2006-01-26,3.236743450164795,3.23378586769104,3.3005211353302,3.282848834991455,3.2715494632720947,3.32364559173584
2006-01-27,6.800100803375244,7.027273654937744,7.278256416320801,6.680440425872803,6.897456645965576,7.110146522521973
2006-01-28,5.393045902252197,5.6468281745910645,5.811283588409424,5.294641494750977,5.522200584411621,5.676495552062988
2006-01-29,2.9459457397460938,3.0049455165863037,3.087843894958496,2.876594066619873,2.8884997367858887,2.920205593109131
2006-01-30,4.726548194885254,4.61652946472168,4.457109451293945,4.802221775054932,4.685314655303955,4.541044235229492
2006-01-31,6.261984825134277,6.5359787940979,6.8217034339904785,6.028792381286621,6.294882774353027,6.57469367980957
2006-02-01,4.337944507598877,4.382467746734619,4.519987106323242,4.561863422393799,4.593855381011963,4.69779634475708
2006-02-02,3.6929099559783936,3.7923033237457275,3.9677650928497314,3.694812536239624,3.7701590061187744,3.9338371753692627
2006-02-03,3.765953779220581,3.7944259643554688,3.8829195499420166,3.818685531616211,3.825507402420044,3.882776975631714
2006-02-04,8.499305725097656,8.706130981445312,8.949341773986816,8.467427253723145,8.658549308776855,8.856452941894531
2006-02-05,4.900418281555176,5.248744010925293,5.580404758453369,4.664026737213135,4.981040000915527,5.315179347991943
2006-02-06,6.511967182159424,6.380685329437256,6.31635046005249,6.725293159484863,6.59132719039917,6.506501197814941
2006-02-07,6.058796405792236,6.283769130706787,6.528879642486572,6.167803764343262,6.377099514007568,6.5979204177856445
2006-02-08,5.234283447265625,5.3223490715026855,5.42893123626709,5.141772270202637,5.23494291305542,5.342459678649902
2006-02-09,7.574873447418213,7.723175048828125,7.952062606811523,7.585418701171875,7.723601818084717,7.896230697631836
2006-02-10,2.7381300926208496,3.0112810134887695,3.465075731277466,2.527958869934082,2.7173988819122314,3.046895742416382
2006-02-11,3.7979159355163574,4.131533145904541,4.608133316040039,3.5421440601348877,3.798129081726074,4.169128894805908
2006-02-12,4.948945999145508,4.917379856109619,4.947543621063232,5.168606758117676,5.14015007019043,5.158284664154053
2006-02-13,3.203833818435669,3.260711669921875,3.327589273452759,3.3916032314300537,3.4499752521514893,3.4994735717773438
2006-02-14,6.198966979980469,6.308199882507324,6.48797082901001,6.328582286834717,6.416305065155029,6.550195217132568
2006-02-15,5.557620048522949,5.965994834899902,6.337561130523682,4.883822917938232,5.234950542449951,5.581611633300781
2006-02-16,6.309481620788574,6.389667510986328,6.529097080230713,6.11422872543335,6.159392833709717,6.248450756072998
2006-02-17,3.7164103984832764,3.874849557876587,3.9956955909729004,3.344909906387329,3.463120698928833,3.568326473236084
2006-02-18,5.014167308807373,4.973388195037842,4.924661636352539,5.085094928741455,5.063945770263672,5.062936305999756
2006-02-19,3.0433552265167236,3.1523618698120117,3.358586549758911,3.028207540512085,3.1270132064819336,3.308605194091797
2006-02-20,1.5641651153564453,1.5770316123962402,1.664813756942749,1.5589512586593628,1.5608241558074951,1.624772071838379
2006-02-21,4.956179141998291,4.857227802276611,4.741024494171143,5.180490970611572,5.068790435791016,4.909177780151367
2006-02-22,3.3510048389434814,3.300461530685425,3.3219478130340576,3.642645835876465,3.57289457321167,3.542259454727173
2006-02-23,4.503940582275391,4.452237129211426,4.48611307144165,4.541098117828369,4.460849761962891,4.429450035095215
2006-02-24,5.321252822875977,5.570585250854492,5.852237701416016,5.203245162963867,5.407215118408203,5.655910015106201
2006-02-25,6.201451778411865,6.3077712059021,6.465578556060791,6.21014928817749,6.290399074554443,6.410187721252441
2006-02-26,2.7439897060394287,2.8623926639556885,2.989394426345825,2.936772584915161,3.0700833797454834,3.210350751876831
2006-02-27,3.208662748336792,3.3050765991210938,3.45233154296875,3.116309881210327,3.2130331993103027,3.3590893745422363
2006-02-28,4.590342998504639,4.741537094116211,4.895451068878174,4.7522783279418945,4.882317066192627,4.988499164581299
2006-03-01,3.4543018341064453,3.4656829833984375,3.515120506286621,3.5911309719085693,3.59167742729187,3.632326364517212
2006-03-02,8.404342651367188,8.423705101013184,8.545456886291504,8.772117614746094,8.761197090148926,8.839788436889648
2006-03-03,7.673126697540283,7.998699188232422,8.452381134033203,7.697140693664551,8.000496864318848,8.414336204528809
2006-03-04,3.069411277770996,3.192992687225342,3.5027122497558594,3.1581201553344727,3.2567927837371826,3.522498607635498
2006-03-05,3.437995433807373,3.6032378673553467,3.8565673828125,3.4275119304656982,3.601073980331421,3.8590173721313477
2006-03-06,3.827529191970825,3.907456874847412,4.05429220199585,3.805535078048706,3.872180223464966,3.979444980621338
2006-03-07,3.9706509113311768,3.9350967407226562,4.007505416870117,4.158707141876221,4.121825218200684,4.158082008361816
2006-03-08,3.9466402530670166,4.0038323402404785,4.090963363647461,3.9632368087768555,4.004453182220459,4.076374053955078
2006-03-09,3.9535727500915527,4.0126214027404785,4.08922004699707,4.111992359161377,4.169764518737793,4.222882270812988
2006-03-10,3.131199598312378,3.1424429416656494,3.216926097869873,3.3015847206115723,3.2445905208587646,3.2780544757843018
2006-03-11,5.438247203826904,5.448917388916016,5.471235752105713,5.514369010925293,5.545032978057861,5.568420886993408
2006-03-12,4.853743076324463,5.0426435470581055,5.305263519287109,4.843945026397705,4.998779296875,5.209761619567871
2006-03-13,3.769007444381714,3.84863018989563,3.9503839015960693,3.7932698726654053,3.8800384998321533,3.9804515838623047
2006-03-14,4.70762825012207,4.7712860107421875,4.863248348236084,4.518576622009277,4.573503017425537,4.653711795806885
2006-03-15,3.913609743118286,4.142385482788086,4.470378398895264,3.9036290645599365,4.095625400543213,4.366393566131592
2006-03-16,4.3104705810546875,4.30385684967041,4.268080711364746,4.236024856567383,4.216865539550781,4.167515277862549
2006-03-17,3.4313151836395264,3.3928980827331543,3.347877264022827,3.382643222808838,3.3371965885162354,3.305691719055176
2006-03-18,3.7919211387634277,3.845266580581665,3.916473865509033,3.698296308517456,3.7346584796905518,3.780240774154663
2006-03-19,4.823970317840576,4.806042671203613,4.817493438720703,4.704873085021973,4.676275730133057,4.670074939727783
2006-03-20,7.4286956787109375,7.535490036010742,7.737463474273682,7.405335903167725,7.473448276519775,7.606431007385254
2006-03-21,6.007185935974121,6.09041690826416,6.240431785583496,6.073165416717529,6.126197338104248,6.247516632080078
2006-03-22,4.254287242889404,4.201297283172607,4.282503604888916,4.502469062805176,4.433114051818848,4.460208415985107
2006-03-23,7.036235332489014,7.363994598388672,7.781135559082031,6.981937408447266,7.281047344207764,7.65316104888916
2006-03-24,5.198244094848633,5.088796615600586,4.993146896362305,5.147241592407227,5.048017501831055,4.9575910568237305
2006-03-25,7.1631364822387695,7.416938781738281,7.746737480163574,7.17003870010376,7.404677867889404,7.688465595245361
2006-03-26,3.4715723991394043,3.5198814868927,3.640153408050537,3.5221505165100098,3.5638394355773926,3.6576831340789795
2006-03-27,4.254209995269775,4.3386030197143555,4.424712657928467,4.523626327514648,4.584498405456543,4.644074440002441
2006-03-28,4.694528579711914,4.904701232910156,5.154691696166992,4.532955169677734,4.7040910720825195,4.890040397644043
2006-03-29,4.053174018859863,3.984351396560669,3.9337289333343506,3.9401237964630127,3.853024959564209,3.8068459033966064
2006-03-30,5.022328853607178,4.9542236328125,4.9550461769104,5.066266059875488,4.98170804977417,4.983916759490967
2006-03-31,5.1664910316467285,5.165539264678955,5.214380741119385,5.203216075897217,5.181269645690918,5.212368965148926
2006-04-01,4.805702209472656,4.788723945617676,4.8583455085754395,5.068252086639404,5.036190986633301,5.084248065948486
2006-04-02,3.563613176345825,3.698866128921509,3.888509511947632,3.653775453567505,3.76002836227417,3.9069955348968506
2006-04-03,2.530683994293213,2.532935619354248,2.553462505340576,2.5706517696380615,2.563673496246338,2.55326247215271
2006-04-04,3.4244883060455322,3.4321601390838623,3.4133646488189697,3.420365571975708,3.4179494380950928,3.398634195327759
2006-04-05,1.143650770187378,1.1867344379425049,1.2855885028839111,1.2323269844055176,1.2917649745941162,1.398037075996399
2006-04-06,4.725629806518555,4.796916961669922,4.961603164672852,4.863541126251221,4.904364109039307,5.005579471588135
2006-04-07,3.7511191368103027,3.7837603092193604,3.8795721530914307,3.927109718322754,3.938446044921875,4.0093302726745605
2006-04-08,6.731414318084717,6.796188831329346,6.894064903259277,6.899420261383057,6.912064552307129,6.95250129699707
2006-04-09,6.897461414337158,6.9273858070373535,7.0513691902160645,6.995916843414307,6.997222900390625,7.062557697296143
2006-04-10,2.4891793727874756,2.4615249633789062,2.5093326568603516,2.4599666595458984,2.429901123046875,2.47363018989563
2006-04-11,4.375710487365723,4.372832298278809,4.382449150085449,4.367875099182129,4.346903324127197,4.319583892822266
2006-04-12,6.144771575927734,6.3944292068481445,6.6661272048950195,6.02658224105835,6.268896102905273,6.50709342956543
2006-04-13,1.2486310005187988,1.310320496559143,1.4526591300964355,1.2213023900985718,1.3084516525268555,1.4595993757247925
2006-04-14,4.248511791229248,4.27782678604126,4.344179153442383,4.214427471160889,4.241636753082275,4.276060581207275
2006-04-15,5.663257598876953,5.808403015136719,5.960421085357666,5.468741416931152,5.605810165405273,5.742527961730957
2006-04-16,1.8261314630508423,1.8573119640350342,1.9014760255813599,1.7679194211959839,1.788542628288269,1.812269687652588
2006-04-17,4.12497615814209,4.227223873138428,4.357138633728027,3.713611364364624,3.7825660705566406,3.8796777725219727
2006-04-18,6.73643684387207,6.755913257598877,6.806031703948975,6.867218971252441,6.845828533172607,6.844961643218994
2006-04-19,2.809821844100952,2.8984811305999756,3.0084786415100098,2.8136396408081055,2.8977341651916504,2.993562936782837
2006-04-20,3.749394416809082,3.8800411224365234,4.074886322021484,3.7895944118499756,3.9004745483398438,4.0546793937683105
2006-04-21,1.6223540306091309,1.733634114265442,1.8657532930374146,1.595970630645752,1.6753408908843994,1.7766977548599243
2006-04-22,5.2653045654296875,5.396148204803467,5.576887607574463,5.203451156616211,5.304140090942383,5.431431293487549
2006-04-23,6.145840644836426,6.210227966308594,6.329237461090088,6.148049354553223,6.189237594604492,6.260008335113525
2006-04-24,3.716799736022949,3.9212613105773926,4.28849983215332,3.8253986835479736,3.97900390625,4.249784469604492
2006-04-25,6.18202018737793,5.978621006011963,5.7447028160095215,6.266835689544678,6.032137393951416,5.698374271392822
2006-04-26,8.466469764709473,8.58651351928711,8.728931427001953,8.512590408325195,8.593759536743164,8.705835342407227
2006-04-27,5.303337574005127,5.481061935424805,5.69210147857666,5.243175983428955,5.409503936767578,5.596580982208252
2006-04-28,2.284451723098755,2.3551878929138184,2.4070053100585938,2.3607683181762695,2.427419424057007,2.480556011199951
2006-04-29,3.4375011920928955,3.574951171875,3.71626877784729,3.4289848804473877,3.5608766078948975,3.6897635459899902
2006-04-30,3.7866690158843994,3.9612810611724854,4.122020244598389,3.6354622840881348,3.7762272357940674,3.8931291103363037
2006-05-01,5.3598151206970215,5.461828231811523,5.587939739227295,5.437873840332031,5.521551132202148,5.610118865966797
2006-05-02,4.814307689666748,4.933935165405273,4.97988748550415,4.812956809997559,4.922135353088379,4.964038372039795
2006-05-03,2.3457746505737305,2.389724016189575,2.4338340759277344,2.5892670154571533,2.633955478668213,2.676034688949585
2006-05-04,2.374204158782959,2.4571545124053955,2.526989698410034,2.5273282527923584,2.6184122562408447,2.701434850692749
2006-05-05,1.5152926445007324,1.5301955938339233,1.5942306518554688,1.6184067726135254,1.6144139766693115,1.6427969932556152
2006-05-06,2.75465726852417,2.7561347484588623,2.7930657863616943,2.8252062797546387,2.8171281814575195,2.8379530906677246
2006-05-07,2.906768560409546,2.9273881912231445,2.9869296550750732,2.974628210067749,2.9852850437164307,3.0260355472564697
2006-05-08,2.4702680110931396,2.5479700565338135,2.6456727981567383,2.3429601192474365,2.4174461364746094,2.5047314167022705
2006-05-09,1.0800127983093262,1.0904865264892578,1.1262109279632568,1.0186020135879517,0.9811415672302246,0.9964098334312439
2006-05-10,2.572258710861206,2.6249821186065674,2.7302732467651367,2.6532890796661377,2.6883432865142822,2.758664131164551
2006-05-11,2.6292879581451416,2.679556369781494,2.8054311275482178,2.9166085720062256,2.951807975769043,3.042654275894165
2006-05-12,2.222167730331421,2.283261299133301,2.3596372604370117,2.1702606678009033,2.2207775115966797,2.2851550579071045
2006-05-13,3.415788173675537,3.407979965209961,3.425593376159668,3.5003368854522705,3.4799816608428955,3.458719253540039
2006-05-14,2.8549373149871826,2.8996193408966064,2.9736852645874023,2.959972620010376,2.9882426261901855,3.020800828933716
2006-05-15,2.6384706497192383,2.7377915382385254,2.876976728439331,2.544127941131592,2.6346235275268555,2.7662017345428467
2006-05-16,4.081907749176025,4.1607794761657715,4.29733419418335,4.073991298675537,4.1338067054748535,4.232117652893066
2006-05-17,4.041398525238037,4.078135967254639,4.133852958679199,3.96152400970459,3.998882532119751,4.03202486038208
2006-05-18,5.390312671661377,5.454700469970703,5.559872627258301,5.4305195808410645,5.463321685791016,5.5165324211120605
2006-05-19,6.287296295166016,6.474330902099609,6.719011306762695,6.369487762451172,6.505897521972656,6.674552917480469
2006-05-20,3.4361793994903564,3.562382698059082,3.7011444568634033,3.522289276123047,3.6321136951446533,3.7466931343078613
2006-05-21,2.690157175064087,2.7103793621063232,2.7894747257232666,2.7023024559020996,2.7016496658325195,2.7338223457336426
2006-05-22,5.84637975692749,5.91954231262207,5.989419460296631,5.795948028564453,5.847711086273193,5.892261505126953
2006-05-23,5.9390435218811035,6.174423694610596,6.500705718994141,5.928927898406982,6.133071422576904,6.403824806213379
2006-05-24,3.5745413303375244,3.7495014667510986,3.946500539779663,3.7424187660217285,3.9030368328094482,4.078989505767822
2006-05-25,2.7058093547821045,2.7397947311401367,2.7702157497406006,2.501549482345581,2.514720916748047,2.543400526046753
2006-05-26,1.0060206651687622,1.0311747789382935,1.081397533416748,1.090619444847107,1.1055113077163696,1.146508812904358
2006-05-27,3.837367057800293,3.873504161834717,3.874466896057129,3.9665136337280273,3.997138738632202,3.9909138679504395
2006-05-28,2.2901787757873535,2.2405853271484375,2.196593999862671,2.2316529750823975,2.1750426292419434,2.136823892593384
2006-05-29,2.91259765625,3.118062973022461,3.317911386489868,2.779655694961548,2.9575088024139404,3.145526647567749
2006-05-30,2.0234827995300293,2.1734187602996826,2.372075319290161,1.896697759628296,2.02555775642395,2.200483798980713
2006-05-31,2.5198888778686523,2.3651859760284424,2.201569080352783,2.5075509548187256,2.3557631969451904,2.196383237838745
2006-06-01,1.593446135520935,1.6965221166610718,1.8117504119873047,1.562034010887146,1.65504789352417,1.7484757900238037
2006-06-02,3.3606338500976562,3.441829204559326,3.552621364593506,3.140143871307373,3.1977603435516357,3.279162645339966
2006-06-03,1.2920424938201904,1.3170785903930664,1.3647624254226685,1.138107419013977,1.156664252281189,1.1866415739059448
2006-06-04,3.6080822944641113,3.63403582572937,3.6968026161193848,3.5873680114746094,3.60158634185791,3.6355111598968506
2006-06-05,3.5785627365112305,3.694272518157959,3.8503153324127197,3.5112931728363037,3.598405599594116,3.7162067890167236
2006-06-06,1.300764560699463,1.333528995513916,1.3662073612213135,1.3706824779510498,1.3797221183776855,1.3856561183929443
2006-06-07,1.558651089668274,1.6078333854675293,1.678382396697998,1.4362903833389282,1.4668214321136475,1.5094926357269287
2006-06-08,1.1970608234405518,1.187677025794983,1.2170753479003906,1.1795778274536133,1.187890648841858,1.2286216020584106
2006-06-09,2.2448201179504395,2.252380847930908,2.2288436889648438,2.310499668121338,2.317157030105591,2.3000476360321045
2006-06-10,2.29988956451416,2.384742021560669,2.5342257022857666,2.3440051078796387,2.403412103652954,2.5179941654205322
2006-06-11,4.091423511505127,4.101370811462402,4.074098110198975,4.051726341247559,4.055302619934082,4.038027286529541
2006-06-12,3.283001184463501,3.397249221801758,3.559387683868408,3.374457359313965,3.4849255084991455,3.6168675422668457
2006-06-13,2.8182199001312256,2.9038734436035156,2.9848577976226807,2.7406580448150635,2.8074400424957275,2.8688201904296875
2006-06-14,3.311396598815918,3.419969320297241,3.513468027114868,3.3677172660827637,3.4672210216522217,3.5491480827331543
2006-06-15,2.3569135665893555,2.4453108310699463,2.5413742065429688,2.4233829975128174,2.502131938934326,2.583376169204712
2006-06-16,3.629699230194092,3.648949384689331,3.6431336402893066,3.4832732677459717,3.473998785018921,3.451066732406616
2006-06-17,1.6257867813110352,1.5729166269302368,1.5230966806411743,1.5154155492782593,1.4521503448486328,1.3950837850570679
2006-06-18,3.1985955238342285,3.363431930541992,3.6069209575653076,3.245445966720581,3.399111747741699,3.6214518547058105
2006-06-19,4.221972465515137,4.418025970458984,4.697024822235107,3.940675973892212,4.116532325744629,4.386439323425293
2006-06-20,1.0653175115585327,1.0956670045852661,1.1274409294128418,1.1253910064697266,1.1423208713531494,1.156797170639038
2006-06-21,2.9447715282440186,3.1482675075531006,3.3715624809265137,2.7785332202911377,2.9582037925720215,3.158827304840088
2006-06-22,3.254018783569336,3.327627420425415,3.433248996734619,3.364152669906616,3.4386518001556396,3.534914255142212
2006-06-23,3.4365265369415283,3.4740993976593018,3.5017926692962646,3.404081344604492,3.4185428619384766,3.417781352996826
2006-06-24,4.912707805633545,5.050879955291748,5.21234655380249,4.777491092681885,4.907580852508545,5.063650608062744
2006-06-25,1.7387083768844604,1.850024700164795,1.967075228691101,1.7132502794265747,1.8178201913833618,1.9240005016326904
2006-06-26,2.2950122356414795,2.373720407485962,2.473628282546997,2.206800937652588,2.273127317428589,2.357605457305908
2006-06-27,1.8831425905227661,1.9966883659362793,2.2155871391296387,1.9160454273223877,1.9932658672332764,2.1491947174072266
2006-06-28,2.500293254852295,2.596083164215088,2.7418360710144043,2.5075693130493164,2.5859556198120117,2.688819408416748
2006-06-29,1.859708547592163,1.7712945938110352,1.6923160552978516,1.9860224723815918,1.9027758836746216,1.8094146251678467
2006-06-30,2.3253700733184814,2.350128650665283,2.3792338371276855,2.3243439197540283,2.3471927642822266,2.372227907180786
2006-07-01,2.2984025478363037,2.4421000480651855,2.691887855529785,2.385772943496704,2.5158419609069824,2.7381656169891357
2006-07-02,4.6013689041137695,4.734560966491699,4.880711555480957,4.6640849113464355,4.780290126800537,4.912015438079834
2006-07-03,3.1966028213500977,3.336130142211914,3.5117039680480957,3.1752846240997314,3.3146567344665527,3.4801859855651855
2006-07-04,1.295223355293274,1.3214975595474243,1.3569250106811523,1.4161361455917358,1.4274356365203857,1.4465923309326172
2006-07-05,3.0657432079315186,3.042083740234375,3.0178351402282715,3.092169761657715,3.0592567920684814,3.004708766937256
2006-07-06,3.911655902862549,3.8324928283691406,3.7716774940490723,3.4729723930358887,3.4094507694244385,3.3679025173187256
2006-07-07,5.057794570922852,5.131497859954834,5.230370044708252,5.02232027053833,5.067590713500977,5.112959384918213
2006-07-08,2.054468870162964,1.9593534469604492,1.82733952999115,2.046924352645874,1.9494787454605103,1.8086111545562744
2006-07-09,1.798724889755249,1.9346195459365845,2.1495091915130615,1.9438235759735107,2.0583138465881348,2.233741521835327
2006-07-10,2.2946958541870117,2.408907651901245,2.536900043487549,2.361837863922119,2.4531543254852295,2.5453383922576904
2006-07-11,2.8206589221954346,2.8847012519836426,2.98348069190979,2.858100414276123,2.9184999465942383,3.0019896030426025
2006-07-12,3.2592835426330566,3.2872326374053955,3.354811429977417,3.439032793045044,3.4594974517822266,3.5092861652374268
2006-07-13,4.099579334259033,4.206247806549072,4.3274335861206055,3.9343087673187256,4.02266263961792,4.118232727050781
2006-07-14,1.7552458047866821,1.8212332725524902,1.8719215393066406,2.1060378551483154,2.1787519454956055,2.230954885482788
2006-07-15,1.611993670463562,1.6245646476745605,1.6202049255371094,1.6265649795532227,1.6644097566604614,1.6926345825195312
2006-07-16,1.8516329526901245,1.915480375289917,2.008833885192871,1.8455489873886108,1.8801871538162231,1.9317015409469604
2006-07-17,1.8189430236816406,1.828253984451294,1.8655831813812256,1.8653593063354492,1.8531261682510376,1.8655765056610107
2006-07-18,1.4304633140563965,1.5132832527160645,1.6669878959655762,1.4938982725143433,1.5374113321304321,1.6369270086288452
2006-07-19,2.1460328102111816,2.154298782348633,2.1626813411712646,1.930785894393921,1.949189305305481,1.9625778198242188
2006-07-20,2.979766845703125,3.109508991241455,3.2237353324890137,2.7481679916381836,2.846454381942749,2.9296469688415527
2006-07-21,2.078348398208618,2.1363537311553955,2.2395544052124023,2.124591827392578,2.1722187995910645,2.256483793258667
2006-07-22,2.849778175354004,2.8287770748138428,2.8207263946533203,2.855346918106079,2.8204073905944824,2.790872812271118
2006-07-23,3.686976432800293,3.737368106842041,3.799187183380127,3.706515073776245,3.7428529262542725,3.782942295074463
2006-07-24,3.654832124710083,3.717463731765747,3.7806739807128906,3.5677757263183594,3.624495506286621,3.6749281883239746
2006-07-25,2.5721681118011475,2.7005698680877686,2.8456978797912598,2.482658624649048,2.5855214595794678,2.720160961151123
2006-07-26,1.6938022375106812,1.753591775894165,1.859601378440857,1.7726702690124512,1.8198269605636597,1.8960450887680054
2006-07-27,2.794140100479126,2.8503408432006836,2.9447782039642334,2.872006416320801,2.9260470867156982,2.980027914047241
2006-07-28,1.8909142017364502,1.9820016622543335,2.1272685527801514,1.991305947303772,2.0724921226501465,2.19026780128479
2006-07-29,1.2457643747329712,1.234487533569336,1.2539185285568237,1.4522002935409546,1.4384362697601318,1.4495328664779663
2006-07-30,1.6401935815811157,1.654669165611267,1.6457191705703735,1.6111215353012085,1.6309669017791748,1.6313539743423462
2006-07-31,1.0426307916641235,1.104910135269165,1.214687705039978,1.212347388267517,1.2519783973693848,1.3242062330245972
2006-08-01,2.1430888175964355,2.2185230255126953,2.2741546630859375,2.40940260887146,2.4664885997772217,2.4646458625793457
2006-08-02,3.3852715492248535,3.314314842224121,3.1721982955932617,3.4094340801239014,3.3246374130249023,3.1775920391082764
2006-08-03,3.809041976928711,3.9502201080322266,4.088508605957031,3.7344324588775635,3.8577799797058105,3.965980291366577
2006-08-04,1.7273987531661987,1.7888036966323853,1.8187456130981445,1.6605135202407837,1.722872018814087,1.7589830160140991
2006-08-05,1.6667944192886353,1.7321581840515137,1.777843952178955,1.6306045055389404,1.6875452995300293,1.7288686037063599
2006-08-06,1.4190943241119385,1.4387943744659424,1.5198107957839966,1.4231510162353516,1.4260629415512085,1.4876813888549805
2006-08-07,2.2821850776672363,2.3511030673980713,2.413715124130249,2.3461174964904785,2.3991429805755615,2.439596176147461
2006-08-08,3.236680269241333,3.2912068367004395,3.3624680042266846,3.342195749282837,3.3838722705841064,3.4307169914245605
2006-08-09,4.614767551422119,4.726548671722412,4.867426872253418,4.587008953094482,4.674553394317627,4.785750389099121
2006-08-10,2.129347562789917,2.200221538543701,2.3154666423797607,2.300666332244873,2.340461492538452,2.408003091812134
2006-08-11,3.527165412902832,3.6287546157836914,3.700343132019043,3.3749024868011475,3.468064546585083,3.5270299911499023
2006-08-12,1.0938152074813843,1.1467984914779663,1.217028021812439,1.0267518758773804,1.0690854787826538,1.130877137184143
2006-08-13,3.8667044639587402,4.054300308227539,4.259435176849365,3.8240058422088623,3.9856884479522705,4.141133785247803
2006-08-14,2.875420093536377,2.960947275161743,3.0359091758728027,2.9165151119232178,2.984999418258667,3.0485873222351074
2006-08-15,1.351858377456665,1.3793848752975464,1.5117979049682617,1.3829561471939087,1.3981993198394775,1.4908090829849243
2006-08-16,2.968510627746582,2.9412660598754883,2.9536962509155273,2.9522604942321777,2.919257164001465,2.9095873832702637
2006-08-17,4.3102898597717285,4.326899528503418,4.359868049621582,4.346452713012695,4.3562421798706055,4.369808673858643
2006-08-18,4.411014556884766,4.660644054412842,4.913567066192627,4.462926864624023,4.693681240081787,4.914759635925293
2006-08-19,2.95440936088562,2.947495937347412,2.980121612548828,2.9607937335968018,2.9365346431732178,2.9371230602264404
2006-08-20,2.441093683242798,2.543259620666504,2.634000778198242,2.4604439735412598,2.5635743141174316,2.649108648300171
2006-08-21,1.8722666501998901,1.8732253313064575,1.858362078666687,1.87938392162323,1.8765113353729248,1.8515948057174683
2006-08-22,2.171670913696289,2.288022041320801,2.4130256175994873,2.1688787937164307,2.2727103233337402,2.382018566131592
2006-08-23,2.407383680343628,2.4728455543518066,2.5613009929656982,2.4493439197540283,2.4959611892700195,2.553758144378662
2006-08-24,3.4806578159332275,3.56644606590271,3.6370811462402344,3.630425214767456,3.693819522857666,3.737244129180908
2006-08-25,3.351346969604492,3.471982955932617,3.629166603088379,3.377277374267578,3.489779233932495,3.6238138675689697
2006-08-26,2.1532809734344482,2.2285571098327637,2.3211405277252197,2.0958523750305176,2.159425735473633,2.236473798751831
2006-08-27,1.5115267038345337,1.5764391422271729,1.6690396070480347,1.5025655031204224,1.5440994501113892,1.5897897481918335
2006-08-28,2.285242795944214,2.362567186355591,2.510161876678467,2.451798677444458,2.5235064029693604,2.6439781188964844
2006-08-29,2.5282905101776123,2.5816650390625,2.6631031036376953,2.629849672317505,2.6759324073791504,2.7431676387786865
2006-08-30,1.9894746541976929,2.04005765914917,2.0988917350769043,1.9233288764953613,1.9677293300628662,2.0189552307128906
2006-08-31,1.4525048732757568,1.4510586261749268,1.4459174871444702,1.4277172088623047,1.4248902797698975,1.411759376525879
2006-09-01,2.732203722000122,2.8322346210479736,2.9405035972595215,2.6771202087402344,2.7530643939971924,2.8319647312164307
2006-09-02,3.350044012069702,3.40378999710083,3.484589099884033,3.311542510986328,3.3430306911468506,3.397845506668091
2006-09-03,2.5099291801452637,2.4598770141601562,2.3889517784118652,2.4047930240631104,2.345156192779541,2.2744648456573486
2006-09-04,1.0929964780807495,1.0817389488220215,1.1792364120483398,1.095147967338562,1.0875154733657837,1.1876051425933838
2006-09-05,2.886178493499756,3.0165598392486572,3.1379873752593994,2.8148486614227295,2.928325653076172,3.0377140045166016
2006-09-06,2.2460825443267822,2.2918953895568848,2.3525309562683105,2.308645248413086,2.330728054046631,2.3590004444122314
2006-09-07,2.26912784576416,2.3216195106506348,2.384950637817383,2.284345865249634,2.3315677642822266,2.3815128803253174
2006-09-08,0.9259243011474609,0.9647887945175171,1.0094016790390015,0.9617888927459717,0.9897040128707886,1.0261645317077637
2006-09-09,1.9477053880691528,1.9557383060455322,1.9822779893875122,1.8361440896987915,1.8254145383834839,1.8259457349777222
2006-09-10,3.6278862953186035,3.7212579250335693,3.8774454593658447,3.727823495864868,3.80025053024292,3.91524076461792
2006-09-11,3.328521490097046,3.399749755859375,3.495971202850342,3.3489725589752197,3.4072253704071045,3.4779326915740967
2006-09-12,0.8743330836296082,0.979444682598114,1.0857359170913696,0.9262582659721375,1.016331434249878,1.093661904335022
2006-09-13,2.7581582069396973,2.863409996032715,2.9784603118896484,2.7564353942871094,2.8302559852600098,2.8965258598327637
2006-09-14,1.7457056045532227,1.7766790390014648,1.831621527671814,1.883374571800232,1.9148179292678833,1.9517030715942383
2006-09-15,2.8375375270843506,2.9180185794830322,3.0062384605407715,2.977484703063965,3.059041738510132,3.1448750495910645
2006-09-16,2.837844133377075,2.91435170173645,3.0500380992889404,2.752711296081543,2.7874138355255127,2.8521533012390137
2006-09-17,2.229431390762329,2.309164524078369,2.4273452758789062,2.1123709678649902,2.1923797130584717,2.3066067695617676
2006-09-18,2.068814516067505,2.1548571586608887,2.2316577434539795,2.119129180908203,2.2003488540649414,2.276614189147949
2006-09-19,4.2914581298828125,4.3868608474731445,4.525073051452637,4.329786777496338,4.392375469207764,4.478813171386719
2006-09-20,3.0626745223999023,3.2712204456329346,3.5355567932128906,2.799623489379883,2.9868781566619873,3.2301642894744873
2006-09-21,5.092964172363281,5.154847621917725,5.23252010345459,5.077193260192871,5.138402462005615,5.183874130249023
2006-09-22,4.6252055168151855,4.813217639923096,5.035048484802246,4.608423233032227,4.761375427246094,4.934528827667236
2006-09-23,1.3889895677566528,1.4602601528167725,1.5696728229522705,1.4749749898910522,1.5305663347244263,1.6205556392669678
2006-09-24,3.0290513038635254,3.089597463607788,3.1744394302368164,2.9665231704711914,2.991600513458252,3.0360352993011475
2006-09-25,1.679497480392456,1.7153443098068237,1.762956976890564,1.6912208795547485,1.7094722986221313,1.7367838621139526
2006-09-26,2.31659197807312,2.337825059890747,2.396202325820923,2.63443922996521,2.6494672298431396,2.6788394451141357
2006-09-27,2.7634966373443604,2.8146250247955322,2.8801980018615723,2.6732003688812256,2.734139919281006,2.8202567100524902
2006-09-28,2.692523956298828,2.8070597648620605,2.9693942070007324,2.797436475753784,2.892629861831665,3.0228283405303955
2006-09-29,3.973273277282715,4.162822246551514,4.273675918579102,3.855161666870117,4.017877101898193,4.110696792602539
2006-09-30,3.399690628051758,3.4307849407196045,3.453904628753662,3.3718340396881104,3.3821768760681152,3.3766491413116455
2006-10-01,3.686760187149048,3.615194082260132,3.5242161750793457,3.837454319000244,3.7506184577941895,3.6238718032836914
2006-10-02,2.8047778606414795,2.796797752380371,2.8750433921813965,2.938231945037842,2.888411045074463,2.9006268978118896
2006-10-03,3.527827739715576,3.525466203689575,3.6108765602111816,3.655470848083496,3.6360342502593994,3.671389102935791
2006-10-04,3.931324005126953,3.8810412883758545,3.921360492706299,4.150047302246094,4.07728910446167,4.054160118103027
2006-10-05,5.07468318939209,5.098204135894775,5.198579788208008,5.259549617767334,5.27169942855835,5.341652870178223
2006-10-06,3.9669675827026367,4.225715160369873,4.491814613342285,3.809274196624756,4.043314456939697,4.2910895347595215
2006-10-07,3.5038933753967285,3.4832522869110107,3.4980242252349854,3.484527826309204,3.4320926666259766,3.389331340789795
2006-10-08,5.703254222869873,5.62483024597168,5.660923004150391,5.9282355308532715,5.82935094833374,5.813135623931885
2006-10-09,4.256608486175537,4.409074783325195,4.577070713043213,4.178919792175293,4.303564548492432,4.450736999511719
2006-10-10,2.621782064437866,2.566751003265381,2.5372331142425537,2.710010528564453,2.614420175552368,2.5320353507995605
2006-10-11,5.164391040802002,5.351078033447266,5.593458652496338,5.057292461395264,5.209349632263184,5.404181480407715
2006-10-12,1.7448197603225708,1.9299781322479248,2.1543636322021484,1.5958300828933716,1.7501287460327148,1.9446964263916016
2006-10-13,0.9080191850662231,0.8742771744728088,0.9241843223571777,1.1425005197525024,1.069007396697998,1.0421793460845947
2006-10-14,1.9217686653137207,1.875508427619934,1.8389782905578613,2.115339756011963,2.0724902153015137,2.0334694385528564
2006-10-15,2.587554454803467,2.716181516647339,2.946992874145508,2.479724168777466,2.5783638954162598,2.7681691646575928
2006-10-16,2.5341155529022217,2.571430206298828,2.6816179752349854,2.576519012451172,2.591768503189087,2.660443067550659
2006-10-17,5.164608955383301,5.3154520988464355,5.523116588592529,5.162369728088379,5.2882981300354,5.45392370223999
2006-10-18,3.100534677505493,3.310896635055542,3.6131348609924316,3.1181552410125732,3.2940399646759033,3.529278039932251
2006-10-19,2.809694766998291,2.8923654556274414,3.0072884559631348,2.8678653240203857,2.9313912391662598,3.01198673248291
2006-10-20,2.7465672492980957,2.9163782596588135,3.156216859817505,2.703984022140503,2.85863995552063,3.0757570266723633
2006-10-21,1.3322601318359375,1.3628556728363037,1.4709612131118774,1.2866541147232056,1.3096227645874023,1.4061514139175415
2006-10-22,2.6045875549316406,2.8378026485443115,3.10660719871521,2.579378128051758,2.7609236240386963,2.970421075820923
2006-10-23,1.499645471572876,1.6302919387817383,1.873917579650879,1.4050475358963013,1.5220502614974976,1.7448391914367676
2006-10-24,3.980077028274536,4.150304317474365,4.3163909912109375,3.825408458709717,3.980255603790283,4.128304481506348
2006-10-25,5.766525745391846,5.915091037750244,6.120832443237305,5.702235221862793,5.821828365325928,5.982960224151611
2006-10-26,4.013452053070068,4.1859822273254395,4.44751501083374,4.130326747894287,4.272695541381836,4.469470977783203
2006-10-27,3.8299529552459717,3.9810121059417725,4.170896053314209,3.9995224475860596,4.125125408172607,4.272761344909668
2006-10-28,3.0526533126831055,3.2754337787628174,3.607619047164917,3.1210827827453613,3.3255903720855713,3.61175274848938
2006-10-29,2.893723964691162,2.991387128829956,3.1221303939819336,3.1499884128570557,3.2414069175720215,3.353969097137451
2006-10-30,2.708582878112793,2.8450119495391846,3.025188446044922,2.671525239944458,2.7873458862304688,2.937208414077759
2006-10-31,1.7688789367675781,1.9300755262374878,2.133781671524048,1.6893174648284912,1.8328759670257568,2.005830764770508
2006-11-01,2.2402267456054688,2.2368099689483643,2.3604164123535156,2.350515127182007,2.322038412094116,2.3870699405670166
2006-11-02,3.183058738708496,3.3869102001190186,3.65109920501709,3.0056698322296143,3.1946167945861816,3.440823554992676
2006-11-03,5.037343978881836,5.120625972747803,5.162260055541992,4.860626697540283,4.928176403045654,4.945189952850342
2006-11-04,3.628999948501587,3.6819570064544678,3.7475523948669434,3.6157305240631104,3.6218552589416504,3.610576868057251
2006-11-05,2.0443644523620605,2.0935630798339844,2.1641957759857178,2.112511157989502,2.1293962001800537,2.161496877670288
2006-11-06,1.4235607385635376,1.475395917892456,1.6179896593093872,1.4970256090164185,1.5384045839309692,1.6491137742996216
2006-11-07,3.6236982345581055,3.850846290588379,4.130890369415283,3.336005449295044,3.5235893726348877,3.762401819229126
2006-11-08,3.7700064182281494,3.933943271636963,4.187510967254639,3.4716989994049072,3.610262632369995,3.82322096824646
2006-11-09,1.7073358297348022,1.765743613243103,1.8712282180786133,1.772513508796692,1.8296657800674438,1.946264386177063
2006-11-10,5.9043707847595215,6.4541144371032715,7.01395845413208,5.607789516448975,6.129669666290283,6.639291286468506
2006-11-11,1.4449070692062378,1.7072322368621826,2.109006881713867,1.3780254125595093,1.6311005353927612,2.0226221084594727
2006-11-12,2.437735080718994,2.476414680480957,2.4987239837646484,2.3185577392578125,2.3302981853485107,2.3181841373443604
2006-11-13,3.2622294425964355,3.476658344268799,3.819056987762451,2.9002609252929688,3.0719077587127686,3.3551511764526367
2006-11-14,3.9493062496185303,3.9529190063476562,3.9846181869506836,3.9630842208862305,3.9441604614257812,3.9416747093200684
2006-11-15,5.307559013366699,5.4719929695129395,5.645272731781006,5.255890369415283,5.399996280670166,5.546832084655762
2006-11-16,3.641794443130493,3.649693489074707,3.7165136337280273,3.6729865074157715,3.6482532024383545,3.6555886268615723
2006-11-17,7.485558032989502,7.716314315795898,8.057963371276855,7.553821563720703,7.76373815536499,8.037460327148438
2006-11-18,2.330615520477295,2.4838621616363525,2.7830212116241455,2.2328736782073975,2.338890552520752,2.5608866214752197
2006-11-19,2.5448708534240723,2.4546658992767334,2.5399937629699707,2.9916958808898926,2.893240213394165,2.9127283096313477
2006-11-20,4.94851541519165,5.023897647857666,5.1739983558654785,4.8516435623168945,4.888047695159912,4.972731113433838
2006-11-21,5.616660118103027,5.697418212890625,5.813089370727539,5.62650728225708,5.693443298339844,5.7841010093688965
2006-11-22,3.7458012104034424,3.91471791267395,4.118142127990723,3.768447160720825,3.9107987880706787,4.076751708984375
2006-11-23,4.886477470397949,4.910756587982178,4.943047523498535,4.936757564544678,4.957807540893555,4.978567123413086
2006-11-24,2.0312728881835938,2.0686886310577393,2.1585099697113037,2.1928529739379883,2.216378927230835,2.2840776443481445
2006-11-25,7.540318012237549,7.651999473571777,7.782225131988525,7.491635322570801,7.541518688201904,7.614459037780762
2006-11-26,10.212564468383789,10.484042167663574,10.843941688537598,10.304668426513672,10.533514976501465,10.80915641784668
2006-11-27,4.968530178070068,5.037315368652344,5.160244941711426,4.895040035247803,4.950159072875977,5.038863658905029
2006-11-28,2.379214286804199,2.3494937419891357,2.3033974170684814,2.3097124099731445,2.2885234355926514,2.2598049640655518
2006-11-29,2.2989695072174072,2.2995331287384033,2.364734649658203,2.164102077484131,2.1772656440734863,2.2586851119995117
2006-11-30,6.775054931640625,6.938955307006836,7.182066440582275,6.5698018074035645,6.710668087005615,6.928267955780029
2006-12-01,3.818053960800171,3.9227089881896973,4.059607028961182,3.8340582847595215,3.9177634716033936,4.010885715484619
2006-12-02,3.3370003700256348,3.3694450855255127,3.4454190731048584,3.190544366836548,3.1993260383605957,3.220301866531372
2006-12-03,6.109564781188965,6.160898685455322,6.244400501251221,6.003533363342285,6.043357849121094,6.106747150421143
2006-12-04,5.877835273742676,5.878610134124756,5.87435245513916,5.812170505523682,5.7867584228515625,5.76461935043335
2006-12-05,6.728888988494873,6.833678722381592,6.988368511199951,6.691892147064209,6.770946025848389,6.893757343292236
2006-12-06,4.914051055908203,4.971001148223877,5.148797035217285,5.023786544799805,5.096985816955566,5.259843826293945
2006-12-07,4.892706394195557,4.9732842445373535,5.097206115722656,4.848690032958984,4.910441875457764,5.016773223876953
2006-12-08,1.8283989429473877,1.8740015029907227,1.9365384578704834,1.6731388568878174,1.701116681098938,1.7342743873596191
2006-12-09,5.727810859680176,5.693904876708984,5.64670991897583,5.881837844848633,5.827606678009033,5.736559867858887
2006-12-10,6.451043128967285,6.6462931632995605,6.947808742523193,6.3532538414001465,6.528872013092041,6.77898645401001
2006-12-11,4.2276716232299805,4.425585746765137,4.663478851318359,4.1927361488342285,4.36850118637085,4.572523593902588
2006-12-12,3.1077935695648193,3.025169610977173,3.0996835231781006,3.24125599861145,3.1113665103912354,3.1073150634765625
2006-12-13,7.276899814605713,7.227758407592773,7.323951721191406,7.676210403442383,7.594753742218018,7.604452133178711
2006-12-14,6.431838512420654,6.615160942077637,6.860408782958984,6.414583683013916,6.576833248138428,6.803723335266113
2006-12-15,3.9966256618499756,4.153242111206055,4.388505935668945,3.879896402359009,3.9956371784210205,4.187301158905029
2006-12-16,3.426485061645508,3.559642791748047,3.7762792110443115,3.7840769290924072,3.882326126098633,3.9993767738342285
2006-12-17,5.839826583862305,6.036917686462402,6.43040132522583,6.000048637390137,6.214614391326904,6.552562236785889
2006-12-18,3.037734270095825,3.092787981033325,3.2145912647247314,3.31072735786438,3.3171207904815674,3.3581550121307373
2006-12-19,2.6486105918884277,2.760460376739502,3.018873929977417,2.9162051677703857,3.0114872455596924,3.2073421478271484
2006-12-20,6.359431743621826,6.676813125610352,6.983588695526123,6.108078956604004,6.393641471862793,6.6704559326171875
2006-12-21,7.187067031860352,7.430800437927246,7.76078462600708,7.223509788513184,7.421980381011963,7.70587158203125
2006-12-22,4.216955184936523,4.3666605949401855,4.584388732910156,3.9895381927490234,4.123002529144287,4.33776330947876
2006-12-23,6.087307929992676,6.051548957824707,6.1190505027771,6.2233805656433105,6.187083721160889,6.22263765335083
2006-12-24,7.4511003494262695,7.605212211608887,7.901119709014893,7.4914231300354,7.609680652618408,7.826568603515625
2006-12-25,4.056896686553955,4.330616474151611,4.802552700042725,3.7268118858337402,3.955984354019165,4.350766658782959
2006-12-26,4.647151947021484,4.615901947021484,4.7236480712890625,4.405026435852051,4.37197208404541,4.4573469161987305
2006-12-27,4.702390670776367,4.768234729766846,5.108356952667236,4.265146255493164,4.316388130187988,4.612719535827637
2006-12-28,3.6391520500183105,3.7173221111297607,3.910426378250122,3.7758591175079346,3.8449032306671143,3.9985275268554688
2006-12-29,4.519913673400879,4.478725910186768,4.509768962860107,4.583272457122803,4.561514377593994,4.596492290496826
2006-12-30,5.001885890960693,5.044280529022217,5.188775539398193,5.045982360839844,5.070500373840332,5.160126686096191
2006-12-31,5.176199436187744,5.281126499176025,5.483396530151367,5.279262542724609,5.343689918518066,5.47309684753418
2007-01-01,6.3317036628723145,6.326736927032471,6.408455848693848,6.580999374389648,6.587527275085449,6.656752109527588
2007-01-02,2.1550724506378174,2.327669143676758,2.6412160396575928,2.288236141204834,2.4322621822357178,2.6947436332702637
2007-01-03,4.775493621826172,4.865847587585449,5.124898433685303,4.690579414367676,4.773853302001953,4.976047039031982
2007-01-04,2.359333038330078,2.47379994392395,2.689788818359375,2.580824375152588,2.6517841815948486,2.7909793853759766
2007-01-05,3.124213695526123,3.1224629878997803,3.2059438228607178,3.348581552505493,3.3395187854766846,3.377584934234619
2007-01-06,4.615379810333252,4.795968055725098,5.1480231285095215,4.4641265869140625,4.609379291534424,4.904189109802246
2007-01-07,5.045806884765625,5.079742908477783,5.087088584899902,5.048766613006592,5.059477806091309,5.0512003898620605
2007-01-08,8.300237655639648,8.477478981018066,8.699457168579102,8.168670654296875,8.29353141784668,8.475533485412598
2007-01-09,6.641920566558838,6.899714946746826,7.206349849700928,6.594820022583008,6.802637577056885,7.06525182723999
2007-01-10,1.7506732940673828,1.7786881923675537,1.915732979774475,1.8192929029464722,1.8120421171188354,1.890413761138916
2007-01-11,2.459432363510132,2.359741687774658,2.311250925064087,2.659592628479004,2.5611612796783447,2.5009191036224365
2007-01-12,3.9202301502227783,3.8332152366638184,3.810096263885498,4.153356552124023,4.050745010375977,3.9877994060516357
2007-01-13,5.2126922607421875,5.1801958084106445,5.134645938873291,5.2624640464782715,5.239265441894531,5.196835517883301
2007-01-14,1.8729958534240723,2.0094401836395264,2.214367628097534,1.884940505027771,2.0088257789611816,2.1857709884643555
2007-01-15,4.816838264465332,4.98394775390625,5.196810722351074,5.17600679397583,5.2801690101623535,5.442471027374268
2007-01-16,7.487082004547119,7.636538505554199,7.883910179138184,7.446564674377441,7.551001071929932,7.760031223297119
2007-01-17,8.148580551147461,8.37005615234375,8.718753814697266,7.723114013671875,7.92620325088501,8.246506690979004
2007-01-18,7.940600872039795,8.304767608642578,8.813878059387207,7.570408821105957,7.920862197875977,8.395363807678223
2007-01-19,6.020061492919922,6.366870403289795,6.879652500152588,5.818615436553955,6.128305912017822,6.57658576965332
2007-01-20,3.060584545135498,3.220489263534546,3.4808452129364014,3.0521981716156006,3.1895949840545654,3.418494701385498
2007-01-21,3.387661933898926,3.463324785232544,3.6473376750946045,3.450234889984131,3.5030763149261475,3.646232843399048
2007-01-22,2.7597978115081787,2.742949962615967,2.7649905681610107,2.815964937210083,2.7930870056152344,2.7996318340301514
2007-01-23,1.889237880706787,1.9112979173660278,2.000772714614868,1.9778177738189697,1.985111951828003,2.0458664894104004
2007-01-24,5.088339328765869,5.142641067504883,5.227395057678223,5.091819763183594,5.105597019195557,5.132160663604736
2007-01-25,3.5831243991851807,3.6645898818969727,3.877732038497925,3.654677152633667,3.7325949668884277,3.9280169010162354
2007-01-26,2.8390705585479736,2.89646053314209,2.9893548488616943,2.9284188747406006,2.980199098587036,3.0591723918914795
2007-01-27,3.840738534927368,3.8962104320526123,4.008192539215088,3.7397069931030273,3.7610301971435547,3.8220863342285156
2007-01-28,5.38070011138916,5.606881618499756,5.8488006591796875,5.303962230682373,5.5010833740234375,5.700601577758789
2007-01-29,2.800398349761963,2.9235143661499023,3.05496883392334,2.6213457584381104,2.721349000930786,2.8718888759613037
2007-01-30,2.0999417304992676,2.208488941192627,2.3761091232299805,2.0572657585144043,2.150547504425049,2.2898471355438232
2007-01-31,2.8256163597106934,2.812626361846924,2.8238725662231445,2.9196722507476807,2.876312017440796,2.8517239093780518
2007-02-01,2.7891721725463867,2.7886064052581787,2.8163609504699707,2.7918155193328857,2.7957723140716553,2.813873767852783
2007-02-02,4.6000752449035645,4.722984313964844,4.901851654052734,4.50535249710083,4.589818000793457,4.717624187469482
2007-02-03,2.6542530059814453,2.7117366790771484,2.7953579425811768,2.646519899368286,2.684673309326172,2.750572919845581
2007-02-04,1.625562071800232,1.6305402517318726,1.6972631216049194,1.7047655582427979,1.6986786127090454,1.7356435060501099
2007-02-05,2.4288864135742188,2.47916841506958,2.5457613468170166,2.4107255935668945,2.428832530975342,2.451629877090454
2007-02-06,3.5690836906433105,3.5386276245117188,3.543738842010498,3.6087496280670166,3.5634446144104004,3.552855968475342
2007-02-07,4.272791385650635,4.313709735870361,4.4217400550842285,4.269939422607422,4.290812969207764,4.368219375610352
2007-02-08,9.594290733337402,9.530747413635254,9.616633415222168,9.865033149719238,9.769124031066895,9.814566612243652
2007-02-09,6.304656505584717,6.62773323059082,6.9845380783081055,6.293484687805176,6.5756611824035645,6.892471790313721
2007-02-10,5.65337610244751,5.63313627243042,5.725386619567871,5.96699333190918,5.939671039581299,5.98520040512085
2007-02-11,2.29347825050354,2.3274965286254883,2.405977487564087,2.347815752029419,2.3642890453338623,2.41159987449646
2007-02-12,3.2353515625,3.2297487258911133,3.2915642261505127,3.428515911102295,3.4200563430786133,3.453643560409546
2007-02-13,9.759174346923828,9.947382926940918,10.201774597167969,9.607672691345215,9.770333290100098,9.998461723327637
2007-02-14,4.174593925476074,4.479185581207275,4.819005489349365,3.6803433895111084,3.9472837448120117,4.27174711227417
2007-02-15,4.109368801116943,4.22591495513916,4.402289390563965,4.123929500579834,4.226683139801025,4.377801895141602
2007-02-16,4.274284839630127,4.478139400482178,4.738770008087158,4.281548023223877,4.464460849761963,4.718782424926758
2007-02-17,1.9560847282409668,1.9641104936599731,2.020482301712036,2.0323426723480225,2.0317604541778564,2.059124231338501
2007-02-18,2.6966192722320557,2.7106661796569824,2.75504994392395,2.767530679702759,2.788668632507324,2.841266632080078
2007-02-19,1.858269453048706,1.8293265104293823,1.9701591730117798,2.0500235557556152,2.0008504390716553,2.095510721206665
2007-02-20,7.9144768714904785,8.08558177947998,8.337545394897461,8.045696258544922,8.199346542358398,8.409582138061523
2007-02-21,5.234282970428467,5.2772216796875,5.428440570831299,5.455357074737549,5.475719928741455,5.572570323944092
2007-02-22,7.078840732574463,7.032386779785156,7.0346269607543945,7.329906463623047,7.274166584014893,7.248059272766113
2007-02-23,3.136168956756592,3.3196005821228027,3.650418519973755,3.164000988006592,3.317613124847412,3.601871967315674
2007-02-24,4.426807880401611,4.397109508514404,4.412944793701172,4.609228134155273,4.584192752838135,4.583118915557861
2007-02-25,6.263169288635254,6.425400257110596,6.672303676605225,6.228309631347656,6.385864734649658,6.609838962554932
2007-02-26,2.666396141052246,2.9485130310058594,3.3208584785461426,2.5012400150299072,2.761312961578369,3.109628915786743
2007-02-27,2.4029605388641357,2.498430013656616,2.67840576171875,2.182699203491211,2.255478620529175,2.426880121231079
2007-02-28,5.879084587097168,5.907044887542725,6.027978420257568,5.940048694610596,5.96051549911499,6.040302276611328
2007-03-01,3.421583652496338,3.6027626991271973,3.9449501037597656,3.3797030448913574,3.530910015106201,3.835571527481079
2007-03-02,2.557657480239868,2.560229778289795,2.6237361431121826,2.740299701690674,2.7357847690582275,2.773029088973999
2007-03-03,2.926517963409424,2.9288296699523926,2.989833354949951,3.0705928802490234,3.0779285430908203,3.129810333251953
2007-03-04,4.130285739898682,4.165304183959961,4.252493858337402,4.270605087280273,4.282395839691162,4.326902866363525
2007-03-05,5.2075581550598145,5.265777587890625,5.336889266967773,5.1438093185424805,5.211043834686279,5.278063774108887
2007-03-06,4.415966033935547,4.409024715423584,4.460751533508301,4.270136833190918,4.278366565704346,4.340569972991943
2007-03-07,4.672680854797363,4.940485954284668,5.260895729064941,4.395354747772217,4.645153522491455,4.967562198638916
2007-03-08,2.357678174972534,2.4435226917266846,2.5760128498077393,2.4337966442108154,2.5038223266601562,2.612729549407959
2007-03-09,4.383925437927246,4.439435005187988,4.565220355987549,4.300133228302002,4.339628219604492,4.421354293823242
2007-03-10,4.28325891494751,4.272369861602783,4.32046365737915,4.479005336761475,4.4623565673828125,4.4895710945129395
2007-03-11,6.625371932983398,6.707502841949463,6.920411586761475,6.717429161071777,6.753964424133301,6.894122123718262
2007-03-12,6.137027263641357,6.229470252990723,6.421995162963867,6.253993034362793,6.3148674964904785,6.446650505065918
2007-03-13,6.512657642364502,6.763531684875488,7.126227855682373,6.327690124511719,6.571667194366455,6.900375843048096
2007-03-14,2.6644387245178223,2.996790885925293,3.405729055404663,2.381232738494873,2.6912407875061035,3.072639226913452
2007-03-15,2.3068790435791016,2.244605541229248,2.352931261062622,2.4255242347717285,2.335353136062622,2.3916876316070557
2007-03-16,7.234364032745361,7.3449296951293945,7.513982772827148,7.368238925933838,7.4548749923706055,7.567590713500977
2007-03-17,2.882025718688965,2.9847025871276855,3.131171226501465,2.8475735187530518,2.952561616897583,3.088923692703247
2007-03-18,1.72813880443573,1.6335722208023071,1.5599489212036133,1.7665736675262451,1.682175874710083,1.603675365447998
2007-03-19,2.7086868286132812,2.704047679901123,2.6947438716888428,2.786891460418701,2.7917346954345703,2.771164894104004
2007-03-20,4.1862945556640625,4.2767863273620605,4.398615837097168,4.468188285827637,4.5483174324035645,4.639848232269287
2007-03-21,4.423257350921631,4.751777648925781,5.161758899688721,4.5691986083984375,4.888596057891846,5.261190414428711
2007-03-22,4.799924373626709,4.783514022827148,4.795958995819092,4.827925682067871,4.806000232696533,4.784722805023193
2007-03-23,6.741087913513184,6.924912452697754,7.212197780609131,6.9401774406433105,7.115762233734131,7.380573749542236
2007-03-24,3.843064785003662,3.8546156883239746,3.937391757965088,4.024649620056152,4.030114650726318,4.086552143096924
2007-03-25,5.181895732879639,5.250141620635986,5.387320041656494,5.337227821350098,5.377044677734375,5.459677696228027
2007-03-26,6.808281421661377,6.8911895751953125,7.044541358947754,6.927659511566162,6.985958099365234,7.089780330657959
2007-03-27,4.11122465133667,4.34467077255249,4.60551643371582,4.344808578491211,4.570826530456543,4.801321983337402
2007-03-28,1.803393006324768,1.761160969734192,1.754492163658142,1.7658981084823608,1.7359514236450195,1.7391520738601685
2007-03-29,2.720318078994751,2.735158681869507,2.8195505142211914,2.819406509399414,2.833008289337158,2.888244152069092
2007-03-30,3.1566929817199707,3.106576681137085,3.117750406265259,3.6263511180877686,3.5760345458984375,3.5734755992889404
2007-03-31,6.065522193908691,6.177704811096191,6.34363317489624,6.046262741088867,6.160086631774902,6.292045593261719
2007-04-01,2.998838424682617,3.0299181938171387,3.0990495681762695,3.087402105331421,3.106786012649536,3.150602102279663
2007-04-02,1.8915082216262817,1.9816974401474,2.140889883041382,1.947607159614563,2.032771110534668,2.1728739738464355
2007-04-03,4.981850624084473,5.046536922454834,5.1459174156188965,5.152443885803223,5.213836669921875,5.283877849578857
2007-04-04,4.577411651611328,4.6212615966796875,4.771290302276611,4.8032450675964355,4.835247039794922,4.9474663734436035
2007-04-05,3.5574166774749756,3.3420279026031494,3.141355037689209,3.963226079940796,3.7786524295806885,3.582271099090576
2007-04-06,8.086188316345215,8.301960945129395,8.540711402893066,8.121583938598633,8.31215763092041,8.505846977233887
2007-04-07,6.124436378479004,6.335719108581543,6.55126428604126,6.147505283355713,6.289952754974365,6.437899589538574
2007-04-08,4.358701229095459,4.5049333572387695,4.710999011993408,4.134400844573975,4.2245354652404785,4.368134021759033
2007-04-09,3.0428922176361084,3.1151139736175537,3.2394821643829346,3.083266258239746,3.1634817123413086,3.3115696907043457
2007-04-10,2.9646904468536377,3.021785259246826,3.1235177516937256,2.9952123165130615,3.038958787918091,3.10844087600708
2007-04-11,2.845790386199951,2.9179623126983643,3.006434679031372,2.893254280090332,2.9610025882720947,3.04114031791687
2007-04-12,3.457828998565674,3.4677510261535645,3.514538526535034,3.408719539642334,3.402031421661377,3.4189670085906982
2007-04-13,2.830348253250122,2.904449224472046,3.0019009113311768,3.178795099258423,3.260103225708008,3.3568601608276367
2007-04-14,2.5314064025878906,2.4846479892730713,2.486790418624878,2.61332368850708,2.585554361343384,2.5955631732940674
2007-04-15,5.70574426651001,5.679199695587158,5.636950969696045,5.491520881652832,5.495804309844971,5.511168956756592
2007-04-16,2.268524169921875,2.347855567932129,2.4857919216156006,2.39949369430542,2.472635269165039,2.5873823165893555
2007-04-17,2.1085243225097656,2.0524401664733887,1.9951533079147339,2.1456429958343506,2.067213535308838,1.9850140810012817
2007-04-18,1.0765501260757446,0.9497677683830261,1.0292277336120605,1.0232807397842407,0.9253613352775574,1.0487360954284668
2007-04-19,2.1685845851898193,2.2968854904174805,2.4339213371276855,2.1233298778533936,2.2051072120666504,2.2724835872650146
2007-04-20,3.8810319900512695,3.982583522796631,4.2395830154418945,4.106184005737305,4.180135726928711,4.366761207580566
2007-04-21,3.494340419769287,3.524580478668213,3.5556344985961914,3.845653533935547,3.876420259475708,3.8945014476776123
2007-04-22,3.9768314361572266,3.978424310684204,4.138734340667725,4.121653079986572,4.110654830932617,4.229106903076172
2007-04-23,5.697607517242432,5.666017532348633,5.672005653381348,5.832665920257568,5.790188789367676,5.771991729736328
2007-04-24,3.1850249767303467,3.2521231174468994,3.3531782627105713,3.174758195877075,3.2326061725616455,3.313795804977417
2007-04-25,3.841348886489868,3.9772706031799316,4.2090163230896,3.8738231658935547,3.9935338497161865,4.185385704040527
2007-04-26,4.647709846496582,4.748369216918945,4.870129108428955,4.77362060546875,4.873912334442139,4.9785847663879395
2007-04-27,2.905329704284668,3.0940513610839844,3.3009605407714844,2.9526922702789307,3.1227965354919434,3.2974119186401367
2007-04-28,4.733746528625488,4.755058765411377,4.754337310791016,4.924543380737305,4.926455974578857,4.890073299407959
2007-04-29,2.545032262802124,2.6043286323547363,2.6727468967437744,2.613567590713501,2.6623952388763428,2.7166922092437744
2007-04-30,1.6699820756912231,1.6640584468841553,1.712430477142334,1.7706323862075806,1.7511526346206665,1.7749481201171875
2007-05-01,1.9736093282699585,1.9752315282821655,1.9866743087768555,2.1216936111450195,2.1299636363983154,2.1423983573913574
2007-05-02,1.6887125968933105,1.6842749118804932,1.7182490825653076,1.77755868434906,1.7648741006851196,1.7850978374481201
2007-05-03,2.636723041534424,2.668616771697998,2.778827428817749,2.6847128868103027,2.714550733566284,2.805776357650757
2007-05-04,4.554378032684326,4.514644145965576,4.555933475494385,4.653989315032959,4.5863118171691895,4.588293075561523
2007-05-05,4.640358924865723,4.81652307510376,5.051502704620361,4.822354316711426,4.973409175872803,5.1547346115112305
2007-05-06,3.929885149002075,3.910245418548584,3.9236602783203125,4.039393424987793,4.003625392913818,3.994617223739624
2007-05-07,3.0110421180725098,3.173758029937744,3.3714890480041504,3.0506627559661865,3.200690507888794,3.3755390644073486
2007-05-08,2.2319891452789307,2.246844530105591,2.267382860183716,2.221095323562622,2.2234694957733154,2.2381248474121094
2007-05-09,3.0451908111572266,3.0537922382354736,3.068171977996826,3.120201587677002,3.117011547088623,3.1160454750061035
2007-05-10,2.584698438644409,2.6079790592193604,2.660964012145996,2.64326810836792,2.6463470458984375,2.6710848808288574
2007-05-11,2.8687520027160645,2.8517203330993652,2.849053144454956,2.981597661972046,2.9520318508148193,2.9248664379119873
2007-05-12,3.0481154918670654,3.119690418243408,3.205505847930908,2.991666078567505,3.025503635406494,3.078547716140747
2007-05-13,4.583286285400391,4.657059669494629,4.75916862487793,4.597863674163818,4.654581069946289,4.72707462310791
2007-05-14,3.181636095046997,3.2634117603302,3.3576059341430664,3.3018975257873535,3.3693528175354004,3.4495251178741455
2007-05-15,3.3301968574523926,3.3943750858306885,3.468158483505249,3.4255411624908447,3.472087860107422,3.528029441833496
2007-05-16,3.5997228622436523,3.7310192584991455,3.8717353343963623,3.6850228309631348,3.7854316234588623,3.900420665740967
2007-05-17,2.795018434524536,2.8479509353637695,2.881199836730957,2.880899667739868,2.927548408508301,2.962867259979248
2007-05-18,1.9375156164169312,1.927717924118042,1.8879808187484741,2.092817544937134,2.10325026512146,2.0900373458862305
2007-05-19,2.279423475265503,2.355473279953003,2.39848256111145,2.1909561157226562,2.264584541320801,2.315464735031128
2007-05-20,2.915349245071411,2.9262425899505615,3.0077314376831055,2.8873002529144287,2.875483989715576,2.902233600616455
2007-05-21,3.086909055709839,2.954885244369507,2.953578233718872,3.2937543392181396,3.1647698879241943,3.1314897537231445
2007-05-22,3.211076498031616,3.2204084396362305,3.288395404815674,3.34027361869812,3.340642213821411,3.388880968093872
2007-05-23,2.2538163661956787,2.294126272201538,2.3643503189086914,2.151519298553467,2.183084011077881,2.239992380142212
2007-05-24,2.72078275680542,2.7705020904541016,2.8438448905944824,2.729252815246582,2.7626101970672607,2.8148508071899414
2007-05-25,1.6219409704208374,1.6665639877319336,1.7597317695617676,1.7124788761138916,1.7497755289077759,1.8249880075454712
2007-05-26,3.7980775833129883,3.7393147945404053,3.683962821960449,3.9291257858276367,3.8824069499969482,3.8350985050201416
2007-05-27,2.620278835296631,2.685108184814453,2.749281644821167,2.5209739208221436,2.5805282592773438,2.647691249847412
2007-05-28,3.2163093090057373,3.3488540649414062,3.532177209854126,3.284127950668335,3.365097761154175,3.471127986907959
2007-05-29,1.8049776554107666,1.8839962482452393,1.9932047128677368,1.872988224029541,1.9184446334838867,1.977562665939331
2007-05-30,2.1328959465026855,2.158271312713623,2.231583833694458,2.0433990955352783,2.061981201171875,2.11289644241333
2007-05-31,1.2906936407089233,1.3199118375778198,1.3436729907989502,1.4749358892440796,1.497656226158142,1.5115493535995483
2007-06-01,2.6060791015625,2.6331613063812256,2.785306215286255,2.6299760341644287,2.644573926925659,2.7583773136138916
2007-06-02,5.23446798324585,5.438107013702393,5.694831371307373,5.422311305999756,5.608801364898682,5.821013927459717
2007-06-03,4.093603134155273,4.292203903198242,4.538210868835449,3.6944148540496826,3.857436180114746,4.0999579429626465
2007-06-04,3.372992753982544,3.3337690830230713,3.3434700965881348,3.250082492828369,3.2181613445281982,3.2316854000091553
2007-06-05,2.10798716545105,2.1892662048339844,2.278681516647339,2.1900994777679443,2.259697437286377,2.3377163410186768
2007-06-06,3.085460662841797,3.137868881225586,3.222888469696045,3.0237245559692383,3.0452795028686523,3.08691143989563
2007-06-07,4.90179443359375,5.367020130157471,5.73181676864624,4.986997604370117,5.391246795654297,5.696293830871582
2007-06-08,2.7103374004364014,2.8330202102661133,3.0066657066345215,2.7560653686523438,2.8699333667755127,3.0291662216186523
2007-06-09,2.471229076385498,2.7054994106292725,2.988924264907837,2.5470407009124756,2.7708351612091064,3.0501067638397217
2007-06-10,3.907287120819092,3.9058356285095215,3.855093002319336,3.866581678390503,3.8445818424224854,3.7744932174682617
2007-06-11,2.247728109359741,2.308460235595703,2.3582396507263184,2.310394287109375,2.370779514312744,2.4174163341522217
2007-06-12,2.0286083221435547,2.136655569076538,2.2347190380096436,1.9339697360992432,2.03450083732605,2.125612735748291
2007-06-13,1.9643393754959106,2.0542821884155273,2.185930013656616,2.042090892791748,2.1225152015686035,2.245582103729248
2007-06-14,1.6173731088638306,1.6154893636703491,1.5844697952270508,1.5804102420806885,1.5859479904174805,1.5739423036575317
2007-06-15,1.9550907611846924,2.0722439289093018,2.216820478439331,2.0447158813476562,2.164949417114258,2.304274082183838
2007-06-16,3.0324270725250244,3.1941146850585938,3.361572027206421,2.8837485313415527,3.004769802093506,3.137596607208252
2007-06-17,3.952738046646118,4.019765377044678,4.126818656921387,3.802318572998047,3.8533132076263428,3.9352798461914062
2007-06-18,4.523948669433594,4.539876937866211,4.6280059814453125,4.6658501625061035,4.6530985832214355,4.680080890655518
2007-06-19,2.9322874546051025,2.9711029529571533,3.0022435188293457,2.997541904449463,3.034393310546875,3.0454704761505127
2007-06-20,2.9638655185699463,2.9568450450897217,2.952029228210449,3.0419833660125732,3.042316436767578,3.054513692855835
2007-06-21,2.8983545303344727,2.947592258453369,2.9754791259765625,2.857426166534424,2.917008399963379,2.9606833457946777
2007-06-22,2.9154772758483887,3.0118067264556885,3.0468215942382812,2.837799549102783,2.9189093112945557,2.9456868171691895
2007-06-23,1.4286725521087646,1.5858594179153442,1.9281854629516602,1.6084500551223755,1.729111671447754,1.9884518384933472
2007-06-24,3.212737798690796,3.294246196746826,3.3792104721069336,3.216702938079834,3.2902185916900635,3.365556478500366
2007-06-25,4.136417388916016,4.204030513763428,4.27429723739624,4.134364128112793,4.189452171325684,4.247615814208984
2007-06-26,3.256500005722046,3.2691268920898438,3.2897095680236816,3.2136640548706055,3.2246692180633545,3.232391119003296
2007-06-27,3.509401798248291,3.679374933242798,3.8614795207977295,3.6242289543151855,3.7772552967071533,3.9088189601898193
2007-06-28,3.530769109725952,3.5119779109954834,3.5858733654022217,3.6265432834625244,3.583550214767456,3.598912239074707
2007-06-29,1.6087943315505981,1.7609189748764038,2.0122320652008057,1.649688482284546,1.7533800601959229,1.9370248317718506
2007-06-30,1.4037686586380005,1.4377011060714722,1.473038673400879,1.3927240371704102,1.4050334692001343,1.417716145515442
2007-07-01,2.957871675491333,3.061674118041992,3.1682822704315186,2.982753038406372,3.068380117416382,3.146796703338623
2007-07-02,2.6959145069122314,2.779855251312256,2.898404836654663,2.6641530990600586,2.740250825881958,2.8336379528045654
2007-07-03,2.5232248306274414,2.567469835281372,2.6205291748046875,2.5546987056732178,2.5909199714660645,2.622356414794922
2007-07-04,1.8608912229537964,2.0011980533599854,2.227660655975342,1.9432835578918457,2.0699985027313232,2.271923780441284
2007-07-05,2.6804230213165283,2.793023109436035,2.9117817878723145,2.6829946041107178,2.775289535522461,2.8739922046661377
2007-07-06,4.922079563140869,5.024761199951172,5.151063919067383,4.96531867980957,5.038848876953125,5.12992525100708
2007-07-07,1.603805661201477,1.6865124702453613,1.8035677671432495,1.6624184846878052,1.7380613088607788,1.8317170143127441
2007-07-08,3.646639347076416,3.7112302780151367,3.8302996158599854,3.6375510692596436,3.7034215927124023,3.803243637084961
2007-07-09,3.5302205085754395,3.6169490814208984,3.6799752712249756,3.5976691246032715,3.667602062225342,3.719860315322876
2007-07-10,1.8757404088974,1.8881710767745972,1.9432733058929443,1.943784236907959,1.9540213346481323,2.0022473335266113
2007-07-11,3.2209582328796387,3.269338607788086,3.3471057415008545,3.2623910903930664,3.296680450439453,3.3485186100006104
2007-07-12,4.071255207061768,4.160070419311523,4.2523322105407715,4.099851608276367,4.180347919464111,4.2634663581848145
2007-07-13,4.167728424072266,4.278589248657227,4.410068511962891,4.109554290771484,4.202346324920654,4.312003135681152
2007-07-14,3.4114439487457275,3.5092380046844482,3.6016812324523926,3.398452043533325,3.4908268451690674,3.5755226612091064
2007-07-15,1.5430735349655151,1.6190855503082275,1.691239356994629,1.4391549825668335,1.5015126466751099,1.5690362453460693
2007-07-16,3.283944845199585,3.442089557647705,3.6495110988616943,3.1800150871276855,3.308835983276367,3.4733657836914062
2007-07-17,2.9031825065612793,3.077430009841919,3.2174532413482666,2.7380447387695312,2.8898537158966064,3.0279297828674316
2007-07-18,1.2601990699768066,1.2870066165924072,1.3243458271026611,1.2508466243743896,1.2659014463424683,1.2833468914031982
2007-07-19,3.6355020999908447,3.709874153137207,3.772463321685791,3.712867259979248,3.782299757003784,3.8244969844818115
2007-07-20,3.4395148754119873,3.521468162536621,3.6117072105407715,3.491852045059204,3.5662894248962402,3.645693778991699
2007-07-21,2.0944976806640625,2.1660988330841064,2.260998249053955,2.0311546325683594,2.081230878829956,2.1517398357391357
2007-07-22,1.5539151430130005,1.60221529006958,1.652445673942566,1.4817358255386353,1.5282834768295288,1.5707262754440308
2007-07-23,1.6872239112854004,1.7418135404586792,1.8347105979919434,1.7262074947357178,1.7779085636138916,1.867206335067749
2007-07-24,1.6343984603881836,1.6975656747817993,1.7810662984848022,1.6851108074188232,1.7574598789215088,1.8523248434066772
2007-07-25,1.4738627672195435,1.5076929330825806,1.5608075857162476,1.4359982013702393,1.476855993270874,1.5314130783081055
2007-07-26,1.5722932815551758,1.5498863458633423,1.4810069799423218,1.6265922784805298,1.6164829730987549,1.559446096420288
2007-07-27,2.146434783935547,2.2508556842803955,2.4556713104248047,2.2532694339752197,2.325827121734619,2.4759836196899414
2007-07-28,3.519829273223877,3.6157188415527344,3.7664170265197754,3.4980361461639404,3.569688081741333,3.6905722618103027
2007-07-29,2.799691915512085,2.9157755374908447,3.0320537090301514,2.8029074668884277,2.9004383087158203,2.9968724250793457
2007-07-30,2.312695264816284,2.3536524772644043,2.383824348449707,2.17480731010437,2.198179006576538,2.213463306427002
2007-07-31,3.1684062480926514,3.2684834003448486,3.4373016357421875,3.135451316833496,3.2113630771636963,3.3392324447631836
2007-08-01,2.522918701171875,2.5528109073638916,2.5728299617767334,2.6835782527923584,2.718404769897461,2.73795747756958
2007-08-02,1.8369309902191162,1.870145559310913,1.8900082111358643,1.841253638267517,1.846785068511963,1.8423036336898804
2007-08-03,1.8350467681884766,1.8554867506027222,1.8236663341522217,1.7987267971038818,1.8233228921890259,1.8048839569091797
2007-08-04,1.5966213941574097,1.6567431688308716,1.7297478914260864,1.518204689025879,1.5730797052383423,1.6498743295669556
2007-08-05,1.101165771484375,1.189257025718689,1.3335322141647339,1.1145362854003906,1.1794620752334595,1.2937241792678833
2007-08-06,2.964198589324951,2.9533748626708984,2.994967222213745,2.871701717376709,2.8491945266723633,2.8735525608062744
2007-08-07,4.243655204772949,4.320709705352783,4.481956958770752,4.299860000610352,4.348627090454102,4.459813594818115
2007-08-08,3.217618703842163,3.3742287158966064,3.6426069736480713,3.3182613849639893,3.442692279815674,3.648921251296997
2007-08-09,2.472668409347534,2.544860601425171,2.6165120601654053,2.477343797683716,2.534184455871582,2.587517499923706
2007-08-10,1.5771098136901855,1.6251896619796753,1.711692452430725,1.6744985580444336,1.708579659461975,1.7735828161239624
2007-08-11,2.9679415225982666,2.9671530723571777,2.9788453578948975,2.9900360107421875,2.977590322494507,2.9702064990997314
2007-08-12,3.3778023719787598,3.481266975402832,3.622284412384033,3.3832006454467773,3.4645185470581055,3.5793299674987793
2007-08-13,3.6482038497924805,3.713876724243164,3.7953436374664307,3.734487533569336,3.770890951156616,3.812391519546509
2007-08-14,2.194930076599121,2.2267563343048096,2.310317039489746,2.4405689239501953,2.4686427116394043,2.5419933795928955
2007-08-15,2.7411279678344727,2.784641981124878,2.841005563735962,2.6277177333831787,2.6335513591766357,2.646106481552124
2007-08-16,2.1733434200286865,2.276139974594116,2.416370153427124,2.2402987480163574,2.3170034885406494,2.422804355621338
2007-08-17,2.699922561645508,2.745976686477661,2.807921886444092,2.601966619491577,2.6298089027404785,2.6685965061187744
2007-08-18,2.4329986572265625,2.558717727661133,2.697719097137451,2.45314621925354,2.5573039054870605,2.667715311050415
2007-08-19,1.6372673511505127,1.657403588294983,1.732255220413208,1.7209222316741943,1.733601450920105,1.7863003015518188
2007-08-20,2.320270299911499,2.3291594982147217,2.3753955364227295,2.42170786857605,2.4193358421325684,2.4407413005828857
2007-08-21,2.9265310764312744,3.0252604484558105,3.12463641166687,2.9114155769348145,2.9870572090148926,3.0587522983551025
2007-08-22,2.456624746322632,2.3441836833953857,2.26542329788208,2.3818321228027344,2.2765824794769287,2.1999146938323975
2007-08-23,2.7471983432769775,2.844907522201538,2.982011079788208,2.580747365951538,2.6535208225250244,2.7673356533050537
2007-08-24,2.6868209838867188,2.7321906089782715,2.8027870655059814,2.6618731021881104,2.6793036460876465,2.7088465690612793
2007-08-25,4.18131685256958,4.34037971496582,4.527730941772461,4.1517839431762695,4.288852691650391,4.435744762420654
2007-08-26,2.9352238178253174,3.040381669998169,3.1821467876434326,2.9803168773651123,3.063419818878174,3.1796016693115234
2007-08-27,2.743014335632324,2.8680031299591064,3.00506854057312,2.634901523590088,2.738588571548462,2.853189468383789
2007-08-28,1.3967608213424683,1.5097640752792358,1.636177659034729,1.3017473220825195,1.411949634552002,1.53377103805542
2007-08-29,2.443636178970337,2.4711029529571533,2.527275323867798,2.4969124794006348,2.5093631744384766,2.528613328933716
2007-08-30,2.4763221740722656,2.629981756210327,2.7951645851135254,2.520110845565796,2.6597349643707275,2.798914670944214
2007-08-31,0.7993822693824768,0.8183302879333496,0.9265221357345581,0.9725371599197388,1.0045157670974731,1.1101863384246826
2007-09-01,1.2518776655197144,1.2907538414001465,1.3742358684539795,1.2740206718444824,1.2975534200668335,1.3500840663909912
2007-09-02,1.3001898527145386,1.321393370628357,1.3705344200134277,1.29361891746521,1.311667561531067,1.3524359464645386
2007-09-03,2.5444536209106445,2.648139476776123,2.761080741882324,2.626471996307373,2.7186355590820312,2.818206548690796
2007-09-04,2.474276065826416,2.5646157264709473,2.6700868606567383,2.4820213317871094,2.566885471343994,2.6540377140045166
2007-09-05,2.3490748405456543,2.411754846572876,2.4467053413391113,2.2508599758148193,2.273033857345581,2.264690399169922
2007-09-06,3.3371620178222656,3.412686347961426,3.49884033203125,3.431750535964966,3.4851126670837402,3.5260682106018066
2007-09-07,1.6685936450958252,1.775864601135254,1.9320157766342163,1.6762185096740723,1.7888494729995728,1.940316081047058
2007-09-08,2.4615683555603027,2.5227575302124023,2.662672758102417,2.6578927040100098,2.689940929412842,2.7748072147369385
2007-09-09,2.021280288696289,2.1128058433532715,2.2527830600738525,2.2016563415527344,2.294593572616577,2.4185266494750977
2007-09-10,0.6433109641075134,0.6842744946479797,0.7650304436683655,0.6698809266090393,0.7009497284889221,0.7634435892105103
2007-09-11,2.2777256965637207,2.3280224800109863,2.432558059692383,2.2868452072143555,2.3033084869384766,2.3690247535705566
2007-09-12,3.3180429935455322,3.361776828765869,3.488781213760376,3.3339779376983643,3.363084554672241,3.456671714782715
2007-09-13,2.7382566928863525,2.8627443313598633,3.0868136882781982,2.7832229137420654,2.8748912811279297,3.0331015586853027
2007-09-14,2.7054269313812256,2.822427272796631,2.975832939147949,2.707340955734253,2.785038709640503,2.8867039680480957
2007-09-15,4.106187343597412,4.189950466156006,4.237285614013672,4.047408580780029,4.098588466644287,4.108630657196045
2007-09-16,3.8628149032592773,3.9766480922698975,4.137161731719971,3.8680708408355713,3.9581921100616455,4.081890106201172
2007-09-17,3.6072452068328857,3.688534736633301,3.816784381866455,3.5592041015625,3.6168103218078613,3.7111077308654785
2007-09-18,1.485493779182434,1.461442470550537,1.4699254035949707,1.554972767829895,1.5306390523910522,1.5260801315307617
2007-09-19,3.2404448986053467,3.3821442127227783,3.551300048828125,3.0654854774475098,3.1812610626220703,3.325598955154419
2007-09-20,2.080059051513672,2.0923445224761963,2.1929211616516113,2.1923720836639404,2.171945571899414,2.2229247093200684
2007-09-21,3.915215492248535,3.9288175106048584,3.9777135848999023,4.0138092041015625,4.022627830505371,4.0494608879089355
2007-09-22,2.548839807510376,2.59163236618042,2.662104845046997,2.733327865600586,2.779850721359253,2.8362925052642822
2007-09-23,4.376051902770996,4.424061298370361,4.49287748336792,4.290187835693359,4.322653770446777,4.368197917938232
2007-09-24,4.844064712524414,4.835207462310791,4.847886562347412,4.97590446472168,4.954987525939941,4.936480522155762
2007-09-25,1.651163935661316,1.780714511871338,2.02103853225708,1.7297917604446411,1.8326289653778076,2.0217955112457275
2007-09-26,3.3592185974121094,3.4058644771575928,3.439290761947632,3.4146108627319336,3.451462984085083,3.464062213897705
2007-09-27,2.7179641723632812,2.714127779006958,2.7274608612060547,2.8432955741882324,2.841825246810913,2.848809242248535
2007-09-28,2.5033302307128906,2.4804317951202393,2.459852457046509,2.5625247955322266,2.533623456954956,2.5205447673797607
2007-09-29,4.511729717254639,4.679542541503906,4.875209808349609,4.516871452331543,4.659358501434326,4.813512325286865
2007-09-30,1.3089972734451294,1.285049319267273,1.3177815675735474,1.267735242843628,1.2377746105194092,1.2530251741409302
2007-10-01,3.8483715057373047,4.095963954925537,4.345114231109619,3.5080177783966064,3.7397615909576416,3.9990618228912354
2007-10-02,2.5563242435455322,2.7784836292266846,3.0709681510925293,2.3954169750213623,2.5953731536865234,2.8652899265289307
2007-10-03,2.503133773803711,2.538743257522583,2.6278939247131348,2.7532260417938232,2.77327299118042,2.824612617492676
2007-10-04,3.7453033924102783,3.800016403198242,3.834547758102417,3.671159505844116,3.745605707168579,3.8096024990081787
2007-10-05,4.621572971343994,4.78741979598999,4.98360538482666,4.608597755432129,4.751217365264893,4.904592037200928
2007-10-06,2.3753926753997803,2.5519027709960938,2.811307668685913,2.3762900829315186,2.5197913646698,2.7265286445617676
2007-10-07,4.324720859527588,4.419649124145508,4.526025772094727,4.199397563934326,4.271989345550537,4.357671737670898
2007-10-08,2.8176958560943604,2.911417245864868,3.0061168670654297,2.9654312133789062,3.0501015186309814,3.118875741958618
2007-10-09,1.604293942451477,1.6445012092590332,1.7803332805633545,1.7650392055511475,1.787444829940796,1.870413899421692
2007-10-10,3.3825645446777344,3.573864698410034,3.7931160926818848,3.4567384719848633,3.6388516426086426,3.836244821548462
2007-10-11,2.837733745574951,2.8274900913238525,2.873934030532837,2.877405881881714,2.8586559295654297,2.8780148029327393
2007-10-12,3.3617589473724365,3.3519246578216553,3.415283441543579,3.4791862964630127,3.4694197177886963,3.511009693145752
2007-10-13,3.182849168777466,3.225252389907837,3.3947718143463135,3.2638068199157715,3.291637659072876,3.4108221530914307
2007-10-14,4.897194862365723,5.055612564086914,5.241678714752197,4.908933162689209,5.057592868804932,5.217001438140869
2007-10-15,4.751488208770752,4.77631139755249,4.847997188568115,4.861313819885254,4.8448028564453125,4.850519180297852
2007-10-16,4.479259014129639,4.60618782043457,4.752868175506592,4.5964579582214355,4.703860282897949,4.821985721588135
2007-10-17,1.4498227834701538,1.49091374874115,1.5815181732177734,1.4261006116867065,1.4531444311141968,1.5172219276428223
2007-10-18,4.669651508331299,4.837254524230957,5.0870890617370605,4.865477085113525,5.001090049743652,5.1720404624938965
2007-10-19,1.9049915075302124,1.8330638408660889,1.7398799657821655,1.8576112985610962,1.7871372699737549,1.6984213590621948
2007-10-20,3.7379748821258545,3.6596732139587402,3.5873444080352783,3.8003151416778564,3.718592405319214,3.631000280380249
2007-10-21,5.138637542724609,5.193654537200928,5.294613361358643,5.057340621948242,5.083542346954346,5.1454901695251465
2007-10-22,4.76275634765625,4.870419979095459,5.021742820739746,4.690778732299805,4.781872272491455,4.909868240356445
2007-10-23,2.873471975326538,2.8947184085845947,2.9558494091033936,2.9172255992889404,2.915292739868164,2.945183515548706
2007-10-24,5.108981132507324,5.1230292320251465,5.137034893035889,5.204193592071533,5.213831424713135,5.218297004699707
2007-10-25,2.744469165802002,3.0081241130828857,3.401339054107666,2.8107759952545166,3.047874689102173,3.3929920196533203
2007-10-26,1.6395297050476074,1.6419434547424316,1.6932423114776611,1.677858591079712,1.6650886535644531,1.6845893859863281
2007-10-27,2.408233642578125,2.4021103382110596,2.4441823959350586,2.262256622314453,2.281187057495117,2.341200113296509
2007-10-28,2.5314581394195557,2.6028730869293213,2.703904628753662,2.327115297317505,2.3785390853881836,2.464350700378418
2007-10-29,3.0053164958953857,2.9784891605377197,3.0662643909454346,3.371460437774658,3.340196371078491,3.3690598011016846
2007-10-30,3.6516594886779785,3.732255458831787,3.9247684478759766,3.724745988845825,3.7680625915527344,3.9069647789001465
2007-10-31,6.862665176391602,7.209224700927734,7.807427406311035,6.862527847290039,7.1434149742126465,7.607564926147461
2007-11-01,5.02049446105957,5.103437900543213,5.232119083404541,4.862242221832275,4.911538600921631,5.011887073516846
2007-11-02,3.5324018001556396,3.581932544708252,3.6402201652526855,3.626462697982788,3.656825065612793,3.6864523887634277
2007-11-03,2.9166595935821533,3.108367681503296,3.35970401763916,2.784658193588257,2.9514148235321045,3.17160701751709
2007-11-04,1.3514424562454224,1.3710123300552368,1.444465160369873,1.4667434692382812,1.4527164697647095,1.4643839597702026
2007-11-05,1.9845197200775146,1.9966331720352173,2.032186508178711,2.040862798690796,2.062812328338623,2.0987937450408936
2007-11-06,2.4797403812408447,2.5158703327178955,2.582305908203125,2.3753912448883057,2.3891186714172363,2.4222495555877686
2007-11-07,3.6877853870391846,3.8137619495391846,3.9406189918518066,3.3411290645599365,3.422149181365967,3.5088608264923096
2007-11-08,2.6970057487487793,2.82297682762146,2.972445249557495,2.488496780395508,2.5994937419891357,2.740077018737793
2007-11-09,1.8452924489974976,1.7994681596755981,1.7918944358825684,2.0030629634857178,1.950566291809082,1.92046058177948
2007-11-10,1.5965821743011475,1.639106273651123,1.7161469459533691,1.612826943397522,1.6259121894836426,1.6690962314605713
2007-11-11,2.50307035446167,2.5633914470672607,2.692817449569702,2.629977226257324,2.679680347442627,2.7774524688720703
2007-11-12,2.2482190132141113,2.35552716255188,2.4985852241516113,2.2762820720672607,2.3663251399993896,2.4808857440948486
2007-11-13,1.5159645080566406,1.5433274507522583,1.5879708528518677,1.28553307056427,1.2908899784088135,1.324792504310608
2007-11-14,3.2735366821289062,3.3440423011779785,3.455573320388794,3.5775768756866455,3.6172690391540527,3.668623685836792
2007-11-15,6.277257442474365,6.305087566375732,6.467897891998291,6.337802886962891,6.324038505554199,6.423853874206543
2007-11-16,3.4712953567504883,3.586984395980835,3.7874839305877686,3.5118954181671143,3.603227376937866,3.7529098987579346
2007-11-17,1.5830061435699463,1.6061497926712036,1.68631112575531,1.7230870723724365,1.7134926319122314,1.7507930994033813
2007-11-18,4.600510597229004,4.638246536254883,4.7769365310668945,4.775338172912598,4.795806407928467,4.880488395690918
2007-11-19,5.302387237548828,5.253375053405762,5.243133068084717,5.426814079284668,5.346171855926514,5.269612789154053
2007-11-20,4.594783306121826,4.41569185256958,4.288337230682373,4.806924819946289,4.624192237854004,4.458431720733643
2007-11-21,4.688929080963135,4.5791449546813965,4.475385665893555,4.8063507080078125,4.701556205749512,4.598750591278076
2007-11-22,3.79999041557312,3.8313863277435303,3.8398056030273438,3.8933732509613037,3.9149692058563232,3.9170405864715576
2007-11-23,5.2646379470825195,5.332944393157959,5.3198466300964355,5.263069152832031,5.3394083976745605,5.322164058685303
2007-11-24,2.4642467498779297,2.6047377586364746,2.8709864616394043,2.470928192138672,2.556593179702759,2.7409603595733643
2007-11-25,3.5780181884765625,3.668473720550537,3.7386558055877686,3.3912994861602783,3.4822771549224854,3.566948175430298
2007-11-26,5.146974563598633,5.428272247314453,5.724485397338867,5.067269325256348,5.293307781219482,5.520248889923096
2007-11-27,3.7941884994506836,4.071213245391846,4.474611759185791,3.6263864040374756,3.873884677886963,4.232245922088623
2007-11-28,1.356384515762329,1.4961458444595337,1.7451030015945435,1.278096318244934,1.4139058589935303,1.6492621898651123
2007-11-29,1.951114296913147,1.8102421760559082,1.7342172861099243,2.151455879211426,1.9948217868804932,1.8670907020568848
2007-11-30,2.0268115997314453,1.9142547845840454,1.768965482711792,1.9658915996551514,1.866565465927124,1.737931728363037
2007-12-01,5.258794784545898,5.267492294311523,5.302761554718018,4.841709613800049,4.845459938049316,4.870388984680176
2007-12-02,5.8728485107421875,6.257352352142334,6.603128910064697,5.316425323486328,5.652388095855713,5.988186836242676
2007-12-03,3.8478500843048096,4.064966678619385,4.5466413497924805,3.8389809131622314,4.012791156768799,4.397173881530762
2007-12-04,3.267216920852661,3.2624576091766357,3.314195394515991,3.4124948978424072,3.4248108863830566,3.4583489894866943
2007-12-05,5.040209770202637,5.145526885986328,5.259786605834961,5.086121082305908,5.168765068054199,5.248675346374512
2007-12-06,6.073091983795166,6.4270548820495605,6.840470314025879,6.104807376861572,6.430990219116211,6.78577995300293
2007-12-07,4.597698211669922,4.663728713989258,4.657122611999512,4.751439571380615,4.809017658233643,4.764404296875
2007-12-08,4.075084209442139,4.146197319030762,4.299190521240234,4.088612079620361,4.152832984924316,4.284618377685547
2007-12-09,4.757809162139893,4.86870813369751,5.129458904266357,4.602020263671875,4.68782377243042,4.921724319458008
2007-12-10,9.678768157958984,9.728559494018555,9.851066589355469,9.764649391174316,9.772783279418945,9.835962295532227
2007-12-11,7.672409534454346,7.770015716552734,7.914809226989746,7.631906986236572,7.7236127853393555,7.853514194488525
2007-12-12,3.2982521057128906,3.410111904144287,3.5498547554016113,3.5028040409088135,3.6494927406311035,3.8249073028564453
2007-12-13,5.497443199157715,5.630390167236328,5.930064678192139,5.324671268463135,5.4683427810668945,5.763020038604736
2007-12-14,6.002143859863281,6.058199882507324,6.1271185874938965,5.913919925689697,5.973359107971191,6.079009056091309
2007-12-15,7.123213768005371,7.264883041381836,7.365963935852051,7.145355224609375,7.262125015258789,7.357655048370361
2007-12-16,4.988575458526611,5.06636905670166,5.180685043334961,4.935312747955322,5.004867076873779,5.112253665924072
2007-12-17,2.97072434425354,3.023021697998047,3.127896547317505,3.011232376098633,3.041393280029297,3.114187240600586
2007-12-18,3.668009042739868,3.753664970397949,3.854619026184082,3.706108808517456,3.7862720489501953,3.884241819381714
2007-12-19,3.668147325515747,3.723820924758911,3.89544415473938,3.933675527572632,3.9802443981170654,4.122293472290039
2007-12-20,6.988531112670898,7.288166046142578,7.612269878387451,6.899211406707764,7.1733317375183105,7.467306137084961
2007-12-21,3.0762522220611572,3.2092173099517822,3.4021694660186768,3.1992478370666504,3.301825523376465,3.449087619781494
2007-12-22,3.7547130584716797,3.84340500831604,3.9774246215820312,3.798769950866699,3.877549171447754,4.006236553192139
2007-12-23,3.769050121307373,3.8411471843719482,3.923133134841919,3.710808515548706,3.7759876251220703,3.8480722904205322
2007-12-24,2.424443006515503,2.5610055923461914,2.7876691818237305,2.3348746299743652,2.4407906532287598,2.6176979541778564
2007-12-25,3.7032711505889893,3.7213215827941895,3.7755510807037354,3.80047607421875,3.797548294067383,3.840888023376465
2007-12-26,1.6946531534194946,1.7148033380508423,1.7926338911056519,1.8559010028839111,1.8742231130599976,1.9509620666503906
2007-12-27,7.394853591918945,7.445417881011963,7.589674472808838,7.491208553314209,7.525239944458008,7.617063522338867
2007-12-28,7.5051045417785645,7.804696559906006,8.229948043823242,7.251014232635498,7.531777858734131,7.919795036315918
2007-12-29,3.2271335124969482,3.3045079708099365,3.419205904006958,3.1810550689697266,3.263293504714966,3.3698811531066895
2007-12-30,4.179453372955322,4.241502285003662,4.277975559234619,4.14934778213501,4.205109596252441,4.21946907043457
2007-12-31,2.097578287124634,2.117358446121216,2.1622157096862793,2.1491198539733887,2.161194324493408,2.1945066452026367
2008-01-01,4.4739837646484375,4.4467339515686035,4.45846700668335,4.612701892852783,4.570217609405518,4.564692497253418
2008-01-02,6.550470352172852,6.532901763916016,6.621298789978027,6.827981948852539,6.808004379272461,6.857967376708984
2008-01-03,5.341233730316162,5.6231255531311035,5.984113693237305,5.214305400848389,5.470757007598877,5.797983169555664
2008-01-04,4.72606897354126,4.967213153839111,5.316636085510254,4.539368629455566,4.754478931427002,5.066793918609619
2008-01-05,3.5890612602233887,3.711461305618286,3.850253105163574,3.6399595737457275,3.737804889678955,3.8457865715026855
2008-01-06,5.733569145202637,5.765175819396973,5.824338912963867,5.768007755279541,5.768337249755859,5.782398223876953
2008-01-07,3.8046164512634277,3.8945696353912354,4.020878791809082,3.7303354740142822,3.8098130226135254,3.923929214477539
2008-01-08,1.7771769762039185,1.8309640884399414,1.9350905418395996,1.7701653242111206,1.8060463666915894,1.8857967853546143
2008-01-09,2.3415939807891846,2.376680612564087,2.4511594772338867,2.4440758228302,2.481177568435669,2.5534310340881348
2008-01-10,5.343357086181641,5.4909491539001465,5.672513961791992,5.358275890350342,5.488602638244629,5.642037868499756
2008-01-11,5.72910737991333,5.7587080001831055,5.84804630279541,5.744742393493652,5.7590131759643555,5.823009014129639
2008-01-12,8.79262924194336,8.794710159301758,8.930944442749023,8.920742988586426,8.906697273254395,9.017128944396973
2008-01-13,6.797362327575684,6.997422218322754,7.294713497161865,6.848695278167725,7.029536247253418,7.276629447937012
2008-01-14,6.115389347076416,6.310471057891846,6.535519599914551,6.069272994995117,6.220874786376953,6.409299373626709
2008-01-15,3.1397767066955566,3.017622709274292,3.0569422245025635,3.0988781452178955,2.9620988368988037,2.974576473236084
2008-01-16,6.706374168395996,6.598353862762451,6.594146251678467,6.79099702835083,6.638880729675293,6.554623126983643
2008-01-17,4.858782768249512,4.878658294677734,5.015682220458984,5.149729251861572,5.159866809844971,5.255434989929199
2008-01-18,3.8944191932678223,3.9628546237945557,4.069949150085449,3.9721686840057373,4.076542854309082,4.207924842834473
2008-01-19,6.225273609161377,6.232430934906006,6.308207988739014,6.185886383056641,6.1800665855407715,6.220708847045898
2008-01-20,7.769484519958496,7.919448375701904,8.105406761169434,7.7538347244262695,7.857470989227295,8.02133846282959
2008-01-21,3.3026790618896484,3.3833870887756348,3.405254602432251,3.1438825130462646,3.237030506134033,3.2900655269622803
2008-01-22,5.8231587409973145,5.867462158203125,5.9835076332092285,6.014368534088135,6.045088768005371,6.1286444664001465
2008-01-23,4.750574111938477,4.854685306549072,4.981860160827637,4.769591808319092,4.832000732421875,4.9260172843933105
2008-01-24,3.498725652694702,3.5572173595428467,3.641115427017212,3.5213630199432373,3.529691219329834,3.541147470474243
2008-01-25,3.4942426681518555,3.527108669281006,3.5971150398254395,3.455568552017212,3.4881627559661865,3.535647392272949
2008-01-26,3.4718379974365234,3.503843307495117,3.5889053344726562,3.341010332107544,3.3553085327148438,3.3874738216400146
2008-01-27,1.6102006435394287,1.6902540922164917,1.886183500289917,1.6908953189849854,1.7643887996673584,1.9288811683654785
2008-01-28,5.039067268371582,5.15890645980835,5.355928897857666,4.93361234664917,5.060693264007568,5.245723724365234
2008-01-29,3.237719774246216,3.515275239944458,4.013624668121338,2.9890334606170654,3.211252212524414,3.625275135040283
2008-01-30,3.6631550788879395,3.5755057334899902,3.5425586700439453,3.8273961544036865,3.7581093311309814,3.7365787029266357
2008-01-31,5.6351237297058105,5.876953601837158,6.088807582855225,5.6349101066589355,5.89500617980957,6.124526023864746
2008-02-01,5.664801120758057,5.7313408851623535,5.939296245574951,5.57930850982666,5.6242194175720215,5.796684265136719
2008-02-02,8.24475383758545,8.324928283691406,8.445199012756348,8.433009147644043,8.494443893432617,8.598795890808105
2008-02-03,4.887617111206055,5.127137184143066,5.376795291900635,4.9769368171691895,5.185264587402344,5.420528411865234
2008-02-04,2.4029428958892822,2.3690292835235596,2.3588857650756836,2.136162757873535,2.0894713401794434,2.0569496154785156
2008-02-05,1.1217178106307983,1.2203224897384644,1.4235464334487915,1.3130857944488525,1.4024763107299805,1.5743882656097412
2008-02-06,3.1877150535583496,3.255401611328125,3.2627384662628174,3.049088954925537,3.06475830078125,3.0387744903564453
2008-02-07,3.738776445388794,3.928225040435791,4.188117504119873,3.5725138187408447,3.709171772003174,3.924410343170166
2008-02-08,4.837751865386963,5.03946590423584,5.278689861297607,4.691536903381348,4.839477062225342,5.024640083312988
2008-02-09,3.9724271297454834,4.165102481842041,4.423933029174805,3.844275712966919,3.9981048107147217,4.201368808746338
2008-02-10,4.257415771484375,4.383211135864258,4.59295129776001,4.379072189331055,4.4323649406433105,4.547714710235596
2008-02-11,3.0835697650909424,3.0701892375946045,3.1142780780792236,3.3551137447357178,3.3135461807250977,3.326071262359619
2008-02-12,4.6180548667907715,4.633815288543701,4.6338677406311035,4.534590244293213,4.509744644165039,4.473301410675049
2008-02-13,7.072105407714844,7.155921936035156,7.311825275421143,7.057384967803955,7.095111846923828,7.188908576965332
2008-02-14,3.9850335121154785,4.117607116699219,4.31085729598999,3.9690327644348145,4.072911739349365,4.21298360824585
2008-02-15,5.856609344482422,5.9327569007873535,6.102555751800537,5.91153621673584,5.9564032554626465,6.081531524658203
2008-02-16,3.9774417877197266,4.069041728973389,4.215847492218018,4.05487060546875,4.126091480255127,4.240355968475342
2008-02-17,5.275921821594238,5.462512969970703,5.763639450073242,5.08337926864624,5.231897830963135,5.473490238189697
2008-02-18,4.006365776062012,4.156308174133301,4.341893196105957,3.8769917488098145,4.016966819763184,4.1813178062438965
2008-02-19,2.603416681289673,2.6433522701263428,2.721811532974243,2.631218671798706,2.684199094772339,2.755274772644043
2008-02-20,5.245081424713135,5.268614292144775,5.365778923034668,5.314121723175049,5.3123273849487305,5.345458984375
2008-02-21,5.020590305328369,5.085079669952393,5.14521598815918,5.1884379386901855,5.259500503540039,5.330567836761475
2008-02-22,4.398275375366211,4.419397354125977,4.545873165130615,4.540349960327148,4.567372798919678,4.638698101043701
2008-02-23,8.289590835571289,8.32621955871582,8.442110061645508,8.529166221618652,8.542179107666016,8.587189674377441
2008-02-24,5.510469913482666,5.776946067810059,6.0970892906188965,5.556180953979492,5.7998480796813965,6.0728759765625
2008-02-25,4.476311206817627,4.483534812927246,4.492371082305908,4.145655632019043,4.136567115783691,4.13880729675293
2008-02-26,7.013125419616699,7.124533176422119,7.28753662109375,7.118705749511719,7.226598262786865,7.3805832862854
2008-02-27,3.372248888015747,3.445002794265747,3.606841564178467,3.4469950199127197,3.490313768386841,3.576241970062256
2008-02-28,3.8361570835113525,3.9079277515411377,4.047590732574463,3.9994730949401855,4.046835899353027,4.11924409866333
2008-02-29,,,,,,
2008-03-01,4.320709228515625,4.474747180938721,4.698474884033203,4.247391223907471,4.387213706970215,4.583002090454102
2008-03-02,3.315575361251831,3.2325243949890137,3.2330129146575928,3.434720277786255,3.32625412940979,3.2974369525909424
2008-03-03,5.194557189941406,5.225800037384033,5.352458477020264,5.2956743240356445,5.326489448547363,5.439772605895996
2008-03-04,5.79392147064209,6.070448398590088,6.462427139282227,5.837728500366211,6.092451572418213,6.433486461639404
2008-03-05,3.086207628250122,3.1467349529266357,3.3457674980163574,3.1689870357513428,3.2109766006469727,3.3540594577789307
2008-03-06,7.545068264007568,7.623170852661133,7.7944159507751465,7.66504430770874,7.704972743988037,7.810921669006348
2008-03-07,5.16970682144165,5.42446756362915,5.747349262237549,5.27650260925293,5.498382091522217,5.772037029266357
2008-03-08,5.288943767547607,5.268543243408203,5.379729747772217,5.234706878662109,5.196056365966797,5.285037040710449
2008-03-09,5.83974552154541,6.008105278015137,6.259529113769531,5.909751892089844,6.03440523147583,6.234922885894775
2008-03-10,4.838454723358154,4.855529308319092,4.975552558898926,4.708570957183838,4.6707539558410645,4.727324962615967
2008-03-11,6.611446857452393,6.6850905418396,6.8595709800720215,6.564639091491699,6.598927974700928,6.715581893920898
2008-03-12,5.463226795196533,5.626121520996094,5.835297584533691,5.309489727020264,5.4312262535095215,5.627068519592285
2008-03-13,1.628674864768982,1.6568500995635986,1.7559865713119507,1.8299260139465332,1.8476345539093018,1.9264240264892578
2008-03-14,2.091525077819824,2.174553394317627,2.327420473098755,1.9854189157485962,2.059807777404785,2.1940832138061523
2008-03-15,3.5868616104125977,3.7713351249694824,4.055088520050049,3.3493173122406006,3.5398147106170654,3.8501062393188477
2008-03-16,5.213980197906494,5.317430019378662,5.484947204589844,5.169366836547852,5.2657976150512695,5.4245500564575195
2008-03-17,4.52052640914917,4.664226531982422,4.849937915802002,4.437298774719238,4.5537614822387695,4.708957195281982
2008-03-18,3.076648473739624,3.0851783752441406,3.2107644081115723,3.3413009643554688,3.362771511077881,3.4455997943878174
2008-03-19,1.7635626792907715,1.7883362770080566,1.8651987314224243,1.7954579591751099,1.795819640159607,1.8442444801330566
2008-03-20,4.386879920959473,4.433998107910156,4.52476167678833,4.577934741973877,4.616814136505127,4.676855087280273
2008-03-21,6.158393383026123,6.312974452972412,6.5478034019470215,6.4341583251953125,6.59011697769165,6.78203010559082
2008-03-22,3.3292431831359863,3.3611948490142822,3.479475259780884,3.3114964962005615,3.358273983001709,3.4807493686676025
2008-03-23,3.795520305633545,3.738311767578125,3.7683265209198,3.7585079669952393,3.6821343898773193,3.6848301887512207
2008-03-24,3.534550905227661,3.5352137088775635,3.558711528778076,3.826819658279419,3.8495402336120605,3.878113269805908
2008-03-25,5.3779377937316895,5.416733741760254,5.473735809326172,5.301687717437744,5.328239440917969,5.373429298400879
2008-03-26,4.492160797119141,4.57053804397583,4.655464172363281,4.755980014801025,4.82396125793457,4.880924224853516
2008-03-27,3.205400228500366,3.315392017364502,3.4413626194000244,3.4997634887695312,3.614037275314331,3.733553409576416
2008-03-28,1.463335394859314,1.3977372646331787,1.3910290002822876,1.528315544128418,1.453307032585144,1.4226350784301758
2008-03-29,4.384450912475586,4.396708965301514,4.4389967918396,4.075575828552246,4.093930244445801,4.144806385040283
2008-03-30,7.879352569580078,8.019177436828613,8.199358940124512,7.750588417053223,7.856955051422119,7.98505163192749
2008-03-31,6.4196457862854,6.544220924377441,6.7053351402282715,6.2836737632751465,6.4032440185546875,6.538341045379639
2008-04-01,2.444948196411133,2.5244786739349365,2.643031358718872,2.5218594074249268,2.5906238555908203,2.6950902938842773
2008-04-02,4.2204813957214355,4.262055397033691,4.376787185668945,4.139283657073975,4.167868137359619,4.255238056182861
2008-04-03,5.561481475830078,5.61567497253418,5.694324970245361,5.515933990478516,5.566037178039551,5.631829738616943
2008-04-04,3.092987298965454,3.1972873210906982,3.3529858589172363,3.1521289348602295,3.23637318611145,3.368533134460449
2008-04-05,1.3717265129089355,1.3397115468978882,1.3684120178222656,1.3150290250778198,1.2830955982208252,1.3268717527389526
2008-04-06,5.745212554931641,5.8002753257751465,5.868210315704346,5.759945869445801,5.811705112457275,5.880588531494141
2008-04-07,5.713253974914551,5.778444290161133,5.855972766876221,5.497040748596191,5.545440673828125,5.607954978942871
2008-04-08,3.4453885555267334,3.5017261505126953,3.5422844886779785,3.5039925575256348,3.547764301300049,3.562967300415039
2008-04-09,4.956814289093018,4.965507507324219,5.002917766571045,4.891933441162109,4.886040687561035,4.9067254066467285
2008-04-10,5.45684814453125,5.621780872344971,5.856816291809082,5.528289794921875,5.678053855895996,5.88060188293457
2008-04-11,2.8176867961883545,2.9308671951293945,3.0827653408050537,2.9185824394226074,3.0296449661254883,3.1826179027557373
2008-04-12,3.043316602706909,3.21531081199646,3.415024757385254,3.245832681655884,3.3969149589538574,3.552832841873169
2008-04-13,2.586106777191162,2.7746901512145996,3.043160915374756,2.4828546047210693,2.6778857707977295,2.989743709564209
2008-04-14,3.851623773574829,3.7922544479370117,3.5924806594848633,3.976733684539795,3.922921657562256,3.7191946506500244
2008-04-15,3.8167567253112793,3.8244469165802,3.82254958152771,3.939352035522461,3.9558463096618652,3.9469709396362305
2008-04-16,2.6436805725097656,2.673659324645996,2.6680541038513184,2.720487356185913,2.7558906078338623,2.7676777839660645
2008-04-17,5.523480415344238,5.567905426025391,5.595733165740967,5.500267505645752,5.509860992431641,5.489307403564453
2008-04-18,4.745910167694092,4.840297222137451,4.926514148712158,4.824018955230713,4.8973469734191895,4.945008754730225
2008-04-19,3.6984598636627197,3.6622724533081055,3.648341655731201,3.7013747692108154,3.669687509536743,3.658522844314575
2008-04-20,4.338554382324219,4.381903648376465,4.367964744567871,4.248114585876465,4.277431488037109,4.239954948425293
2008-04-21,2.9026706218719482,2.9511351585388184,3.0074219703674316,2.9787216186523438,3.022637367248535,3.071928024291992
2008-04-22,4.926290988922119,4.955935001373291,4.960347652435303,4.938171863555908,4.970811367034912,4.983256816864014
2008-04-23,7.752397060394287,7.859230995178223,7.964364528656006,7.811906337738037,7.88372802734375,7.936375617980957
2008-04-24,4.0475006103515625,4.151491641998291,4.279605865478516,4.116313457489014,4.209945201873779,4.324869632720947
2008-04-25,4.527223587036133,4.6044111251831055,4.667116641998291,4.081454753875732,4.145627975463867,4.200016021728516
2008-04-26,6.074471473693848,6.163043975830078,6.241278648376465,5.735330104827881,5.800621032714844,5.8610124588012695
2008-04-27,5.281113147735596,5.444497108459473,5.641687870025635,5.1770453453063965,5.335486888885498,5.521427154541016
2008-04-28,2.4720661640167236,2.525575876235962,2.549901008605957,2.5736477375030518,2.6445071697235107,2.6876349449157715
2008-04-29,2.1114628314971924,2.1404619216918945,2.163635015487671,2.0602469444274902,2.084771156311035,2.104308605194092
2008-04-30,1.4984562397003174,1.5351248979568481,1.6500438451766968,1.463846206665039,1.5024019479751587,1.6295086145401
2008-05-01,3.3397843837738037,3.323514223098755,3.3503618240356445,3.3449909687042236,3.346673011779785,3.3565316200256348
2008-05-02,1.504727840423584,1.508841872215271,1.560154914855957,1.799375295639038,1.8403605222702026,1.902613639831543
2008-05-03,4.563369274139404,4.55373477935791,4.506587505340576,4.455589771270752,4.415090084075928,4.334457874298096
2008-05-04,5.346230506896973,5.409064292907715,5.448636531829834,5.285673141479492,5.341835975646973,5.3791961669921875
2008-05-05,4.186965465545654,4.1893744468688965,4.18199348449707,3.9967150688171387,3.9978463649749756,3.996995210647583
2008-05-06,1.184598445892334,1.1971161365509033,1.2500032186508179,1.2116154432296753,1.2102556228637695,1.2436596155166626
2008-05-07,2.827329635620117,2.8415985107421875,2.772688388824463,2.6415774822235107,2.683607578277588,2.6573894023895264
2008-05-08,2.5582101345062256,2.6283178329467773,2.7390317916870117,2.6614880561828613,2.713697671890259,2.802262544631958
2008-05-09,3.260955810546875,3.392167568206787,3.5213000774383545,3.416140079498291,3.5478224754333496,3.674525499343872
2008-05-10,1.37741219997406,1.3688998222351074,1.3919669389724731,1.4831796884536743,1.465981125831604,1.475002408027649
2008-05-11,1.9527524709701538,1.9353461265563965,2.0679478645324707,1.8908113241195679,1.8492926359176636,1.9499362707138062
2008-05-12,4.589125633239746,4.639908790588379,4.6916279792785645,4.612136363983154,4.665700912475586,4.7174248695373535
2008-05-13,2.4347312450408936,2.5276403427124023,2.6649348735809326,2.307096481323242,2.3809943199157715,2.496401309967041
2008-05-14,2.9251997470855713,3.0182831287384033,3.143040895462036,2.8829617500305176,2.948007822036743,3.0371315479278564
2008-05-15,5.094218730926514,5.11294412612915,5.097587585449219,5.138171195983887,5.164560794830322,5.157519340515137
2008-05-16,2.1229348182678223,2.1801373958587646,2.2318320274353027,2.1951606273651123,2.240971088409424,2.2772598266601562
2008-05-17,3.9615402221679688,4.021688461303711,4.145301818847656,3.907193899154663,3.9379568099975586,4.021510124206543
2008-05-18,2.7285425662994385,2.797196626663208,2.878338098526001,2.7773382663726807,2.847360849380493,2.922607660293579
2008-05-19,1.3761711120605469,1.315436840057373,1.2521193027496338,1.3526103496551514,1.2877287864685059,1.2225842475891113
2008-05-20,3.8030881881713867,3.8559927940368652,3.9241344928741455,3.8477373123168945,3.8890485763549805,3.9462151527404785
2008-05-21,3.9351413249969482,3.9544107913970947,3.9663918018341064,3.904221773147583,3.9116370677948,3.907320261001587
2008-05-22,3.7152962684631348,3.652557611465454,3.7271721363067627,3.933497905731201,3.846163272857666,3.842465400695801
2008-05-23,1.691390037536621,1.6771609783172607,1.677187442779541,1.6944506168365479,1.6713805198669434,1.6611703634262085
2008-05-24,2.951306104660034,2.825380802154541,2.660996675491333,3.2026479244232178,3.0802435874938965,2.9118847846984863
2008-05-25,3.640949010848999,3.7737789154052734,3.8797547817230225,3.5097949504852295,3.6301233768463135,3.7303285598754883
2008-05-26,3.5350327491760254,3.5071372985839844,3.374063491821289,3.4592373371124268,3.4399521350860596,3.317359685897827
2008-05-27,3.720444440841675,3.749300003051758,3.790990114212036,3.5976996421813965,3.6319589614868164,3.687160015106201
2008-05-28,2.072779893875122,2.089106321334839,2.1022584438323975,2.1556737422943115,2.1628594398498535,2.1775736808776855
2008-05-29,5.273723125457764,5.418581485748291,5.570671081542969,5.21157169342041,5.336758613586426,5.459499835968018
2008-05-30,3.4565610885620117,3.576550006866455,3.6847481727600098,3.5028023719787598,3.6099603176116943,3.711618423461914
2008-05-31,1.4333845376968384,1.484970211982727,1.5130383968353271,1.4552375078201294,1.5119640827178955,1.5479509830474854
2008-06-01,2.690701484680176,2.728391647338867,2.831976890563965,2.723698854446411,2.7343246936798096,2.802046298980713
2008-06-02,4.443827152252197,4.472013473510742,4.498336315155029,4.532233238220215,4.544431209564209,4.544334888458252
2008-06-03,3.4857516288757324,3.594169855117798,3.7333662509918213,3.5920770168304443,3.700817108154297,3.827418327331543
2008-06-04,4.024447917938232,4.177177429199219,4.30510139465332,3.996983289718628,4.134476184844971,4.241922378540039
2008-06-05,2.3151469230651855,2.3406810760498047,2.40234112739563,2.4100019931793213,2.427584409713745,2.4698972702026367
2008-06-06,2.346482515335083,2.3630192279815674,2.3905630111694336,2.3443381786346436,2.353787660598755,2.3696913719177246
2008-06-07,4.09478759765625,4.115070343017578,4.150430202484131,4.132567405700684,4.144021511077881,4.15361213684082
2008-06-08,4.493730545043945,4.651706695556641,4.827628135681152,4.590551376342773,4.731387615203857,4.881410121917725
2008-06-09,2.486006021499634,2.578688383102417,2.688842296600342,2.6269192695617676,2.699068069458008,2.7841343879699707
2008-06-10,2.155454635620117,2.2092301845550537,2.2530171871185303,2.1521284580230713,2.207392692565918,2.25258469581604
2008-06-11,3.9974002838134766,4.034397602081299,4.097682476043701,4.214248180389404,4.246753692626953,4.304704189300537
2008-06-12,3.7915308475494385,3.910304546356201,4.008251190185547,3.7973978519439697,3.9116499423980713,4.00938606262207
2008-06-13,2.6280112266540527,2.649405002593994,2.711026906967163,2.5124571323394775,2.5193216800689697,2.5617635250091553
2008-06-14,4.875427722930908,4.975731372833252,5.123738765716553,4.935188293457031,5.0249433517456055,5.151998519897461
2008-06-15,2.740469217300415,2.788848400115967,2.8914713859558105,2.6483867168426514,2.688929319381714,2.7640297412872314
2008-06-16,2.2359845638275146,2.2760655879974365,2.313542366027832,2.1984903812408447,2.2415058612823486,2.2879960536956787
2008-06-17,1.5872321128845215,1.6052141189575195,1.625671625137329,1.5217549800872803,1.5449377298355103,1.5759589672088623
2008-06-18,1.3717906475067139,1.4076907634735107,1.4598382711410522,1.5509955883026123,1.5961464643478394,1.6511335372924805
2008-06-19,1.5013827085494995,1.6051011085510254,1.682401418685913,1.5249335765838623,1.612727165222168,1.6674818992614746
2008-06-20,2.434997081756592,2.4951694011688232,2.566155433654785,2.423166513442993,2.4752724170684814,2.536237955093384
2008-06-21,2.8339195251464844,2.9054739475250244,3.0386996269226074,2.8363723754882812,2.8865814208984375,2.9863290786743164
2008-06-22,4.108564853668213,4.145521640777588,4.149532318115234,4.190428256988525,4.222448348999023,4.2364583015441895
2008-06-23,4.329553604125977,4.474365234375,4.64125394821167,4.272562026977539,4.402624130249023,4.548026084899902
2008-06-24,1.6375846862792969,1.7035303115844727,1.786118984222412,1.569932222366333,1.6206088066101074,1.680482268333435
2008-06-25,3.570469856262207,3.6690618991851807,3.781028985977173,3.5099682807922363,3.597482204437256,3.688490390777588
2008-06-26,3.452859878540039,3.521348237991333,3.6035454273223877,3.3622279167175293,3.4157638549804688,3.4838714599609375
2008-06-27,3.673511028289795,3.7887966632843018,3.9013020992279053,3.6803712844848633,3.786517858505249,3.8885419368743896
2008-06-28,2.8245387077331543,2.9049267768859863,3.008645534515381,2.8992860317230225,2.9451470375061035,3.0054712295532227
2008-06-29,2.1144027709960938,2.1710503101348877,2.2226574420928955,2.229992389678955,2.272559404373169,2.307889223098755
2008-06-30,2.7030234336853027,2.7157232761383057,2.701350450515747,2.780485153198242,2.8111493587493896,2.816566228866577
2008-07-01,4.14093017578125,4.169811725616455,4.249067306518555,4.208834648132324,4.2310791015625,4.278191089630127
2008-07-02,4.598912239074707,4.714348316192627,4.840954303741455,4.433839797973633,4.542602062225342,4.662051200866699
2008-07-03,3.5058753490448,3.653562068939209,3.800166368484497,3.465113878250122,3.597715139389038,3.7236945629119873
2008-07-04,2.1697120666503906,2.2992918491363525,2.4303276538848877,2.370454788208008,2.502967119216919,2.63246488571167
2008-07-05,2.1296184062957764,2.104285717010498,2.0879151821136475,2.2985126972198486,2.2493016719818115,2.2070651054382324
2008-07-06,3.1841564178466797,3.304914712905884,3.4645462036132812,3.124537467956543,3.233769178390503,3.3700673580169678
2008-07-07,0.9836028218269348,0.9791915416717529,0.9823559522628784,1.0844144821166992,1.0767512321472168,1.0697404146194458
2008-07-08,2.55759334564209,2.5271859169006348,2.484485387802124,2.7081756591796875,2.6646111011505127,2.6190459728240967
2008-07-09,2.644589424133301,2.6670496463775635,2.7318339347839355,2.6717922687530518,2.6801726818084717,2.721371650695801
2008-07-10,3.534238338470459,3.579211950302124,3.6791059970855713,3.5538294315338135,3.5831246376037598,3.6476004123687744
2008-07-11,2.9597413539886475,3.087778091430664,3.2147629261016846,3.0791006088256836,3.1928679943084717,3.2900876998901367
2008-07-12,1.12653386592865,1.0808017253875732,1.0186033248901367,1.1284478902816772,1.0748655796051025,1.0340152978897095
2008-07-13,2.361928939819336,2.431558132171631,2.391270160675049,2.345271110534668,2.411480665206909,2.415626049041748
2008-07-14,1.1673014163970947,1.165921926498413,1.2147616147994995,1.3045226335525513,1.2872307300567627,1.3053466081619263
2008-07-15,2.333557367324829,2.3720598220825195,2.4219484329223633,2.393110513687134,2.4259161949157715,2.4509754180908203
2008-07-16,2.345241069793701,2.366953134536743,2.385016918182373,2.257089376449585,2.2718677520751953,2.284205198287964
2008-07-17,1.9823514223098755,2.076493501663208,2.173409938812256,2.021803855895996,2.1118690967559814,2.2053062915802
2008-07-18,3.4065284729003906,3.4905781745910645,3.566053867340088,3.4227609634399414,3.4987592697143555,3.575923204421997
2008-07-19,2.0027756690979004,1.9640727043151855,1.9400933980941772,1.9060845375061035,1.8624114990234375,1.825048804283142
2008-07-20,3.6606812477111816,3.751755475997925,3.882964611053467,3.7601842880249023,3.8393425941467285,3.9283716678619385
2008-07-21,2.7367727756500244,2.834526300430298,2.9465835094451904,2.6441078186035156,2.7311782836914062,2.83589243888855
2008-07-22,3.1758739948272705,3.2895243167877197,3.517239809036255,3.1342973709106445,3.2228310108184814,3.398859739303589
2008-07-23,3.8226587772369385,4.017216205596924,4.360576629638672,3.7754828929901123,3.9673564434051514,4.255096912384033
2008-07-24,3.77138090133667,3.9621880054473877,4.1759934425354,3.6642956733703613,3.836435317993164,4.008823394775391
2008-07-25,1.4191694259643555,1.4716624021530151,1.5814348459243774,1.57982337474823,1.6047165393829346,1.6690645217895508
2008-07-26,3.661154270172119,3.737741708755493,3.835576295852661,3.5431675910949707,3.6038966178894043,3.6887357234954834
2008-07-27,2.554769277572632,2.672334671020508,2.871727466583252,2.613941192626953,2.709383964538574,2.864213466644287
2008-07-28,5.579647541046143,5.735610485076904,5.870973110198975,5.5543293952941895,5.67935037612915,5.77482271194458
2008-07-29,2.2340915203094482,2.326957941055298,2.458000421524048,2.3982512950897217,2.4748761653900146,2.570502758026123
2008-07-30,3.350602149963379,3.4089486598968506,3.4577558040618896,3.432529926300049,3.4847521781921387,3.523965358734131
2008-07-31,1.9742345809936523,2.0383214950561523,2.123347520828247,1.9158084392547607,1.9664373397827148,2.0288727283477783
2008-08-01,2.6958343982696533,2.7368712425231934,2.806337594985962,2.5767014026641846,2.605306386947632,2.6599440574645996
2008-08-02,1.1625794172286987,1.1254719495773315,1.0858197212219238,1.205199956893921,1.16236412525177,1.1074557304382324
2008-08-03,2.5527029037475586,2.6554248332977295,2.829665422439575,2.6891889572143555,2.786555051803589,2.9520254135131836
2008-08-04,2.8549258708953857,2.820847272872925,2.769833564758301,2.828502893447876,2.776850461959839,2.714989185333252
2008-08-05,3.3216493129730225,3.3834824562072754,3.4560673236846924,3.462419033050537,3.5031213760375977,3.546325445175171
2008-08-06,2.1401286125183105,2.221982002258301,2.317669630050659,2.2545101642608643,2.322479724884033,2.399916172027588
2008-08-07,3.320241689682007,3.349050998687744,3.4119620323181152,3.47538423538208,3.488162040710449,3.512211561203003
2008-08-08,3.187267780303955,3.2337210178375244,3.281773805618286,3.2258076667785645,3.271725654602051,3.318683385848999
2008-08-09,2.5227460861206055,2.638547658920288,2.7395899295806885,2.529494047164917,2.627985954284668,2.709991931915283
2008-08-10,2.8039355278015137,2.8149492740631104,2.8575713634490967,2.640657901763916,2.6303770542144775,2.632371664047241
2008-08-11,3.0817456245422363,3.1656131744384766,3.2838051319122314,2.933678150177002,2.9989404678344727,3.091148853302002
2008-08-12,3.5106282234191895,3.6151273250579834,3.7136759757995605,3.4338254928588867,3.53025221824646,3.619549036026001
2008-08-13,1.8493783473968506,1.8837721347808838,1.8996273279190063,1.7988921403884888,1.8336302042007446,1.851664423942566
2008-08-14,2.045649766921997,2.1296498775482178,2.342280387878418,2.0544960498809814,2.1057465076446533,2.251462936401367
2008-08-15,4.621060371398926,4.714257717132568,4.825936794281006,4.712234020233154,4.80390739440918,4.89564323425293
2008-08-16,4.2944655418396,4.476531028747559,4.6684651374816895,4.3000946044921875,4.450829029083252,4.602172374725342
2008-08-17,2.6510767936706543,2.818052053451538,3.0410914421081543,2.6370136737823486,2.786536931991577,2.984767198562622
2008-08-18,1.2702851295471191,1.3117469549179077,1.3541828393936157,1.2014778852462769,1.2396390438079834,1.281469464302063
2008-08-19,1.5669182538986206,1.511896014213562,1.4726580381393433,1.5844990015029907,1.5340688228607178,1.4941262006759644
2008-08-20,3.853304386138916,3.8836514949798584,3.9946794509887695,4.021164894104004,4.019965171813965,4.062622547149658
2008-08-21,5.233540058135986,5.372018337249756,5.526926517486572,5.344768047332764,5.472012996673584,5.613540172576904
2008-08-22,2.883113384246826,2.9716343879699707,3.080976724624634,2.9259889125823975,3.0028083324432373,3.086629867553711
2008-08-23,1.3411061763763428,1.4490950107574463,1.5739660263061523,1.3720546960830688,1.4668550491333008,1.5744984149932861
2008-08-24,2.691845655441284,2.7575838565826416,2.8149259090423584,2.6246659755706787,2.6744589805603027,2.6990268230438232
2008-08-25,4.147561550140381,4.1825432777404785,4.2570061683654785,3.9212896823883057,3.9383797645568848,3.970944404602051
2008-08-26,4.110995292663574,4.277810096740723,4.466798305511475,4.016363143920898,4.175018310546875,4.355663776397705
2008-08-27,1.4684158563613892,1.503876805305481,1.5702232122421265,1.5089647769927979,1.5238243341445923,1.5603598356246948
2008-08-28,2.1845319271087646,2.276939630508423,2.404742479324341,2.215289831161499,2.288808822631836,2.3898420333862305
2008-08-29,2.947870969772339,2.9529671669006348,2.981571674346924,2.8826334476470947,2.8792836666107178,2.8893961906433105
2008-08-30,5.434479236602783,5.483340740203857,5.495761394500732,5.408764839172363,5.443652153015137,5.431349277496338
2008-08-31,3.378584623336792,3.4578590393066406,3.562979221343994,3.359229326248169,3.422776460647583,3.4986660480499268
2008-09-01,1.9858049154281616,2.0562191009521484,2.15946888923645,1.9892867803573608,2.035676956176758,2.1039881706237793
2008-09-02,2.4994308948516846,2.6182055473327637,2.785360813140869,2.562177896499634,2.642733335494995,2.7540440559387207
2008-09-03,2.5961618423461914,2.634309768676758,2.726057529449463,2.648847818374634,2.677999258041382,2.754925489425659
2008-09-04,3.3324573040008545,3.350473403930664,3.4001963138580322,3.4027411937713623,3.413559675216675,3.4452085494995117
2008-09-05,3.5427210330963135,3.525131940841675,3.554276466369629,3.546065092086792,3.495925188064575,3.4746837615966797
2008-09-06,4.299724578857422,4.4838056564331055,4.715803146362305,4.237970352172852,4.39190149307251,4.579482078552246
2008-09-07,1.4735370874404907,1.4440401792526245,1.4732106924057007,1.5200774669647217,1.4823572635650635,1.4862451553344727
2008-09-08,2.552372694015503,2.6754000186920166,2.8475046157836914,2.536652088165283,2.62577486038208,2.7560458183288574
2008-09-09,4.504460334777832,4.58220100402832,4.742705345153809,4.666428565979004,4.724847316741943,4.828830718994141
2008-09-10,2.9708609580993652,3.115337371826172,3.2877464294433594,3.0330634117126465,3.167881488800049,3.3215746879577637
2008-09-11,1.7609273195266724,1.7843705415725708,1.881482720375061,2.0221869945526123,2.038921594619751,2.1056830883026123
2008-09-12,1.5696721076965332,1.6138778924942017,1.6895636320114136,1.6756678819656372,1.7207130193710327,1.7911083698272705
2008-09-13,2.5697133541107178,2.5285794734954834,2.4815292358398438,2.792525291442871,2.738131284713745,2.6590943336486816
2008-09-14,2.231822967529297,2.173947334289551,2.2626900672912598,2.3326590061187744,2.267054319381714,2.3401737213134766
2008-09-15,5.524803638458252,5.6129350662231445,5.761271953582764,5.592868328094482,5.662937641143799,5.774027347564697
2008-09-16,5.063885688781738,5.213476657867432,5.408056259155273,5.083108901977539,5.208163261413574,5.357396125793457
2008-09-17,3.316484212875366,3.4399783611297607,3.6131751537323,3.189603090286255,3.2971811294555664,3.4376537799835205
2008-09-18,1.1095677614212036,1.1136291027069092,1.1982604265213013,1.198211908340454,1.1826622486114502,1.239762306213379
2008-09-19,3.4539318084716797,3.477132558822632,3.5516114234924316,3.498978614807129,3.4970314502716064,3.5316872596740723
2008-09-20,2.2714991569519043,2.1853275299072266,2.101511240005493,2.3736588954925537,2.2799038887023926,2.2069191932678223
2008-09-21,2.7593741416931152,2.829096794128418,2.905135154724121,2.588178873062134,2.641873598098755,2.6961307525634766
2008-09-22,2.6338841915130615,2.7642199993133545,2.917407512664795,2.6412622928619385,2.7368390560150146,2.814032554626465
2008-09-23,3.538196563720703,3.636216640472412,3.7597219944000244,3.6220831871032715,3.6882846355438232,3.7529776096343994
2008-09-24,5.401252269744873,5.576269626617432,5.812147617340088,5.307838439941406,5.452911853790283,5.638420581817627
2008-09-25,3.174999713897705,3.3287131786346436,3.5459251403808594,3.283229351043701,3.4064183235168457,3.568650484085083
2008-09-26,3.538968801498413,3.7002081871032715,3.9105446338653564,3.6059510707855225,3.7441799640655518,3.9176433086395264
2008-09-27,2.3126988410949707,2.3429198265075684,2.390693426132202,2.439987897872925,2.4555234909057617,2.4803202152252197
2008-09-28,3.1971607208251953,3.2204744815826416,3.279080629348755,3.371784210205078,3.3861920833587646,3.4196832180023193
2008-09-29,3.2852020263671875,3.3294644355773926,3.357344627380371,3.3791110515594482,3.4212656021118164,3.4390347003936768
2008-09-30,2.172045946121216,2.1982038021087646,2.221910238265991,2.144678831100464,2.1597557067871094,2.169623613357544
2008-10-01,4.9899187088012695,5.084713459014893,5.260099411010742,4.911528587341309,4.964632987976074,5.071506500244141
2008-10-02,3.84261417388916,4.026719093322754,4.255513668060303,3.739891529083252,3.8940162658691406,4.081022262573242
2008-10-03,1.84024977684021,1.9134290218353271,2.0344350337982178,1.839971899986267,1.8768787384033203,1.9474247694015503
2008-10-04,4.510315418243408,4.51113748550415,4.577681064605713,4.545267105102539,4.526125907897949,4.552819728851318
2008-10-05,6.5589823722839355,6.687591552734375,6.801919937133789,6.766217231750488,6.9034037590026855,7.022959232330322
2008-10-06,4.037848472595215,4.1221466064453125,4.253228664398193,3.9133217334747314,3.967257022857666,4.050106048583984
2008-10-07,5.3478803634643555,5.3683366775512695,5.359953880310059,5.402429580688477,5.409559726715088,5.384113788604736
2008-10-08,3.5626752376556396,3.714385986328125,3.880586624145508,3.6817986965179443,3.817450523376465,3.959578514099121
2008-10-09,3.619661808013916,3.683847665786743,3.77018141746521,3.697373151779175,3.742457628250122,3.794595241546631
2008-10-10,1.9026477336883545,1.9576210975646973,2.0410802364349365,1.8260281085968018,1.8700220584869385,1.9422413110733032
2008-10-11,4.086161136627197,4.14711332321167,4.257931232452393,4.268542766571045,4.316337585449219,4.389298439025879
2008-10-12,2.111091136932373,2.137590169906616,2.1819183826446533,2.2934672832489014,2.3153769969940186,2.352200508117676
2008-10-13,2.4552714824676514,2.506361961364746,2.6517457962036133,2.435337543487549,2.4635262489318848,2.561277151107788
2008-10-14,3.748000144958496,3.724308729171753,3.6975901126861572,3.7170443534851074,3.6740610599517822,3.631218433380127
2008-10-15,5.559412956237793,5.795684814453125,6.102805137634277,5.508250713348389,5.712398052215576,5.953755855560303
2008-10-16,3.244274139404297,3.4420931339263916,3.7060649394989014,3.2751176357269287,3.4546682834625244,3.68117094039917
2008-10-17,2.0606467723846436,2.1738836765289307,2.32710862159729,2.1404123306274414,2.2349348068237305,2.353195905685425
2008-10-18,1.2634830474853516,1.2409592866897583,1.2889541387557983,1.3566687107086182,1.3163312673568726,1.318481206893921
2008-10-19,3.299271821975708,3.4164090156555176,3.5957887172698975,3.339966297149658,3.447766065597534,3.5893394947052
2008-10-20,4.406479358673096,4.393531799316406,4.3827033042907715,4.557100772857666,4.562289237976074,4.557283878326416
2008-10-21,4.13603401184082,4.095396995544434,4.134006977081299,4.317974090576172,4.248397350311279,4.2337422370910645
2008-10-22,4.59105110168457,4.737113952636719,4.9534687995910645,4.74271297454834,4.85054349899292,4.978073596954346
2008-10-23,3.7982518672943115,3.8791890144348145,4.010110378265381,3.7240734100341797,3.773469924926758,3.8559036254882812
2008-10-24,4.166719913482666,4.248075008392334,4.339603424072266,4.156029224395752,4.228808879852295,4.302365779876709
2008-10-25,7.397797107696533,7.523674488067627,7.712647438049316,7.326066017150879,7.440826416015625,7.600505828857422
2008-10-26,2.6065754890441895,2.7197258472442627,2.9470157623291016,2.8163866996765137,2.8976857662200928,3.05670428276062
2008-10-27,2.6446242332458496,2.7126588821411133,2.7962679862976074,2.5816707611083984,2.640000820159912,2.7166597843170166
2008-10-28,3.498629093170166,3.525332450866699,3.5565595626831055,3.5291240215301514,3.54934024810791,3.5721163749694824
2008-10-29,5.412999629974365,5.526119709014893,5.667752742767334,5.538630962371826,5.636102676391602,5.746549606323242
2008-10-30,1.7315208911895752,1.830897569656372,1.98770272731781,1.6386587619781494,1.7199687957763672,1.851881742477417
2008-10-31,5.110570430755615,5.102470874786377,5.0645880699157715,5.182501316070557,5.166783809661865,5.098857879638672
2008-11-01,5.452514171600342,5.577917575836182,5.727245330810547,5.32012414932251,5.4251484870910645,5.5271992683410645
2008-11-02,3.1932106018066406,3.2492892742156982,3.323462724685669,3.101288318634033,3.133883476257324,3.190150260925293
2008-11-03,3.4670870304107666,3.6067583560943604,3.8858721256256104,3.356083631515503,3.444873809814453,3.652458429336548
2008-11-04,1.8515474796295166,1.936673879623413,2.0981924533843994,1.8992058038711548,1.9609874486923218,2.0856521129608154
2008-11-05,2.282553195953369,2.226915121078491,2.1824886798858643,2.422025680541992,2.387688398361206,2.357517719268799
2008-11-06,3.8871355056762695,4.0849199295043945,4.391236305236816,3.7342898845672607,3.8411145210266113,4.045532703399658
2008-11-07,6.430378437042236,6.541250228881836,6.711815357208252,6.5001349449157715,6.581818580627441,6.709020614624023
2008-11-08,4.129311561584473,4.315974712371826,4.55863094329834,4.208609580993652,4.379798889160156,4.600982189178467
2008-11-09,4.320562362670898,4.358457088470459,4.386913299560547,4.119216442108154,4.141496658325195,4.155403137207031
2008-11-10,2.652876615524292,2.8154592514038086,3.0137462615966797,2.771378755569458,2.8958628177642822,3.047809362411499
2008-11-11,4.204883575439453,4.203691005706787,4.267410755157471,4.327363967895508,4.2871317863464355,4.283135414123535
2008-11-12,5.205657958984375,5.296372890472412,5.454713344573975,5.285206317901611,5.356308460235596,5.482314109802246
2008-11-13,6.1008620262146,6.143498420715332,6.231405258178711,6.146656513214111,6.172469139099121,6.231172561645508
2008-11-14,7.108724594116211,7.2773942947387695,7.473556041717529,7.110821723937988,7.267017364501953,7.445935249328613
2008-11-15,4.038253307342529,4.158087253570557,4.3351945877075195,4.1016669273376465,4.184097766876221,4.324952125549316
2008-11-16,4.894907474517822,5.13109016418457,5.385182857513428,4.8625054359436035,5.063910007476807,5.263568878173828
2008-11-17,2.5244131088256836,2.615785598754883,2.7651169300079346,2.3927547931671143,2.4725358486175537,2.612212896347046
2008-11-18,5.869709014892578,5.923993110656738,5.978735446929932,5.413013935089111,5.4489359855651855,5.484782695770264
2008-11-19,7.705059051513672,7.841464996337891,8.026077270507812,7.865304470062256,7.979503154754639,8.120057106018066
2008-11-20,6.231860637664795,6.48655366897583,6.784668922424316,6.121129512786865,6.3535614013671875,6.6119704246521
2008-11-21,4.685701847076416,4.640614986419678,4.668806552886963,4.761631965637207,4.664974689483643,4.633066177368164
2008-11-22,3.2581019401550293,3.4792208671569824,3.880449056625366,3.1536598205566406,3.311603546142578,3.611176013946533
2008-11-23,2.9840621948242188,2.9650771617889404,2.983100175857544,2.9199612140655518,2.873013734817505,2.8580422401428223
2008-11-24,4.459973335266113,4.443872928619385,4.379611015319824,4.436295986175537,4.438751220703125,4.393120765686035
2008-11-25,3.4666991233825684,3.6161882877349854,3.8902649879455566,3.372716188430786,3.4937078952789307,3.732164144515991
2008-11-26,4.312017440795898,4.311709880828857,4.229650974273682,3.86323881149292,3.8394601345062256,3.7756507396698
2008-11-27,1.6284468173980713,1.5501163005828857,1.6437593698501587,1.6038237810134888,1.590468168258667,1.7153348922729492
2008-11-28,4.231546401977539,4.343428134918213,4.695060729980469,3.9207608699798584,4.041176795959473,4.35968542098999
2008-11-29,3.9839730262756348,4.053022861480713,4.30354642868042,4.125715732574463,4.174895286560059,4.350266933441162
2008-11-30,4.607623100280762,4.687244892120361,4.817541599273682,4.743019104003906,4.809868335723877,4.925190448760986
2008-12-01,3.5453672409057617,3.536858320236206,3.528306245803833,3.508493661880493,3.4861884117126465,3.4711434841156006
2008-12-02,4.004981517791748,4.002132892608643,4.004820823669434,3.936408519744873,3.901554584503174,3.8651645183563232
2008-12-03,6.182948112487793,6.225402355194092,6.332900524139404,6.28718376159668,6.303218364715576,6.3615803718566895
2008-12-04,3.917156219482422,3.9716081619262695,4.128910541534424,3.984574317932129,4.014087200164795,4.124290466308594
2008-12-05,7.956502914428711,8.00001049041748,8.071747779846191,8.068352699279785,8.083062171936035,8.098339080810547
2008-12-06,6.520475387573242,6.76524019241333,7.0653791427612305,6.577620029449463,6.802063465118408,7.08005952835083
2008-12-07,2.8158557415008545,2.7834954261779785,2.852350950241089,2.813098669052124,2.758283853530884,2.7781498432159424
2008-12-08,6.602789878845215,6.655698299407959,6.81813907623291,6.44169282913208,6.477160930633545,6.601913928985596
2008-12-09,5.156679153442383,5.174071788787842,5.255124092102051,5.100046634674072,5.104867458343506,5.168455600738525
2008-12-10,3.1945459842681885,3.318349599838257,3.546612501144409,3.042351722717285,3.1579513549804688,3.3724112510681152
2008-12-11,1.193526268005371,1.186172366142273,1.2232900857925415,1.049198865890503,1.0448615550994873,1.0796140432357788
2008-12-12,1.5750360488891602,1.7061469554901123,1.953092098236084,1.6824942827224731,1.7629718780517578,1.9263453483581543
2008-12-13,2.324218988418579,2.3464553356170654,2.4110090732574463,2.148380756378174,2.167093276977539,2.2296900749206543
2008-12-14,2.1978237628936768,2.3756632804870605,2.616792917251587,1.9890774488449097,2.132044553756714,2.3231210708618164
2008-12-15,2.613980293273926,2.5745675563812256,2.6226067543029785,3.0117855072021484,2.9475343227386475,2.885094165802002
2008-12-16,4.6658148765563965,4.663411617279053,4.668680667877197,4.659083843231201,4.652927875518799,4.629554748535156
2008-12-17,2.6659657955169678,2.5800065994262695,2.4948604106903076,2.6432440280914307,2.5647594928741455,2.4725568294525146
2008-12-18,4.055073261260986,4.3461713790893555,4.7657952308654785,4.104907989501953,4.352503776550293,4.673585891723633
2008-12-19,5.2678351402282715,5.354859828948975,5.415767192840576,5.101126194000244,5.159220218658447,5.210978984832764
2008-12-20,3.0941290855407715,3.2938265800476074,3.5748486518859863,3.3575527667999268,3.5061001777648926,3.7259042263031006
2008-12-21,4.515008926391602,4.5751447677612305,4.6706976890563965,4.492271423339844,4.498042583465576,4.50809383392334
2008-12-22,8.01332950592041,8.065633773803711,8.236572265625,7.943037033081055,7.949061870574951,8.07718563079834
2008-12-23,8.43974494934082,8.730816841125488,9.243110656738281,8.164421081542969,8.399643898010254,8.836360931396484
2008-12-24,3.954115867614746,3.9407949447631836,4.088962078094482,3.926445245742798,3.8512635231018066,3.9171526432037354
2008-12-25,3.5006604194641113,3.5614466667175293,3.6670591831207275,3.4167966842651367,3.434765100479126,3.5018844604492188
2008-12-26,1.5475727319717407,1.6442885398864746,1.7923227548599243,1.4070675373077393,1.4761548042297363,1.5933815240859985
2008-12-27,4.228027820587158,4.19492769241333,4.21642541885376,4.282408237457275,4.23090124130249,4.224236965179443
2008-12-28,5.939093112945557,6.088261604309082,6.347251892089844,5.890952110290527,6.022792816162109,6.252940654754639
2008-12-29,4.335885524749756,4.4359612464904785,4.55430269241333,4.184111595153809,4.25579833984375,4.354987144470215
2008-12-30,3.204483985900879,3.0659337043762207,3.0704145431518555,3.0490853786468506,2.8858282566070557,2.8712103366851807
2008-12-31,5.7052001953125,5.592593193054199,5.537322998046875,5.40743350982666,5.245171070098877,5.170280456542969
2009-01-01,7.853506088256836,8.059930801391602,8.40683364868164,7.668225288391113,7.846927642822266,8.165060997009277
2009-01-02,3.233060598373413,3.4739878177642822,3.7879297733306885,2.8779258728027344,3.089172601699829,3.3752734661102295
2009-01-03,5.598928451538086,5.739319801330566,5.874711513519287,5.117764472961426,5.241807460784912,5.367916107177734
2009-01-04,8.261906623840332,8.275307655334473,8.259148597717285,8.289968490600586,8.352182388305664,8.362353324890137
2009-01-05,3.234292507171631,3.3971261978149414,3.6556570529937744,3.3432748317718506,3.482042074203491,3.674846887588501
2009-01-06,3.081531286239624,3.0831997394561768,3.1249003410339355,3.3383989334106445,3.319512367248535,3.2941508293151855
2009-01-07,6.639936447143555,6.726938724517822,6.912967205047607,6.544004440307617,6.588066577911377,6.704364776611328
2009-01-08,5.049896717071533,5.4530158042907715,5.94929313659668,4.973046779632568,5.330523490905762,5.7977118492126465
2009-01-09,2.5545480251312256,2.6385793685913086,2.775467872619629,2.4423716068267822,2.4972951412200928,2.612117290496826
2009-01-10,6.008172035217285,6.076026439666748,6.158208847045898,5.904539585113525,5.9451584815979,6.024141788482666
2009-01-11,5.27644157409668,5.576586723327637,5.940639019012451,5.216849327087402,5.481204032897949,5.807005882263184
2009-01-12,2.947551965713501,2.9299683570861816,2.954213857650757,3.0641181468963623,3.038639783859253,3.047883987426758
2009-01-13,3.7712790966033936,3.8747575283050537,4.031985282897949,3.8032898902893066,3.888794422149658,4.03146505355835
2009-01-14,6.079353332519531,6.201601028442383,6.384973526000977,5.971465587615967,6.075145721435547,6.252695083618164
2009-01-15,9.558652877807617,9.57418155670166,9.663261413574219,9.544233322143555,9.529433250427246,9.559722900390625
2009-01-16,7.231538772583008,7.367790222167969,7.6193647384643555,7.265441417694092,7.357977867126465,7.553218841552734
2009-01-17,6.5475664138793945,6.617278575897217,6.683752536773682,6.714082717895508,6.757981300354004,6.798325538635254
2009-01-18,7.304901599884033,7.481312274932861,7.712512969970703,7.3651323318481445,7.514211177825928,7.686049461364746
2009-01-19,5.730469226837158,5.7889556884765625,5.86498498916626,5.9089155197143555,5.93569803237915,5.981568336486816
2009-01-20,4.281210422515869,4.3889479637146,4.599969863891602,4.282496929168701,4.365392684936523,4.53500509262085
2009-01-21,3.043806314468384,3.151794195175171,3.332059383392334,3.3263542652130127,3.3906099796295166,3.5011043548583984
2009-01-22,3.245331048965454,3.4322731494903564,3.71624493598938,3.313417673110962,3.4489636421203613,3.6540637016296387
2009-01-23,3.128293752670288,3.183485507965088,3.2821030616760254,3.252401113510132,3.284538507461548,3.357856035232544
2009-01-24,1.5283836126327515,1.553579568862915,1.5706415176391602,1.5288305282592773,1.5324095487594604,1.5305981636047363
2009-01-25,2.0472426414489746,2.0735764503479004,2.1567130088806152,2.050398349761963,2.041602611541748,2.0812313556671143
2009-01-26,3.8679871559143066,3.8877854347229004,3.9499781131744385,4.122096538543701,4.124857425689697,4.151205539703369
2009-01-27,1.9694654941558838,2.014462947845459,2.1044249534606934,1.948595643043518,1.9791783094406128,2.046046733856201
2009-01-28,2.5956103801727295,2.750204086303711,2.99088191986084,2.6396284103393555,2.7781529426574707,2.9678337574005127
2009-01-29,5.182436943054199,5.232604026794434,5.3494672775268555,5.191725254058838,5.187180995941162,5.253878593444824
2009-01-30,7.6646575927734375,8.054394721984863,8.48633098602295,7.647234916687012,7.996891021728516,8.366025924682617
2009-01-31,2.1363134384155273,2.1445658206939697,2.320547580718994,2.0469770431518555,2.0201210975646973,2.1436920166015625
2009-02-01,5.594856262207031,5.643754482269287,5.769560813903809,5.679561138153076,5.703394889831543,5.78456449508667
2009-02-02,3.2012557983398438,3.469782829284668,3.7943003177642822,3.260552406311035,3.4974591732025146,3.7894742488861084
2009-02-03,2.7481040954589844,2.8022143840789795,2.9674272537231445,2.5939555168151855,2.596346139907837,2.696481704711914
2009-02-04,4.7417802810668945,4.778061389923096,4.909800052642822,4.883612632751465,4.87996768951416,4.9655070304870605
2009-02-05,3.643808126449585,3.4623732566833496,3.4958884716033936,3.8390467166900635,3.641624927520752,3.617307424545288
2009-02-06,8.816817283630371,8.865951538085938,8.978907585144043,9.031705856323242,9.028422355651855,9.071318626403809
2009-02-07,7.005523681640625,7.105461597442627,7.29585075378418,7.106301307678223,7.17848539352417,7.320391654968262
2009-02-08,4.107011795043945,4.125638484954834,4.179011821746826,4.1797075271606445,4.204044342041016,4.232853412628174
2009-02-09,2.4215030670166016,2.352583408355713,2.304194688796997,2.5245182514190674,2.4524946212768555,2.38254714012146
2009-02-10,6.358036041259766,6.493328094482422,6.747856616973877,6.389856815338135,6.507578372955322,6.714557647705078
2009-02-11,3.4415371417999268,3.463012218475342,3.568293571472168,3.3179452419281006,3.311324119567871,3.370177984237671
2009-02-12,5.584782123565674,5.522400379180908,5.529898643493652,5.881530284881592,5.788928508758545,5.728518486022949
2009-02-13,4.473790645599365,4.563202381134033,4.676893711090088,4.58606481552124,4.670422554016113,4.778417587280273
2009-02-14,3.3974180221557617,3.4371609687805176,3.5226900577545166,3.687014102935791,3.7294881343841553,3.7634925842285156
2009-02-15,4.754123210906982,4.80469274520874,4.933595657348633,4.736166000366211,4.766289234161377,4.848592281341553
2009-02-16,4.594021797180176,4.6508073806762695,4.689957141876221,4.641709327697754,4.681396961212158,4.70166015625
2009-02-17,6.677616119384766,6.795416355133057,6.967864513397217,6.602406024932861,6.692498683929443,6.827907085418701
2009-02-18,6.029599666595459,6.210764408111572,6.5249738693237305,5.891974925994873,6.048585891723633,6.323654651641846
2009-02-19,2.0011658668518066,2.054934024810791,2.2128865718841553,1.9201624393463135,1.9435540437698364,2.0611629486083984
2009-02-20,5.178986072540283,5.233633041381836,5.40974235534668,5.394608020782471,5.432809829711914,5.56361198425293
2009-02-21,3.860682249069214,4.083315849304199,4.439746856689453,4.449831962585449,4.615747928619385,4.913663387298584
2009-02-22,8.350008964538574,8.440515518188477,8.651692390441895,8.191882133483887,8.248249053955078,8.38286304473877
2009-02-23,5.02816104888916,5.273724555969238,5.573721885681152,5.0668511390686035,5.254221439361572,5.472114086151123
2009-02-24,3.501277208328247,3.554763078689575,3.6140401363372803,3.7960333824157715,3.8252251148223877,3.8378543853759766
2009-02-25,2.619680881500244,2.6021032333374023,2.610290050506592,2.683933734893799,2.666292905807495,2.653792142868042
2009-02-26,3.5750250816345215,3.5680184364318848,3.6301772594451904,3.7742857933044434,3.7416787147521973,3.754131317138672
2009-02-27,7.876603603363037,8.06369686126709,8.303241729736328,7.701155185699463,7.843764305114746,8.018182754516602
2009-02-28,4.161962985992432,4.587518692016602,5.022758960723877,3.851961374282837,4.220270156860352,4.607021331787109
2009-03-01,5.350306510925293,5.311511993408203,5.326377868652344,5.546242713928223,5.484694004058838,5.436309814453125
2009-03-02,3.334474563598633,3.3746719360351562,3.516786813735962,3.474864959716797,3.490884304046631,3.6037137508392334
2009-03-03,5.471196174621582,5.4992828369140625,5.631632328033447,5.470706462860107,5.485862731933594,5.563045978546143
2009-03-04,5.8540730476379395,5.939088821411133,6.027034282684326,6.040175914764404,6.133916854858398,6.2201104164123535
2009-03-05,4.939464092254639,5.0400710105896,5.117629528045654,4.939132213592529,5.03226900100708,5.116174697875977
2009-03-06,6.6011762619018555,6.737734317779541,6.946934700012207,6.4644880294799805,6.584201335906982,6.757640838623047
2009-03-07,6.141146183013916,6.317020416259766,6.530684947967529,6.103539943695068,6.260870456695557,6.468270778656006
2009-03-08,3.639371871948242,3.74870228767395,4.003050327301025,3.824946165084839,3.8999648094177246,4.082309722900391
2009-03-09,2.1326422691345215,2.1097524166107178,2.148252010345459,2.3041810989379883,2.264744520187378,2.278108835220337
2009-03-10,6.647617816925049,6.696582794189453,6.802847385406494,6.802363395690918,6.827652931213379,6.89926815032959
2009-03-11,7.6305060386657715,7.800762176513672,8.064990997314453,7.582477569580078,7.746500492095947,7.976515293121338
2009-03-12,4.810490131378174,5.1021857261657715,5.5077056884765625,4.775605201721191,5.033059597015381,5.374050140380859
2009-03-13,1.3550149202346802,1.4785996675491333,1.7416969537734985,1.4414561986923218,1.54106867313385,1.7622219324111938
2009-03-14,2.2809128761291504,2.3672289848327637,2.5057570934295654,2.2447428703308105,2.304845094680786,2.422698736190796
2009-03-15,1.7330292463302612,1.7487757205963135,1.7860416173934937,1.7056344747543335,1.6948572397232056,1.7166215181350708
2009-03-16,2.6881158351898193,2.793013095855713,2.978344678878784,2.6326088905334473,2.710085153579712,2.8830697536468506
2009-03-17,3.905320644378662,3.9745097160339355,4.122307300567627,3.7126638889312744,3.764042615890503,3.8799808025360107
2009-03-18,5.368903636932373,5.478521347045898,5.656709671020508,5.362398624420166,5.450692653656006,5.579666614532471
2009-03-19,3.688786745071411,3.773686408996582,3.9144766330718994,3.6872806549072266,3.7671525478363037,3.8983285427093506
2009-03-20,3.0479931831359863,3.0580618381500244,3.0820369720458984,2.8973870277404785,2.895587921142578,2.9056060314178467
2009-03-21,5.688232421875,5.776076316833496,5.8126749992370605,5.64689302444458,5.728362560272217,5.764143943786621
2009-03-22,3.6159279346466064,3.8936398029327393,4.182521820068359,3.4866418838500977,3.7513954639434814,4.032998561859131
2009-03-23,4.6538615226745605,4.767652988433838,4.94384765625,4.7226481437683105,4.814174652099609,4.941792964935303
2009-03-24,5.629374980926514,5.696928024291992,5.831487655639648,5.661120414733887,5.718317985534668,5.827804088592529
2009-03-25,7.311880111694336,7.3989386558532715,7.558281421661377,7.491606712341309,7.556635856628418,7.6598124504089355
2009-03-26,5.406229496002197,5.561165809631348,5.7707133293151855,5.5495686531066895,5.666013240814209,5.821537971496582
2009-03-27,1.8390573263168335,1.865249752998352,1.9156451225280762,1.9311943054199219,1.9516493082046509,2.0001559257507324
2009-03-28,6.017247676849365,6.104886054992676,6.2505269050598145,6.243701934814453,6.296924114227295,6.383491516113281
2009-03-29,4.501538276672363,4.4887847900390625,4.4854230880737305,4.214421272277832,4.187364101409912,4.176115989685059
2009-03-30,4.737918376922607,4.785447597503662,4.853846073150635,4.528896808624268,4.557299613952637,4.58588981628418
2009-03-31,3.5073142051696777,3.6002564430236816,3.740243673324585,3.485389232635498,3.5717954635620117,3.6974539756774902
2009-04-01,4.445742130279541,4.4848527908325195,4.59433126449585,4.600212097167969,4.6181321144104,4.690486431121826
2009-04-02,5.00499963760376,5.069669723510742,5.175930023193359,4.989682197570801,5.043156147003174,5.125442981719971
2009-04-03,6.071368217468262,6.102652072906494,6.1480841636657715,5.909911155700684,5.919693470001221,5.9344892501831055
2009-04-04,3.914721965789795,4.076523780822754,4.278629779815674,3.9203810691833496,4.043177127838135,4.183500289916992
2009-04-05,3.3504316806793213,3.190617561340332,3.103212356567383,3.5579357147216797,3.386674404144287,3.2533106803894043
2009-04-06,5.063723087310791,5.090766429901123,5.163408279418945,5.048005104064941,5.0615234375,5.097891807556152
2009-04-07,5.941517353057861,6.080821990966797,6.260111331939697,5.906289100646973,6.010865688323975,6.150168418884277
2009-04-08,4.435197353363037,4.7710161209106445,5.114620208740234,4.479175567626953,4.804201602935791,5.114269256591797
2009-04-09,3.949230432510376,4.020830154418945,4.123602390289307,3.960029125213623,4.012898921966553,4.081462383270264
2009-04-10,3.5124714374542236,3.4915969371795654,3.4942548274993896,3.772078275680542,3.727403163909912,3.6727898120880127
2009-04-11,3.3513758182525635,3.337515115737915,3.3824305534362793,3.739924669265747,3.7258288860321045,3.747664213180542
2009-04-12,4.876858234405518,4.886381149291992,4.883942604064941,4.933722496032715,4.934101104736328,4.91999626159668
2009-04-13,5.551244258880615,5.543252944946289,5.588157653808594,5.508833408355713,5.500101566314697,5.555076599121094
2009-04-14,8.387598991394043,8.511404991149902,8.697293281555176,8.310062408447266,8.408637046813965,8.567960739135742
2009-04-15,4.873715877532959,5.190541744232178,5.557802200317383,4.633861064910889,4.9340643882751465,5.2764692306518555
2009-04-16,5.198417663574219,5.0991997718811035,5.017153263092041,5.149205207824707,5.036177635192871,4.911658763885498
2009-04-17,5.47424840927124,5.588655948638916,5.72266149520874,5.475339412689209,5.566498756408691,5.6594462394714355
2009-04-18,4.471042156219482,4.438740253448486,4.478724002838135,4.491322994232178,4.450751304626465,4.464641571044922
2009-04-19,4.879162311553955,4.872359752655029,4.865705490112305,4.790885925292969,4.771048545837402,4.751347064971924
2009-04-20,5.898577690124512,6.015145301818848,6.1443047523498535,5.999018669128418,6.082576751708984,6.174132347106934
2009-04-21,3.408172130584717,3.572218656539917,3.745481491088867,3.537196397781372,3.6905601024627686,3.8445889949798584
2009-04-22,3.4025864601135254,3.3478519916534424,3.3116555213928223,3.303166151046753,3.243046998977661,3.2074432373046875
2009-04-23,7.042815208435059,7.026801586151123,7.079928398132324,7.225257396697998,7.160018444061279,7.135832786560059
2009-04-24,7.476489067077637,7.53590202331543,7.6974358558654785,7.740781784057617,7.776052474975586,7.867015361785889
2009-04-25,6.303858757019043,6.511517524719238,6.739531993865967,6.115004539489746,6.28593111038208,6.479365348815918
2009-04-26,4.125374794006348,4.3154497146606445,4.523029804229736,4.132035732269287,4.292088508605957,4.455655097961426
2009-04-27,2.4678874015808105,2.6029295921325684,2.7400786876678467,2.7194628715515137,2.8321712017059326,2.923719644546509
2009-04-28,2.555753469467163,2.540769577026367,2.5719943046569824,2.537353515625,2.50319242477417,2.5185580253601074
2009-04-29,6.494881629943848,6.462342739105225,6.469807147979736,6.584033012390137,6.530156135559082,6.486390113830566
2009-04-30,6.704226016998291,6.870405673980713,7.069082260131836,6.606922626495361,6.7480010986328125,6.905529975891113
2009-05-01,3.547996997833252,3.6398258209228516,3.7719244956970215,3.599151849746704,3.665451765060425,3.7590863704681396
2009-05-02,3.420043706893921,3.5161092281341553,3.6318106651306152,3.484851598739624,3.559968948364258,3.6422572135925293
2009-05-03,2.9070546627044678,3.022991418838501,3.1309807300567627,2.9578380584716797,3.057541608810425,3.1444616317749023
2009-05-04,1.6573495864868164,1.7118738889694214,1.8218042850494385,1.5781292915344238,1.638230323791504,1.7410775423049927
2009-05-05,3.0889506340026855,3.1559808254241943,3.2431654930114746,2.9645843505859375,3.009185552597046,3.0659756660461426
2009-05-06,4.4178619384765625,4.463764667510986,4.490621566772461,4.566804885864258,4.59678316116333,4.596094608306885
2009-05-07,3.6843345165252686,3.6722681522369385,3.678370237350464,3.4066104888916016,3.3609676361083984,3.325667142868042
2009-05-08,3.797121047973633,3.8372514247894287,3.8489460945129395,3.344409465789795,3.333482503890991,3.3047688007354736
2009-05-09,4.031682968139648,4.026156425476074,4.040088176727295,4.111734867095947,4.096115589141846,4.088212490081787
2009-05-10,3.725227117538452,3.6320908069610596,3.5915141105651855,4.118618011474609,4.020148754119873,3.922921657562256
2009-05-11,5.233057975769043,5.297603607177734,5.419046401977539,5.258288860321045,5.286931991577148,5.351568698883057
2009-05-12,3.9037365913391113,3.9817416667938232,4.093916893005371,3.8813045024871826,3.9323959350585938,4.014326095581055
2009-05-13,4.4499735832214355,4.593499183654785,4.739415168762207,4.4226884841918945,4.5260772705078125,4.627618789672852
2009-05-14,4.159839153289795,4.272520065307617,4.404588222503662,4.166679859161377,4.2590131759643555,4.356058120727539
2009-05-15,3.083636522293091,3.1497442722320557,3.250953197479248,3.0559353828430176,3.100933074951172,3.184345245361328
2009-05-16,4.074031829833984,4.1925578117370605,4.273482799530029,4.006210803985596,4.113077640533447,4.184361457824707
2009-05-17,2.873358726501465,2.8868985176086426,2.899763822555542,2.9987497329711914,2.9880385398864746,2.9557876586914062
2009-05-18,4.310378074645996,4.448972225189209,4.597544193267822,4.3857927322387695,4.523283004760742,4.660492420196533
2009-05-19,1.5492348670959473,1.5402191877365112,1.6135571002960205,1.4234118461608887,1.4100253582000732,1.461754560470581
2009-05-20,3.815659761428833,3.7860023975372314,3.6978259086608887,3.8894147872924805,3.8658554553985596,3.7876806259155273
2009-05-21,2.506420850753784,2.5195987224578857,2.4930872917175293,2.3978426456451416,2.4266066551208496,2.424302101135254
2009-05-22,2.35386323928833,2.395228624343872,2.4814951419830322,2.313978910446167,2.3560802936553955,2.4300036430358887
2009-05-23,2.871535062789917,2.9846088886260986,3.095665454864502,2.921170711517334,3.0316483974456787,3.1403188705444336
2009-05-24,1.9810829162597656,1.9886729717254639,1.9813910722732544,2.068089485168457,2.0717480182647705,2.061624526977539
2009-05-25,2.145113468170166,2.1422393321990967,2.064851999282837,2.2235846519470215,2.235001564025879,2.16536545753479
2009-05-26,2.6861066818237305,2.740633487701416,2.7674522399902344,2.5633575916290283,2.607914447784424,2.6248044967651367
2009-05-27,2.682685136795044,2.7775063514709473,2.9048635959625244,2.6835219860076904,2.759812593460083,2.8542613983154297
2009-05-28,3.854628801345825,3.8841328620910645,3.909946918487549,3.803755283355713,3.825934886932373,3.8569109439849854
2009-05-29,4.753951549530029,4.884310722351074,5.010220527648926,4.733386516571045,4.852318286895752,4.955954551696777
2009-05-30,4.2040181159973145,4.278495788574219,4.331208229064941,4.461490631103516,4.515082836151123,4.54275369644165
2009-05-31,4.446499824523926,4.554606914520264,4.66425085067749,4.329651355743408,4.427426815032959,4.530188083648682
2009-06-01,1.7697644233703613,1.8566027879714966,1.9672976732254028,1.8405119180679321,1.9163180589675903,2.0091936588287354
2009-06-02,3.6534221172332764,3.6569817066192627,3.704383611679077,3.4937117099761963,3.490748882293701,3.527080774307251
2009-06-03,3.326612949371338,3.462885618209839,3.601616859436035,3.1753032207489014,3.2684881687164307,3.3549437522888184
2009-06-04,2.88079571723938,2.941492795944214,2.989457607269287,2.785149097442627,2.8155159950256348,2.822443723678589
2009-06-05,2.025808095932007,2.0026695728302,2.032003164291382,1.9981800317764282,1.9636198282241821,1.9827812910079956
2009-06-06,3.241448402404785,3.2140285968780518,3.1706089973449707,3.365534543991089,3.3193840980529785,3.2591075897216797
2009-06-07,2.886683464050293,3.0386245250701904,3.165303945541382,2.841874599456787,2.987027645111084,3.112112045288086
2009-06-08,1.6967107057571411,1.6703296899795532,1.6678396463394165,1.7012404203414917,1.6766706705093384,1.680288553237915
2009-06-09,3.068772792816162,3.2220897674560547,3.3669791221618652,3.0422616004943848,3.171597480773926,3.2906785011291504
2009-06-10,3.904813528060913,3.9323065280914307,3.900212049484253,3.620513916015625,3.6183724403381348,3.5824460983276367
2009-06-11,1.9424444437026978,1.990188479423523,2.0639636516571045,1.8038688898086548,1.8330624103546143,1.8778468370437622
2009-06-12,2.1262598037719727,2.239544153213501,2.3546557426452637,1.8828821182250977,1.9924931526184082,2.1359574794769287
2009-06-13,1.7651411294937134,1.7819803953170776,1.8295879364013672,1.5494155883789062,1.5650891065597534,1.6412115097045898
2009-06-14,2.841707944869995,2.8337574005126953,2.8356997966766357,2.9202182292938232,2.9170444011688232,2.9209372997283936
2009-06-15,3.8418688774108887,3.779273509979248,3.68796706199646,3.8838531970977783,3.813457727432251,3.681175708770752
2009-06-16,2.8565590381622314,2.917168617248535,2.9624507427215576,2.796621799468994,2.849409818649292,2.895660161972046
2009-06-17,2.3321073055267334,2.3664591312408447,2.375438690185547,2.3911502361297607,2.4254677295684814,2.4388604164123535
2009-06-18,2.9605464935302734,3.010601043701172,3.038543701171875,3.003094434738159,3.04610013961792,3.072033643722534
2009-06-19,2.1864659786224365,2.2015581130981445,2.223487138748169,2.222195863723755,2.2306671142578125,2.244544744491577
2009-06-20,2.1973259449005127,2.284060478210449,2.3890035152435303,2.173353672027588,2.241680860519409,2.3267219066619873
2009-06-21,2.1775712966918945,2.212838888168335,2.3156065940856934,2.3293542861938477,2.349184274673462,2.4195168018341064
2009-06-22,3.0803074836730957,3.0933327674865723,3.0993175506591797,2.71799898147583,2.7078800201416016,2.695730447769165
2009-06-23,4.622279167175293,4.676405429840088,4.757533073425293,4.765771389007568,4.810723304748535,4.863704681396484
2009-06-24,2.841214418411255,2.8066208362579346,2.70873761177063,2.8110032081604004,2.786712884902954,2.7098605632781982
2009-06-25,3.2707581520080566,3.3566884994506836,3.458571672439575,3.287336826324463,3.3572518825531006,3.4345037937164307
2009-06-26,2.948763608932495,2.9686334133148193,3.0395915508270264,3.0460708141326904,3.0412938594818115,3.079484701156616
2009-06-27,3.9616854190826416,4.072849750518799,4.252845287322998,3.9877712726593018,4.075403690338135,4.221121311187744
2009-06-28,4.100188255310059,4.191443920135498,4.274864196777344,4.058543682098389,4.13985013961792,4.215918064117432
2009-06-29,3.5578136444091797,3.6072487831115723,3.657949209213257,3.4678421020507812,3.4916069507598877,3.515603542327881
2009-06-30,2.4857842922210693,2.5768890380859375,2.7255806922912598,2.5923142433166504,2.6520636081695557,2.7518205642700195
2009-07-01,3.964796304702759,3.98875093460083,4.070578575134277,4.047063827514648,4.068995952606201,4.129077911376953
2009-07-02,3.822977304458618,3.86661434173584,3.877692937850952,4.000466346740723,4.040211200714111,4.029296398162842
2009-07-03,4.021904468536377,4.120789527893066,4.214585304260254,3.9835236072540283,4.056492328643799,4.125131607055664
2009-07-04,4.113722801208496,4.145063400268555,4.154561996459961,4.1306915283203125,4.157928466796875,4.140987396240234
2009-07-05,2.87929630279541,3.00545072555542,3.1232523918151855,2.660978317260742,2.7697925567626953,2.8884143829345703
2009-07-06,1.8936951160430908,1.8611383438110352,1.885162353515625,2.0884814262390137,2.043336868286133,2.016061544418335
2009-07-07,2.408794403076172,2.4441752433776855,2.5013554096221924,2.3789515495300293,2.4128217697143555,2.458385944366455
2009-07-08,2.28355073928833,2.319906711578369,2.390336751937866,2.275235414505005,2.3010318279266357,2.338761806488037
2009-07-09,2.145301580429077,2.142744302749634,2.1640594005584717,2.2175345420837402,2.205132484436035,2.2075934410095215
2009-07-10,1.4906084537506104,1.5530809164047241,1.6118149757385254,1.6184571981430054,1.6657987833023071,1.7099508047103882
2009-07-11,1.6642858982086182,1.6954580545425415,1.7753374576568604,1.6063241958618164,1.6284915208816528,1.6845428943634033
2009-07-12,3.3234753608703613,3.371727228164673,3.460073471069336,3.335949182510376,3.3484914302825928,3.389779567718506
2009-07-13,4.2630462646484375,4.371384143829346,4.480246543884277,4.268227577209473,4.360527515411377,4.449634075164795
2009-07-14,2.360050916671753,2.4105958938598633,2.4626853466033936,2.4076921939849854,2.4438724517822266,2.479924440383911
2009-07-15,3.017331600189209,3.071106433868408,3.1255812644958496,3.0473575592041016,3.095452308654785,3.1521711349487305
2009-07-16,2.651885509490967,2.686755418777466,2.6693942546844482,2.5965635776519775,2.630706548690796,2.623204231262207
2009-07-17,1.5541270971298218,1.5912128686904907,1.6641689538955688,1.5161066055297852,1.5421055555343628,1.6015857458114624
2009-07-18,3.2741024494171143,3.3100974559783936,3.3343467712402344,3.286698818206787,3.331843376159668,3.3400771617889404
2009-07-19,3.6091384887695312,3.606313467025757,3.5944385528564453,3.6387553215026855,3.6393191814422607,3.6151742935180664
2009-07-20,3.048197031021118,3.100886821746826,3.198185443878174,3.082451343536377,3.1390137672424316,3.2284669876098633
2009-07-21,2.734510660171509,2.805979013442993,2.9119973182678223,2.6668014526367188,2.7141613960266113,2.7947325706481934
2009-07-22,4.2233147621154785,4.323259353637695,4.475495338439941,4.119270324707031,4.201842784881592,4.320497989654541
2009-07-23,4.240381717681885,4.3572187423706055,4.511183738708496,4.135324478149414,4.23494291305542,4.3613762855529785
2009-07-24,4.0159831047058105,4.105827808380127,4.2238898277282715,3.927478075027466,3.9963784217834473,4.087046146392822
2009-07-25,3.506112575531006,3.584686517715454,3.7428085803985596,3.5530662536621094,3.6204261779785156,3.746311902999878
2009-07-26,3.6599619388580322,3.7470686435699463,3.9161906242370605,3.7786717414855957,3.84726881980896,3.9675536155700684
2009-07-27,2.735908031463623,2.7875771522521973,2.8843982219696045,2.8494389057159424,2.9014785289764404,2.982658624649048
2009-07-28,2.56947922706604,2.650285482406616,2.802264928817749,2.5944128036499023,2.6628596782684326,2.7838244438171387
2009-07-29,2.8347041606903076,2.922436237335205,3.0377707481384277,2.8055880069732666,2.8843181133270264,2.98671293258667
2009-07-30,1.6409294605255127,1.6578575372695923,1.68255615234375,1.7648141384124756,1.7775893211364746,1.7924864292144775
2009-07-31,1.217403769493103,1.2798813581466675,1.334509015083313,1.1182239055633545,1.1739462614059448,1.2232390642166138
2009-08-01,2.307539224624634,2.2548270225524902,2.224160671234131,2.290339946746826,2.231642007827759,2.1920571327209473
2009-08-02,3.6316118240356445,3.6722097396850586,3.7721266746520996,3.5900719165802,3.613680601119995,3.6881215572357178
2009-08-03,3.829615354537964,3.8742856979370117,3.941049575805664,3.8391335010528564,3.8685615062713623,3.9112415313720703
2009-08-04,3.5748958587646484,3.7160911560058594,3.8781275749206543,3.624711275100708,3.7486209869384766,3.8863065242767334
2009-08-05,2.4766712188720703,2.5086169242858887,2.554217576980591,2.2717530727386475,2.28304123878479,2.3104496002197266
2009-08-06,1.910892367362976,1.9892195463180542,2.114070415496826,1.8812322616577148,1.9466962814331055,2.057196617126465
2009-08-07,2.5171074867248535,2.7923362255096436,3.1344096660614014,2.7725350856781006,3.0227434635162354,3.305716037750244
2009-08-08,2.4972922801971436,2.6664981842041016,2.9641003608703613,2.5924460887908936,2.746570110321045,2.9923512935638428
2009-08-09,2.93611216545105,3.093364953994751,3.2552425861358643,2.984431743621826,3.1218745708465576,3.2371578216552734
2009-08-10,1.460560917854309,1.5678999423980713,1.7014851570129395,1.6047711372375488,1.6994388103485107,1.8118786811828613
2009-08-11,1.493388056755066,1.5167021751403809,1.5892918109893799,1.5377870798110962,1.5639272928237915,1.6315475702285767
2009-08-12,2.4192018508911133,2.4531452655792236,2.4792089462280273,2.3529903888702393,2.3886961936950684,2.4254958629608154
2009-08-13,2.67678165435791,2.703058958053589,2.7364330291748047,2.6458780765533447,2.6669743061065674,2.6913838386535645
2009-08-14,2.8822996616363525,2.8897125720977783,2.930495500564575,2.882514238357544,2.873168706893921,2.904559373855591
2009-08-15,3.561793088912964,3.647151470184326,3.750216245651245,3.5568814277648926,3.6217105388641357,3.69828200340271
2009-08-16,2.375271797180176,2.385624408721924,2.4250733852386475,2.2987124919891357,2.2958855628967285,2.3199777603149414
2009-08-17,3.303994655609131,3.308979034423828,3.3654699325561523,3.2527871131896973,3.241093397140503,3.269580364227295
2009-08-18,4.047359466552734,4.126073360443115,4.228987693786621,3.909048318862915,3.9587135314941406,4.031002521514893
2009-08-19,3.4586050510406494,3.5818662643432617,3.728173017501831,3.631577491760254,3.7417757511138916,3.8638527393341064
2009-08-20,2.796884536743164,2.908893585205078,3.0827395915985107,2.6952831745147705,2.791208267211914,2.9299848079681396
2009-08-21,2.4239091873168945,2.4468343257904053,2.449187994003296,2.347062826156616,2.361156463623047,2.358689069747925
2009-08-22,1.6067757606506348,1.6372907161712646,1.7170214653015137,1.6948559284210205,1.7212822437286377,1.7808520793914795
2009-08-23,2.483975410461426,2.5544676780700684,2.6303350925445557,2.38932728767395,2.4459617137908936,2.531446695327759
2009-08-24,2.8560643196105957,2.945437431335449,3.020054340362549,2.700432777404785,2.765638589859009,2.832369089126587
2009-08-25,2.2575581073760986,2.2541799545288086,2.2129666805267334,2.1541287899017334,2.1297764778137207,2.0736329555511475
2009-08-26,2.271674633026123,2.20749831199646,2.206414222717285,2.232656478881836,2.170619010925293,2.14766788482666
2009-08-27,2.0846455097198486,2.1729824542999268,2.3560895919799805,2.110598564147949,2.1727919578552246,2.3010365962982178
2009-08-28,1.3434152603149414,1.2806332111358643,1.2001975774765015,1.3178545236587524,1.2640117406845093,1.197965383529663
2009-08-29,1.0587414503097534,1.1191822290420532,1.2026180028915405,1.0371723175048828,1.0881099700927734,1.1643218994140625
2009-08-30,1.3054670095443726,1.3483991622924805,1.467634916305542,1.4470794200897217,1.4846795797348022,1.5849233865737915
2009-08-31,2.45959210395813,2.471378803253174,2.4819514751434326,2.5821409225463867,2.5877339839935303,2.5740575790405273
2009-09-01,1.950961947441101,1.9786096811294556,2.0291552543640137,2.0113861560821533,2.041001319885254,2.0807275772094727
2009-09-02,4.129251956939697,4.220007419586182,4.312917232513428,4.040534973144531,4.122096061706543,4.203107833862305
2009-09-03,2.633404493331909,2.7313191890716553,2.839839220046997,2.4407896995544434,2.524533271789551,2.6219749450683594
2009-09-04,1.423219919204712,1.4481711387634277,1.4732022285461426,1.4037781953811646,1.4278970956802368,1.450513243675232
2009-09-05,1.430532455444336,1.4874759912490845,1.5959727764129639,1.3985073566436768,1.4507043361663818,1.5532926321029663
2009-09-06,1.7104604244232178,1.6596373319625854,1.6135244369506836,1.8153918981552124,1.7506775856018066,1.6794967651367188
2009-09-07,2.779446601867676,2.72178316116333,2.6599671840667725,2.747190475463867,2.68351149559021,2.6178574562072754
2009-09-08,1.9491443634033203,2.01304030418396,2.095928430557251,2.027480363845825,2.0860085487365723,2.1559031009674072
2009-09-09,2.990990161895752,3.0561389923095703,3.128338098526001,2.9414780139923096,2.999268054962158,3.053067207336426
2009-09-10,2.1361441612243652,2.2067246437072754,2.329195261001587,2.2060019969940186,2.248995780944824,2.326930522918701
2009-09-11,3.8117051124572754,3.8667244911193848,3.9245049953460693,3.8802490234375,3.918269634246826,3.9537343978881836
2009-09-12,2.828284740447998,2.858504295349121,2.883413553237915,2.634117841720581,2.6392557621002197,2.63175368309021
2009-09-13,1.4102189540863037,1.3463929891586304,1.3075631856918335,1.1878621578216553,1.1171091794967651,1.0853033065795898
2009-09-14,3.406980276107788,3.5819287300109863,3.7366244792938232,3.2358179092407227,3.4013125896453857,3.5628855228424072
2009-09-15,4.072108268737793,3.9609599113464355,3.7816390991210938,4.023473262786865,3.8959362506866455,3.724745750427246
2009-09-16,2.426177740097046,2.3065221309661865,2.2264041900634766,2.629887819290161,2.497023105621338,2.377997398376465
2009-09-17,1.7864575386047363,1.6879935264587402,1.6182467937469482,1.906908392906189,1.7993576526641846,1.7141187191009521
2009-09-18,2.044919490814209,1.9931679964065552,1.9525172710418701,2.159372091293335,2.1142728328704834,2.073185920715332
2009-09-19,3.7544891834259033,3.867701292037964,3.987761974334717,3.5526230335235596,3.6591644287109375,3.7665517330169678
2009-09-20,1.2854092121124268,1.3278117179870605,1.4024819135665894,1.1685677766799927,1.1991618871688843,1.2631758451461792
2009-09-21,1.2122455835342407,1.2214699983596802,1.303696870803833,1.0986486673355103,1.0876599550247192,1.1436330080032349
2009-09-22,1.8042678833007812,1.8242764472961426,1.8780618906021118,1.8672999143600464,1.8759700059890747,1.905152440071106
2009-09-23,2.1180734634399414,2.079354763031006,2.0637736320495605,2.279648542404175,2.2379767894744873,2.2154173851013184
2009-09-24,3.394157886505127,3.394808530807495,3.431339979171753,3.529965400695801,3.518432378768921,3.532306432723999
2009-09-25,4.424978256225586,4.474558353424072,4.582043170928955,4.5602216720581055,4.58797550201416,4.646468639373779
2009-09-26,2.8810946941375732,2.86904239654541,3.0679986476898193,2.8881301879882812,2.8429722785949707,2.988739490509033
2009-09-27,2.3005011081695557,2.34251070022583,2.4395291805267334,2.30959153175354,2.31978440284729,2.3832104206085205
2009-09-28,2.331644058227539,2.4154789447784424,2.5063602924346924,2.301603078842163,2.366353750228882,2.435413360595703
2009-09-29,1.5757460594177246,1.6333543062210083,1.7144427299499512,1.6394891738891602,1.6765458583831787,1.735194444656372
2009-09-30,1.7310279607772827,1.8961080312728882,2.0934200286865234,1.6509193181991577,1.793043851852417,1.965031385421753
2009-10-01,2.115703821182251,2.2975716590881348,2.5228986740112305,1.9450526237487793,2.110499143600464,2.313053607940674
2009-10-02,2.381817579269409,2.548907518386841,2.7242040634155273,2.1573352813720703,2.304330348968506,2.453427791595459
2009-10-03,1.5444633960723877,1.5702730417251587,1.5566285848617554,1.5010615587234497,1.5395386219024658,1.5461323261260986
2009-10-04,1.1701374053955078,1.2521506547927856,1.3315694332122803,1.2749112844467163,1.3447507619857788,1.4239792823791504
2009-10-05,1.92210853099823,2.100752353668213,2.286470890045166,1.8927146196365356,2.0489308834075928,2.207698345184326
2009-10-06,1.4451085329055786,1.6226915121078491,1.8231648206710815,1.3569186925888062,1.5101265907287598,1.6926758289337158
2009-10-07,2.5361907482147217,2.5083649158477783,2.5298871994018555,2.6421701908111572,2.603372097015381,2.606685161590576
2009-10-08,3.1441798210144043,3.1422975063323975,3.160348415374756,3.20511531829834,3.2038087844848633,3.211524724960327
2009-10-09,5.0138115882873535,5.051733016967773,5.1223835945129395,5.093938827514648,5.121783256530762,5.17166805267334
2009-10-10,3.9212028980255127,3.980041742324829,4.073770999908447,3.99872088432312,4.0489068031311035,4.115385055541992
2009-10-11,2.0387766361236572,2.1882081031799316,2.386992931365967,1.9895188808441162,2.1138875484466553,2.275674343109131
2009-10-12,5.393718719482422,5.492108345031738,5.609172344207764,5.307136058807373,5.373611927032471,5.432671070098877
2009-10-13,1.4746190309524536,1.5536761283874512,1.6570916175842285,1.3537139892578125,1.4102877378463745,1.494868278503418
2009-10-14,3.1977968215942383,3.2866714000701904,3.40997052192688,3.1091148853302,3.1826701164245605,3.282179594039917
2009-10-15,1.3551934957504272,1.4418588876724243,1.5584900379180908,1.2373579740524292,1.3094700574874878,1.4132686853408813
2009-10-16,1.091461181640625,1.1449352502822876,1.2384566068649292,1.1986989974975586,1.2178385257720947,1.2607251405715942
2009-10-17,1.3014024496078491,1.337494134902954,1.3662430047988892,1.395125150680542,1.4260575771331787,1.4518241882324219
2009-10-18,1.0975346565246582,1.08440363407135,1.1302367448806763,1.1516625881195068,1.1205039024353027,1.1389473676681519
2009-10-19,2.858814001083374,2.8242383003234863,2.790328025817871,3.1222100257873535,3.0998709201812744,3.054323196411133
2009-10-20,2.10571551322937,2.177201509475708,2.2874550819396973,2.121875047683716,2.174583673477173,2.2474658489227295
2009-10-21,1.8388112783432007,1.838571548461914,1.857613444328308,1.8377628326416016,1.8216145038604736,1.8086707592010498
2009-10-22,5.823180675506592,6.029155731201172,6.325847625732422,5.867417335510254,6.0406036376953125,6.281596660614014
2009-10-23,4.084043025970459,4.002324104309082,3.93235182762146,4.318891525268555,4.234580993652344,4.15058708190918
2009-10-24,5.915714740753174,5.857742786407471,5.849645614624023,6.102926254272461,6.048684120178223,6.0214762687683105
2009-10-25,2.1900360584259033,2.1652185916900635,2.136226177215576,2.243075370788574,2.2259650230407715,2.206027030944824
2009-10-26,2.4394209384918213,2.462446451187134,2.485800266265869,2.464224100112915,2.488842010498047,2.5201995372772217
2009-10-27,5.131806373596191,5.201958656311035,5.325503826141357,5.045843124389648,5.0574822425842285,5.102050304412842
2009-10-28,3.9852182865142822,4.218574523925781,4.511904239654541,3.9410433769226074,4.128147602081299,4.3553876876831055
2009-10-29,1.4871649742126465,1.5098700523376465,1.5728107690811157,1.4882631301879883,1.495332956314087,1.5274264812469482
2009-10-30,5.971927165985107,6.121675491333008,6.370629787445068,6.090018272399902,6.217792510986328,6.38908576965332
2009-10-31,3.408168315887451,3.6324703693389893,3.940361976623535,3.314195394515991,3.5031328201293945,3.7636890411376953
2009-11-01,3.2695157527923584,3.3910579681396484,3.5483691692352295,3.186952829360962,3.2557966709136963,3.3638193607330322
2009-11-02,2.5934741497039795,2.6161675453186035,2.667522668838501,2.5850014686584473,2.595004081726074,2.629727602005005
2009-11-03,3.8470699787139893,3.932298183441162,4.227386951446533,3.908020496368408,3.9463815689086914,4.164400577545166
2009-11-04,7.092897415161133,7.233772277832031,7.36839485168457,7.100168228149414,7.1988911628723145,7.3166279792785645
2009-11-05,5.3669209480285645,5.561673164367676,5.80891227722168,5.325133323669434,5.475374698638916,5.681326389312744
2009-11-06,3.0724682807922363,3.1403791904449463,3.240708589553833,3.1647956371307373,3.2114901542663574,3.2812538146972656
2009-11-07,2.169795513153076,2.172130584716797,2.1784377098083496,2.199791669845581,2.201930284500122,2.224813461303711
2009-11-08,3.9310083389282227,3.935800790786743,3.936964511871338,3.934030532836914,3.9359488487243652,3.936209201812744
2009-11-09,1.3357677459716797,1.358704686164856,1.3998727798461914,1.5106574296951294,1.5077488422393799,1.5438849925994873
2009-11-10,5.595142841339111,5.616295337677002,5.69878625869751,5.606791019439697,5.599276065826416,5.6462202072143555
2009-11-11,7.342662334442139,7.476994037628174,7.633078575134277,7.3786845207214355,7.475120544433594,7.591277122497559
2009-11-12,5.720277309417725,5.839867115020752,5.953430652618408,5.652214050292969,5.764089584350586,5.885671615600586
2009-11-13,5.761866092681885,5.915987014770508,6.111415386199951,5.7809224128723145,5.898724555969238,6.0579609870910645
2009-11-14,3.9898664951324463,3.9081578254699707,3.911459445953369,4.272238731384277,4.194790840148926,4.156368732452393
2009-11-15,5.714984893798828,5.7340593338012695,5.788638114929199,5.808020114898682,5.815593719482422,5.849387168884277
2009-11-16,3.211242198944092,3.205007553100586,3.182457447052002,3.0169718265533447,2.9685189723968506,2.9141969680786133
2009-11-17,7.5149312019348145,7.555792808532715,7.71524715423584,7.583643913269043,7.586790084838867,7.685688018798828
2009-11-18,8.972028732299805,9.035263061523438,9.127227783203125,9.073919296264648,9.123347282409668,9.197901725769043
2009-11-19,4.709920406341553,4.8672075271606445,5.170191287994385,5.027914524078369,5.166484355926514,5.407534122467041
2009-11-20,3.291415214538574,3.2592368125915527,3.3245127201080322,3.4893040657043457,3.4558537006378174,3.5130810737609863
2009-11-21,5.609729766845703,5.578857421875,5.589669704437256,5.833642482757568,5.79642915725708,5.793059349060059
2009-11-22,3.6042356491088867,3.5996499061584473,3.5624663829803467,3.475391387939453,3.4730029106140137,3.4536960124969482
2009-11-23,2.5815227031707764,2.6372556686401367,2.8190317153930664,2.62741756439209,2.6492326259613037,2.762664556503296
2009-11-24,4.447608947753906,4.418932914733887,4.380114555358887,4.312021732330322,4.2673516273498535,4.224501609802246
2009-11-25,4.804392337799072,4.894412994384766,4.976969242095947,4.705326080322266,4.794007301330566,4.897213459014893
2009-11-26,4.23769474029541,4.354349136352539,4.546126842498779,4.0147905349731445,4.1179585456848145,4.291092395782471
2009-11-27,3.054582118988037,3.0594892501831055,3.118180274963379,2.994199752807617,2.986575126647949,3.019768238067627
2009-11-28,2.9027974605560303,2.9554107189178467,3.0757219791412354,3.0034735202789307,3.035456657409668,3.115750789642334
2009-11-29,2.3891282081604004,2.4159739017486572,2.518221855163574,2.572844982147217,2.5605626106262207,2.5792293548583984
2009-11-30,3.088348388671875,2.9890782833099365,2.8979573249816895,3.037585735321045,2.949862480163574,2.8536903858184814
2009-12-01,11.632844924926758,11.744802474975586,11.745759963989258,11.445959091186523,11.53331470489502,11.544894218444824
2009-12-02,10.69727611541748,10.986681938171387,11.355611801147461,10.69963550567627,10.93152904510498,11.215362548828125
2009-12-03,4.3337225914001465,4.2754316329956055,4.315560340881348,4.444489002227783,4.402393341064453,4.482764720916748
2009-12-04,3.5688819885253906,3.5892326831817627,3.620690107345581,3.5108747482299805,3.5121443271636963,3.5489110946655273
2009-12-05,2.260751962661743,2.279365062713623,2.3272745609283447,2.2037765979766846,2.2179317474365234,2.2696874141693115
2009-12-06,2.0384881496429443,2.061174154281616,2.1465137004852295,1.9534122943878174,1.9837754964828491,2.0820729732513428
2009-12-07,2.210975408554077,2.0833189487457275,2.0269339084625244,2.3889288902282715,2.256758213043213,2.157602548599243
2009-12-08,2.2962892055511475,2.295154571533203,2.361999034881592,2.3651022911071777,2.321275234222412,2.3386330604553223
2009-12-09,3.902536392211914,3.957981586456299,4.170222759246826,3.7173759937286377,3.7590115070343018,3.9476687908172607
2009-12-10,4.780426502227783,4.744924545288086,4.661962985992432,4.909000873565674,4.870612144470215,4.797467231750488
2009-12-11,5.759775638580322,5.82183837890625,5.928503036499023,5.773654937744141,5.800853729248047,5.853877067565918
2009-12-12,3.8591392040252686,4.03936767578125,4.2539873123168945,3.9277188777923584,4.0964179039001465,4.299286365509033
2009-12-13,4.850594520568848,4.980966091156006,5.235167980194092,4.401911735534668,4.4712815284729,4.672973155975342
2009-12-14,2.810814619064331,3.0132617950439453,3.347466230392456,2.6226696968078613,2.765733003616333,3.0163815021514893
2009-12-15,2.8386096954345703,2.9185914993286133,3.0596725940704346,2.7137792110443115,2.7710020542144775,2.8715152740478516
2009-12-16,2.769728899002075,2.9585540294647217,3.2921032905578613,2.730562925338745,2.8783040046691895,3.1287269592285156
2009-12-17,5.348339080810547,5.36885929107666,5.431817531585693,5.453847885131836,5.4716644287109375,5.508574485778809
2009-12-18,5.795956134796143,5.868460655212402,5.9889349937438965,5.894526481628418,5.96511697769165,6.052835464477539
2009-12-19,5.779826641082764,5.8538665771484375,5.86836576461792,5.759740352630615,5.814373016357422,5.822543621063232
2009-12-20,4.47964334487915,4.481873512268066,4.440104961395264,4.538259983062744,4.557795524597168,4.547455787658691
2009-12-21,2.804699659347534,2.822197914123535,2.820510149002075,2.9543581008911133,2.9682209491729736,2.9630353450775146
2009-12-22,4.748581409454346,4.870373725891113,5.049560070037842,4.641040325164795,4.7420783042907715,4.9053144454956055
2009-12-23,4.156559944152832,4.395611763000488,4.800908088684082,4.3533782958984375,4.55401611328125,4.908681392669678
2009-12-24,4.40907621383667,4.4832987785339355,4.637542247772217,4.438225269317627,4.481608867645264,4.57998514175415
2009-12-25,2.9964041709899902,2.9997591972351074,3.125171422958374,3.1165359020233154,3.1055691242218018,3.184117078781128
2009-12-26,4.21596097946167,4.194214820861816,4.19781494140625,4.446564197540283,4.4054341316223145,4.378170967102051
2009-12-27,5.833032131195068,6.030797481536865,6.289680004119873,6.078878402709961,6.248147964477539,6.462545394897461
2009-12-28,3.451871871948242,3.7612671852111816,4.143854141235352,3.625382661819458,3.8832790851593018,4.193113803863525
2009-12-29,4.208188056945801,4.206723213195801,4.27050256729126,4.375503063201904,4.339134216308594,4.332850456237793
2009-12-30,3.9180967807769775,3.78383207321167,3.6678340435028076,4.385361671447754,4.256577968597412,4.134668827056885
2009-12-31,2.620973587036133,2.6404011249542236,2.6340203285217285,2.7204082012176514,2.729724407196045,2.687556028366089
2010-01-01,5.227610111236572,5.323535442352295,5.443612575531006,5.168287754058838,5.227196216583252,5.316112995147705
2010-01-02,4.247718811035156,4.334540843963623,4.451051235198975,4.132410049438477,4.197800159454346,4.313331127166748
2010-01-03,5.443777561187744,5.6504716873168945,5.98520565032959,5.364877223968506,5.541877269744873,5.832815647125244
2010-01-04,6.283477306365967,6.577911853790283,6.932034969329834,6.227043151855469,6.493548393249512,6.795967102050781
2010-01-05,4.087828636169434,4.161489486694336,4.336751937866211,4.141697883605957,4.130646705627441,4.188736915588379
2010-01-06,6.7242512702941895,6.9155354499816895,7.197901248931885,6.742144584655762,6.874217987060547,7.073171615600586
2010-01-07,4.0608601570129395,4.07767391204834,4.1611738204956055,4.2030487060546875,4.198724269866943,4.246897220611572
2010-01-08,6.906218528747559,6.925826072692871,6.958113670349121,6.952515125274658,6.958437442779541,6.964686393737793
2010-01-09,7.540133953094482,7.725325584411621,7.956223011016846,7.514461040496826,7.663742542266846,7.868705749511719
2010-01-10,3.7494606971740723,3.6246371269226074,3.6011767387390137,3.9422404766082764,3.7903730869293213,3.710355043411255
2010-01-11,5.4188008308410645,5.447746753692627,5.566085338592529,5.661872386932373,5.681172847747803,5.7648234367370605
2010-01-12,5.3908772468566895,5.585070610046387,5.79620885848999,5.476146221160889,5.6531171798706055,5.8295416831970215
2010-01-13,2.1499526500701904,2.270359754562378,2.4768457412719727,2.324212074279785,2.4055192470550537,2.5561156272888184
2010-01-14,2.756784200668335,2.7098584175109863,2.705482006072998,2.8714189529418945,2.827859401702881,2.813640832901001
2010-01-15,3.6929407119750977,3.8543319702148438,4.104608058929443,3.902153491973877,4.04320764541626,4.247257232666016
2010-01-16,5.325387954711914,5.495782852172852,5.697925567626953,5.395747661590576,5.560854911804199,5.761680603027344
2010-01-17,8.375151634216309,8.616521835327148,9.036775588989258,8.577271461486816,8.779560089111328,9.12356948852539
2010-01-18,4.4416093826293945,4.585874557495117,4.9007768630981445,4.665899753570557,4.757915019989014,4.978034496307373
2010-01-19,4.727759838104248,4.753566265106201,4.900616645812988,5.152731895446777,5.166040897369385,5.265326023101807
2010-01-20,2.1651878356933594,2.0896151065826416,2.0557520389556885,2.530686616897583,2.420344352722168,2.3283398151397705
2010-01-21,5.90168571472168,6.177911281585693,6.484426975250244,6.0427069664001465,6.283692836761475,6.5456366539001465
2010-01-22,3.550551652908325,3.5956876277923584,3.736833095550537,3.7138936519622803,3.7338554859161377,3.827700138092041
2010-01-23,2.64846134185791,2.7297213077545166,2.820636510848999,2.577874183654785,2.6344857215881348,2.7061619758605957
2010-01-24,5.505791187286377,5.848318576812744,6.189548015594482,5.607868194580078,5.933104515075684,6.245871543884277
2010-01-25,2.6469461917877197,2.607527256011963,2.6238503456115723,2.784884214401245,2.703911781311035,2.659601926803589
2010-01-26,4.991437911987305,5.258840560913086,5.666444301605225,5.112854480743408,5.336434841156006,5.656351089477539
2010-01-27,4.831736087799072,4.9462103843688965,5.084023952484131,4.873425006866455,4.965594291687012,5.081457614898682
2010-01-28,5.375687599182129,5.5382256507873535,5.802842140197754,5.622457504272461,5.749638557434082,5.954733371734619
2010-01-29,4.6483683586120605,4.783061504364014,5.022426128387451,4.844646453857422,4.932441711425781,5.10344123840332
2010-01-30,3.779228687286377,3.8552052974700928,3.9491443634033203,3.7438321113586426,3.7930753231048584,3.8629324436187744
2010-01-31,4.880166053771973,4.934024333953857,5.077884197235107,5.10689640045166,5.138948917388916,5.2314372062683105
2010-02-01,5.7427897453308105,5.801538944244385,5.909054756164551,5.741973400115967,5.790439605712891,5.864928245544434
2010-02-02,4.573481559753418,4.791199684143066,4.984094142913818,4.640117645263672,4.831897735595703,4.947742938995361
2010-02-03,3.9682531356811523,3.9140536785125732,3.9121155738830566,4.3476080894470215,4.3370561599731445,4.346365451812744
2010-02-04,9.193733215332031,9.172207832336426,9.305340766906738,9.452399253845215,9.406598091125488,9.469618797302246
2010-02-05,7.683442115783691,8.046409606933594,8.42513656616211,7.690025806427002,8.00735855102539,8.327048301696777
2010-02-06,5.460926055908203,5.502109527587891,5.601923942565918,5.576204299926758,5.598048210144043,5.628639221191406
2010-02-07,2.325287342071533,2.3462727069854736,2.5015249252319336,2.3855607509613037,2.408878803253174,2.541867256164551
2010-02-08,4.9227728843688965,4.993236064910889,5.124083995819092,4.81011962890625,4.8811516761779785,4.961655616760254
2010-02-09,7.03542423248291,7.093238830566406,7.220210075378418,7.151719093322754,7.21007776260376,7.307370662689209
2010-02-10,6.301542282104492,6.467765808105469,6.776174068450928,6.178086757659912,6.320362091064453,6.601097583770752
2010-02-11,6.148309230804443,6.320888042449951,6.669530868530273,6.081317901611328,6.219293594360352,6.503235816955566
2010-02-12,5.0479536056518555,5.277410507202148,5.675386428833008,5.034533500671387,5.221899509429932,5.551605701446533
2010-02-13,3.3163509368896484,3.541123151779175,3.875091075897217,3.275822877883911,3.4676873683929443,3.7294113636016846
2010-02-14,4.1693291664123535,4.358083248138428,4.618836879730225,3.9599006175994873,4.108413219451904,4.310143947601318
2010-02-15,5.806017875671387,6.09287691116333,6.33826208114624,5.634615421295166,5.905585765838623,6.104558944702148
2010-02-16,3.3595869541168213,3.2631731033325195,3.2578790187835693,3.3365039825439453,3.2304325103759766,3.20503830909729
2010-02-17,5.989084243774414,6.034809112548828,6.1811347007751465,5.9737772941589355,5.9910993576049805,6.083933353424072
2010-02-18,3.8003416061401367,3.9237334728240967,4.157217979431152,3.6651549339294434,3.7601661682128906,3.9546961784362793
2010-02-19,3.4077444076538086,3.511945962905884,3.640174627304077,3.22011399269104,3.3112404346466064,3.4289591312408447
2010-02-20,4.885709762573242,5.096211910247803,5.293819427490234,4.593892574310303,4.795982360839844,5.002615928649902
2010-02-21,4.879067897796631,5.240606307983398,5.605648040771484,4.303535461425781,4.624728679656982,4.98142147064209
2010-02-22,3.9238455295562744,4.237697601318359,4.645531177520752,3.58398175239563,3.858846426010132,4.237361431121826
2010-02-23,2.543903112411499,2.712409019470215,2.9215877056121826,2.4859461784362793,2.625365972518921,2.7873642444610596
2010-02-24,2.9172658920288086,2.954876661300659,3.064018487930298,3.0345470905303955,3.075873374938965,3.1873297691345215
2010-02-25,3.508056402206421,3.6221251487731934,3.8436167240142822,3.6643855571746826,3.7428905963897705,3.892047882080078
2010-02-26,1.9906567335128784,2.0907671451568604,2.2208409309387207,2.0740418434143066,2.1645822525024414,2.2645926475524902
2010-02-27,5.611570358276367,5.61373233795166,5.695211887359619,5.836635112762451,5.840174198150635,5.903233528137207
2010-02-28,6.3087849617004395,6.4027419090271,6.614547252655029,6.2835693359375,6.348780632019043,6.5305562019348145
2010-03-01,5.9235148429870605,6.017981052398682,6.127480506896973,5.952594757080078,6.039506435394287,6.147298336029053
2010-03-02,4.207515239715576,4.329721450805664,4.526247024536133,4.261972427368164,4.379724025726318,4.554460048675537
2010-03-03,3.1630642414093018,3.2514853477478027,3.3758320808410645,3.044177532196045,3.1238698959350586,3.226107597351074
2010-03-04,3.6810407638549805,3.6060519218444824,3.6444642543792725,3.9213085174560547,3.8591911792755127,3.880525588989258
2010-03-05,4.175228595733643,4.207967281341553,4.326357841491699,4.280090808868408,4.311049938201904,4.421926021575928
2010-03-06,8.886191368103027,8.891862869262695,8.955465316772461,9.035443305969238,9.018790245056152,9.021161079406738
2010-03-07,6.244457721710205,6.447571277618408,6.71312952041626,6.272029876708984,6.439181327819824,6.6424760818481445
2010-03-08,4.131385326385498,4.174920558929443,4.289069175720215,4.17571496963501,4.211414813995361,4.321666717529297
2010-03-09,4.875744342803955,4.920421123504639,5.043700218200684,4.916069030761719,4.952085971832275,5.057966709136963
2010-03-10,3.520825147628784,3.6123223304748535,3.812408924102783,3.4147071838378906,3.489266872406006,3.6577205657958984
2010-03-11,1.807788610458374,1.7792099714279175,1.8238648176193237,1.974387526512146,1.9274699687957764,1.9402704238891602
2010-03-12,2.1620538234710693,2.1064612865448,2.1461501121520996,2.3374521732330322,2.274332284927368,2.2816872596740723
2010-03-13,4.6333088874816895,4.735589981079102,4.926575660705566,4.803814888000488,4.906207084655762,5.070478439331055
2010-03-14,5.435541152954102,5.2953386306762695,5.196473598480225,5.585829734802246,5.428976058959961,5.281893253326416
2010-03-15,2.91756010055542,2.8423171043395996,2.8412671089172363,3.194629192352295,3.126537561416626,3.1068568229675293
2010-03-16,5.665029525756836,5.755557537078857,5.858551979064941,5.438455581665039,5.556758880615234,5.642760276794434
2010-03-17,4.243428707122803,4.30298376083374,4.3900861740112305,4.26959753036499,4.32735538482666,4.385983467102051
2010-03-18,2.977006196975708,3.13043475151062,3.370609998703003,2.950530767440796,3.0272042751312256,3.1830623149871826
2010-03-19,4.2637763023376465,4.249233722686768,4.275393486022949,4.413563251495361,4.39815616607666,4.400041103363037
2010-03-20,5.179398536682129,5.2095489501953125,5.301275253295898,5.296014785766602,5.32892370223999,5.393779277801514
2010-03-21,8.034626007080078,8.097763061523438,8.239534378051758,8.230461120605469,8.294471740722656,8.38665771484375
2010-03-22,3.376439094543457,3.600451707839966,3.9333560466766357,3.4994959831237793,3.6989684104919434,3.967679262161255
2010-03-23,3.680558681488037,3.7472646236419678,3.8583121299743652,3.6366775035858154,3.712981939315796,3.8237860202789307
2010-03-24,4.058895111083984,4.186336517333984,4.450166702270508,4.131701946258545,4.257299900054932,4.471858501434326
2010-03-25,5.7438836097717285,5.830699443817139,5.9099321365356445,5.9114484786987305,6.0000457763671875,6.060906410217285
2010-03-26,4.380242824554443,4.403217792510986,4.517025470733643,4.3185272216796875,4.3488945960998535,4.439266204833984
2010-03-27,7.12834358215332,7.177012920379639,7.274277687072754,7.27606725692749,7.320662498474121,7.384764194488525
2010-03-28,5.408328056335449,5.545339107513428,5.733461380004883,5.545777320861816,5.666644096374512,5.808111667633057
2010-03-29,5.582608222961426,5.6939520835876465,5.850484371185303,5.841798782348633,5.939347743988037,6.049464702606201
2010-03-30,3.7744016647338867,4.00193452835083,4.275325775146484,3.9704456329345703,4.190113544464111,4.445966720581055
2010-03-31,3.5830512046813965,3.611825942993164,3.7108569145202637,3.691336154937744,3.686856508255005,3.7076416015625
2010-04-01,2.0141348838806152,1.997623324394226,2.0638983249664307,2.0489699840545654,2.0261988639831543,2.056361436843872
2010-04-02,4.9727959632873535,5.13123083114624,5.341383457183838,4.976501941680908,5.118964195251465,5.28938102722168
2010-04-03,2.154355049133301,2.2519915103912354,2.3992719650268555,2.267249345779419,2.3602547645568848,2.4826223850250244
2010-04-04,5.396431922912598,5.371953964233398,5.400538921356201,5.4739532470703125,5.447904586791992,5.436580181121826
2010-04-05,7.249632358551025,7.4474687576293945,7.729926109313965,7.356125831604004,7.5415120124816895,7.750330448150635
2010-04-06,5.473705291748047,5.513355255126953,5.589719295501709,5.502306938171387,5.540480613708496,5.59753942489624
2010-04-07,5.027144908905029,5.076495170593262,5.1648664474487305,5.123467922210693,5.159505367279053,5.2170186042785645
2010-04-08,5.348923206329346,5.464282989501953,5.631208896636963,5.436389923095703,5.545050621032715,5.687984466552734
2010-04-09,6.523904800415039,6.614754676818848,6.73301887512207,6.7558135986328125,6.823118209838867,6.879064083099365
2010-04-10,2.5730161666870117,2.746425151824951,2.9689078330993652,2.6391713619232178,2.7757017612457275,2.9503843784332275
2010-04-11,2.54669189453125,2.600119113922119,2.6841776371002197,2.5840117931365967,2.635496139526367,2.7030837535858154
2010-04-12,3.160229444503784,3.2026591300964355,3.2664542198181152,3.30267333984375,3.356166124343872,3.40328311920166
2010-04-13,4.049448490142822,4.10085391998291,4.16876220703125,4.057120323181152,4.126476764678955,4.193130016326904
2010-04-14,3.036999225616455,3.1507010459899902,3.276923418045044,2.963514804840088,3.0805459022521973,3.197690963745117
2010-04-15,1.9900416135787964,2.1600284576416016,2.287421464920044,1.9721059799194336,2.137218713760376,2.268228530883789
2010-04-16,1.2592517137527466,1.2897871732711792,1.374127745628357,1.2986714839935303,1.2885056734085083,1.327539086341858
2010-04-17,1.511667013168335,1.5667122602462769,1.6987922191619873,1.6280828714370728,1.6781734228134155,1.7930065393447876
2010-04-18,2.0544795989990234,2.1283304691314697,2.2589104175567627,2.0794336795806885,2.161695957183838,2.2748422622680664
2010-04-19,1.1993175745010376,1.1905630826950073,1.189734697341919,1.3371745347976685,1.3175026178359985,1.2903133630752563
2010-04-20,4.091592788696289,4.219902038574219,4.444120407104492,4.255809307098389,4.3792901039123535,4.534152984619141
2010-04-21,4.629620552062988,4.657857894897461,4.684845924377441,4.721395969390869,4.76460599899292,4.783977031707764
2010-04-22,4.096503257751465,4.176980495452881,4.267695426940918,4.171893119812012,4.247054100036621,4.304177761077881
2010-04-23,1.8549959659576416,1.8500440120697021,1.8091293573379517,1.884757161140442,1.8870476484298706,1.865633487701416
2010-04-24,3.395489454269409,3.494138240814209,3.5623972415924072,3.2668707370758057,3.3753488063812256,3.4442081451416016
2010-04-25,2.717905044555664,2.75597882270813,2.843531847000122,2.8925609588623047,2.936837673187256,3.019587755203247
2010-04-26,3.942359447479248,3.9966063499450684,4.119307041168213,4.145392894744873,4.20047664642334,4.306753635406494
2010-04-27,3.6693623065948486,3.7696783542633057,3.9472482204437256,3.730881452560425,3.8035409450531006,3.930920362472534
2010-04-28,4.181567192077637,4.2322235107421875,4.363275527954102,4.375818252563477,4.401932716369629,4.502540111541748
2010-04-29,1.5898301601409912,1.6387189626693726,1.7375147342681885,1.63325035572052,1.6663748025894165,1.7428679466247559
2010-04-30,2.8340299129486084,2.8382320404052734,2.890291929244995,2.9720146656036377,2.972369432449341,3.0183613300323486
2010-05-01,3.880558729171753,3.9016377925872803,3.9884493350982666,4.157443523406982,4.142289161682129,4.178555488586426
2010-05-02,2.4362106323242188,2.4684219360351562,2.5544300079345703,2.614957809448242,2.6188149452209473,2.667970895767212
2010-05-03,3.5777034759521484,3.6479647159576416,3.7674031257629395,3.7019286155700684,3.7533414363861084,3.8491880893707275
2010-05-04,3.592528820037842,3.6781253814697266,3.7971127033233643,3.68114972114563,3.7383880615234375,3.8270339965820312
2010-05-05,2.8431646823883057,2.9206318855285645,3.0480735301971436,2.8815817832946777,2.9485466480255127,3.0558791160583496
2010-05-06,1.6152292490005493,1.637184977531433,1.6581339836120605,1.6976057291030884,1.7129231691360474,1.72516930103302
2010-05-07,3.040177345275879,3.0733771324157715,3.160651206970215,3.16410231590271,3.176358938217163,3.2224316596984863
2010-05-08,4.614781856536865,4.655216693878174,4.721723556518555,4.83738374710083,4.863131523132324,4.89908504486084
2010-05-09,2.158860921859741,2.2167234420776367,2.32426118850708,2.096151113510132,2.1388611793518066,2.2220122814178467
2010-05-10,4.096320152282715,4.088357448577881,4.117796421051025,4.158332347869873,4.128907680511475,4.134117603302002
2010-05-11,5.025404930114746,5.114669322967529,5.269739627838135,5.095312595367432,5.159003257751465,5.281304359436035
2010-05-12,3.6628992557525635,3.8133440017700195,3.965771436691284,3.7185416221618652,3.8479082584381104,3.9798061847686768
2010-05-13,1.4480628967285156,1.487242341041565,1.5147523880004883,1.5083900690078735,1.5320539474487305,1.547035813331604
2010-05-14,3.118960380554199,3.152662992477417,3.1906375885009766,3.0690600872039795,3.100842237472534,3.138003349304199
2010-05-15,3.7461085319519043,3.855365753173828,4.028076648712158,3.7117247581481934,3.78417706489563,3.9235360622406006
2010-05-16,1.5033466815948486,1.555998682975769,1.6028803586959839,1.5460296869277954,1.5987601280212402,1.6547802686691284
2010-05-17,4.587122440338135,4.639519214630127,4.733402729034424,4.672255039215088,4.701681137084961,4.766780376434326
2010-05-18,3.6281957626342773,3.7616844177246094,3.9144296646118164,3.6329898834228516,3.7505099773406982,3.8925583362579346
2010-05-19,1.7699227333068848,1.7480844259262085,1.7591300010681152,1.6433331966400146,1.6286112070083618,1.6532349586486816
2010-05-20,3.9419023990631104,3.9712905883789062,4.112224578857422,3.82222580909729,3.8258700370788574,3.9387519359588623
2010-05-21,2.881418466567993,2.9218153953552246,3.0176637172698975,2.961524724960327,2.9595913887023926,3.014503240585327
2010-05-22,2.0709526538848877,2.132702112197876,2.2353808879852295,2.1192305088043213,2.1592018604278564,2.2314255237579346
2010-05-23,3.246236562728882,3.2555603981018066,3.3481922149658203,3.2050139904022217,3.189856767654419,3.2489120960235596
2010-05-24,3.5201199054718018,3.5942225456237793,3.7015109062194824,3.4735026359558105,3.522977113723755,3.6025619506835938
2010-05-25,1.9908559322357178,2.040428400039673,2.0896520614624023,2.0208334922790527,2.066633701324463,2.109711170196533
2010-05-26,2.321563482284546,2.338895320892334,2.389554023742676,2.1805496215820312,2.1798417568206787,2.2025933265686035
2010-05-27,3.511927366256714,3.6190221309661865,3.723262071609497,3.394343614578247,3.4781665802001953,3.564056634902954
2010-05-28,2.058161735534668,2.0873968601226807,2.1101229190826416,2.185335397720337,2.221285581588745,2.2441821098327637
2010-05-29,1.4399354457855225,1.4081215858459473,1.420122504234314,1.4686565399169922,1.4432624578475952,1.4495489597320557
2010-05-30,4.16163969039917,4.219719886779785,4.276201248168945,4.111970901489258,4.15743350982666,4.208104133605957
2010-05-31,4.802447319030762,4.979673862457275,5.181841850280762,4.6987738609313965,4.83816385269165,5.011890411376953
2010-06-01,2.0791640281677246,2.159276008605957,2.2397401332855225,2.1989827156066895,2.27933669090271,2.356527805328369
2010-06-02,2.8825693130493164,2.78113055229187,2.6571173667907715,2.8878426551818848,2.8120391368865967,2.724273443222046
2010-06-03,3.0485618114471436,3.0448806285858154,3.0397324562072754,3.1587231159210205,3.1534810066223145,3.1536426544189453
2010-06-04,4.17214822769165,4.315345287322998,4.520792484283447,3.8723106384277344,3.9772236347198486,4.158397197723389
2010-06-05,2.5037341117858887,2.5331103801727295,2.5881481170654297,2.42864727973938,2.4451866149902344,2.491107702255249
2010-06-06,1.849207878112793,1.86408269405365,1.88919198513031,1.8586632013320923,1.867560863494873,1.8931902647018433
2010-06-07,3.005009889602661,2.9288995265960693,2.8372278213500977,2.84035062789917,2.739305019378662,2.638821601867676
2010-06-08,4.0402631759643555,4.0749831199646,4.115137100219727,4.231167316436768,4.262868404388428,4.287776470184326
2010-06-09,2.64235782623291,2.6932106018066406,2.771190881729126,2.4842779636383057,2.5092310905456543,2.5582997798919678
2010-06-10,3.140474557876587,3.199493646621704,3.3735811710357666,3.2309515476226807,3.2567081451416016,3.372605562210083
2010-06-11,3.092991590499878,3.150397539138794,3.220453977584839,2.98099684715271,3.024022340774536,3.0600688457489014
2010-06-12,4.7978196144104,4.914203643798828,5.060065746307373,4.88760232925415,4.979865074157715,5.101937294006348
2010-06-13,2.0585989952087402,2.139761209487915,2.2604494094848633,2.157358169555664,2.2220001220703125,2.3147902488708496
2010-06-14,2.6818089485168457,2.730109930038452,2.7858223915100098,2.7131943702697754,2.7338011264801025,2.7651960849761963
2010-06-15,3.479316234588623,3.5327954292297363,3.626333713531494,3.5748984813690186,3.6084887981414795,3.6852691173553467
2010-06-16,4.560101509094238,4.68375301361084,4.809395790100098,4.502590179443359,4.587937831878662,4.6681108474731445
2010-06-17,1.9474551677703857,1.9875794649124146,2.141326904296875,1.9378910064697266,1.9567909240722656,2.0747838020324707
2010-06-18,3.8868613243103027,3.9146728515625,3.959165096282959,3.875427722930908,3.8770663738250732,3.8933537006378174
2010-06-19,3.7362117767333984,3.881864309310913,4.017911434173584,3.607372760772705,3.7401535511016846,3.865055799484253
2010-06-20,1.5453938245773315,1.5641744136810303,1.609986662864685,1.4189070463180542,1.4336369037628174,1.4852734804153442
2010-06-21,3.060455322265625,3.1801717281341553,3.3735926151275635,3.042987108230591,3.134901523590088,3.2826709747314453
2010-06-22,1.9242889881134033,1.9157179594039917,1.933350920677185,1.7704795598983765,1.756089210510254,1.7710692882537842
2010-06-23,2.9246554374694824,3.070956230163574,3.2549400329589844,2.835953950881958,2.955127239227295,3.1023685932159424
2010-06-24,1.8243566751480103,1.8422553539276123,1.854232907295227,1.8643591403961182,1.892982840538025,1.9217112064361572
2010-06-25,2.912534713745117,2.9988179206848145,3.2138731479644775,3.0342698097229004,3.065711259841919,3.1938560009002686
2010-06-26,4.332144260406494,4.368039131164551,4.479973316192627,4.368156433105469,4.383876323699951,4.4554877281188965
2010-06-27,2.4336116313934326,2.604433298110962,2.856762409210205,2.4281063079833984,2.566246747970581,2.7807016372680664
2010-06-28,2.7049179077148438,2.8812313079833984,3.116142988204956,2.6186673641204834,2.7700421810150146,2.9637465476989746
2010-06-29,3.854320764541626,3.866879940032959,3.917058229446411,4.023919582366943,4.018141269683838,4.038247108459473
2010-06-30,3.8324310779571533,3.7809202671051025,3.781073808670044,3.995412588119507,3.929475784301758,3.909623384475708
2010-07-01,2.473906993865967,2.640709161758423,2.812804937362671,2.4416568279266357,2.5820939540863037,2.763129234313965
2010-07-02,1.7642838954925537,1.7566758394241333,2.0186967849731445,1.740781545639038,1.7225632667541504,1.9310499429702759
2010-07-03,1.8243074417114258,1.8597123622894287,1.9259364604949951,1.8497785329818726,1.862235426902771,1.8879247903823853
2010-07-04,0.8857715129852295,0.9587306380271912,1.090273141860962,0.8343043327331543,0.9109209775924683,1.0426570177078247
2010-07-05,2.6123464107513428,2.544987201690674,2.423027276992798,2.815422773361206,2.754356861114502,2.6450788974761963
2010-07-06,3.098865509033203,3.1871390342712402,3.2872557640075684,3.0693249702453613,3.137159585952759,3.220231294631958
2010-07-07,2.5352623462677,2.554579973220825,2.555706262588501,2.67181396484375,2.685492515563965,2.6894567012786865
2010-07-08,3.6413137912750244,3.717785120010376,3.7454447746276855,3.519972085952759,3.58453631401062,3.6224303245544434
2010-07-09,1.789119839668274,1.8680471181869507,1.9510458707809448,1.688567042350769,1.7692099809646606,1.859836220741272
2010-07-10,2.228109359741211,2.2859065532684326,2.3998892307281494,2.2128307819366455,2.2543272972106934,2.3461549282073975
2010-07-11,3.3071699142456055,3.4363811016082764,3.583364248275757,3.304414987564087,3.4200034141540527,3.546035051345825
2010-07-12,1.592581868171692,1.6539456844329834,1.770640254020691,1.4842455387115479,1.5408166646957397,1.6583192348480225
2010-07-13,3.080916166305542,3.1588287353515625,3.248736619949341,3.0424957275390625,3.1001484394073486,3.1806437969207764
2010-07-14,5.550751209259033,5.7379841804504395,5.953709602355957,5.466790676116943,5.6332926750183105,5.823953151702881
2010-07-15,2.312011241912842,2.412386178970337,2.5234344005584717,2.4168953895568848,2.4995830059051514,2.588308572769165
2010-07-16,1.8582384586334229,1.9414458274841309,2.057387351989746,1.7237567901611328,1.7909660339355469,1.8862930536270142
2010-07-17,3.057366371154785,3.120246171951294,3.215057849884033,3.098041296005249,3.1262619495391846,3.169482946395874
2010-07-18,3.5660946369171143,3.6383655071258545,3.6897366046905518,3.5773048400878906,3.637718677520752,3.6779744625091553
2010-07-19,2.6671698093414307,2.7764511108398438,2.8832926750183105,2.550459384918213,2.6378326416015625,2.7245583534240723
2010-07-20,2.408496379852295,2.3905484676361084,2.42913818359375,2.519723415374756,2.471585512161255,2.4643986225128174
2010-07-21,3.253227949142456,3.2604353427886963,3.2647762298583984,3.5496087074279785,3.5423152446746826,3.5259883403778076
2010-07-22,2.9959371089935303,3.162996292114258,3.366445541381836,2.875861406326294,3.0354528427124023,3.2238333225250244
2010-07-23,2.322390556335449,2.447749614715576,2.54178524017334,2.142746686935425,2.2317426204681396,2.2749950885772705
2010-07-24,2.873652696609497,2.9622161388397217,3.040513277053833,2.744835615158081,2.8122448921203613,2.869333028793335
2010-07-25,5.493554592132568,5.557631015777588,5.576353549957275,5.37360143661499,5.402144908905029,5.400536060333252
2010-07-26,2.5069961547851562,2.4439280033111572,2.443657398223877,2.9414875507354736,2.849133014678955,2.771151542663574
2010-07-27,3.44882869720459,3.472174882888794,3.4147658348083496,3.4491443634033203,3.4582748413085938,3.38448429107666
2010-07-28,2.7915284633636475,2.8109610080718994,2.851924419403076,2.8986024856567383,2.88079833984375,2.882810115814209
2010-07-29,2.914459705352783,2.9723713397979736,3.0381686687469482,3.028554916381836,3.0678224563598633,3.1073825359344482
2010-07-30,2.836042881011963,2.864126682281494,2.89505672454834,2.863800525665283,2.8883323669433594,2.912431478500366
2010-07-31,2.3262853622436523,2.3542392253875732,2.365691661834717,2.2831759452819824,2.2967395782470703,2.300842761993408
2010-08-01,1.9021857976913452,1.9666738510131836,2.043543815612793,1.924227237701416,1.977903962135315,2.0398190021514893
2010-08-02,1.1637603044509888,1.235487461090088,1.3199379444122314,1.0670634508132935,1.12515127658844,1.1999741792678833
2010-08-03,2.929697036743164,3.0881423950195312,3.326115131378174,2.8215510845184326,2.9434406757354736,3.1410038471221924
2010-08-04,2.147617816925049,2.168051242828369,2.251481533050537,2.2355494499206543,2.2487947940826416,2.332481622695923
2010-08-05,2.266557455062866,2.312042236328125,2.3427348136901855,2.342658281326294,2.3756470680236816,2.397059440612793
2010-08-06,2.314507484436035,2.3985772132873535,2.4792675971984863,2.2966034412384033,2.366112470626831,2.4310085773468018
2010-08-07,2.276224374771118,2.324491500854492,2.3729302883148193,2.23702335357666,2.265866279602051,2.297820806503296
2010-08-08,1.8243803977966309,1.8556658029556274,1.936071515083313,1.9160181283950806,1.9351577758789062,1.9989798069000244
2010-08-09,2.273303985595703,2.188702344894409,2.0928335189819336,2.359701156616211,2.278864860534668,2.1851391792297363
2010-08-10,2.6628174781799316,2.7258050441741943,2.80096173286438,2.570885181427002,2.612123966217041,2.6695713996887207
2010-08-11,3.543748378753662,3.637420177459717,3.743405818939209,3.513338327407837,3.5617306232452393,3.6370973587036133
2010-08-12,1.9017457962036133,1.968017816543579,2.0545907020568848,2.0336239337921143,2.0952961444854736,2.1803572177886963
2010-08-13,2.297461748123169,2.398282289505005,2.517812728881836,2.1626405715942383,2.234386682510376,2.3229780197143555
2010-08-14,3.798403024673462,3.814809799194336,3.8936755657196045,3.7921817302703857,3.786839008331299,3.843226194381714
2010-08-15,2.935906171798706,3.0233302116394043,3.0996832847595215,3.0478782653808594,3.1353402137756348,3.211235284805298
2010-08-16,1.207535743713379,1.248286247253418,1.2926506996154785,1.1820101737976074,1.2040385007858276,1.243515133857727
2010-08-17,3.3816723823547363,3.412997245788574,3.4550201892852783,3.3904318809509277,3.4187123775482178,3.4514706134796143
2010-08-18,2.4988937377929688,2.5762054920196533,2.6819450855255127,2.6006734371185303,2.6676642894744873,2.7614455223083496
2010-08-19,1.859656810760498,1.8589277267456055,1.8882136344909668,1.924550175666809,1.937424898147583,1.9843482971191406
2010-08-20,2.3131730556488037,2.479966640472412,2.642075777053833,2.2688629627227783,2.408385753631592,2.544081211090088
2010-08-21,1.443692684173584,1.4762552976608276,1.5284405946731567,1.5981597900390625,1.606595516204834,1.6101315021514893
2010-08-22,2.6762421131134033,2.7645890712738037,2.9106857776641846,2.782147169113159,2.843167304992676,2.948310613632202
2010-08-23,2.5148837566375732,2.5929150581359863,2.6761276721954346,2.498506784439087,2.562628984451294,2.6312220096588135
2010-08-24,2.474163055419922,2.5411362648010254,2.607056140899658,2.3820087909698486,2.421565294265747,2.4559953212738037
2010-08-25,3.467421770095825,3.5621020793914795,3.686445713043213,3.4827587604522705,3.5536935329437256,3.659588575363159
2010-08-26,2.070451021194458,2.200608015060425,2.3458900451660156,1.8951910734176636,2.011324644088745,2.1446359157562256
2010-08-27,2.2905919551849365,2.1834614276885986,2.144477128982544,2.230475664138794,2.1330175399780273,2.109318494796753
2010-08-28,4.135334014892578,4.312225341796875,4.533041477203369,3.8371636867523193,3.9549520015716553,4.096017837524414
2010-08-29,3.2338945865631104,3.2754387855529785,3.3245184421539307,3.146204710006714,3.1350021362304688,3.141594409942627
2010-08-30,2.816110849380493,2.747253656387329,2.745333194732666,2.847022294998169,2.766092300415039,2.736510753631592
2010-08-31,2.1025030612945557,2.164754867553711,2.249432325363159,2.094949722290039,2.1465697288513184,2.209712505340576
2010-09-01,3.031071424484253,3.062407970428467,3.137587547302246,3.0736007690429688,3.091848373413086,3.1464521884918213
2010-09-02,1.8365206718444824,1.8712912797927856,1.8965803384780884,1.8698214292526245,1.8960703611373901,1.911293387413025
2010-09-03,2.5596017837524414,2.714953660964966,2.9079411029815674,2.4787487983703613,2.6140735149383545,2.7756190299987793
2010-09-04,3.699788808822632,3.7073988914489746,3.778784990310669,3.9476749897003174,3.9530632495880127,4.010077953338623
2010-09-05,4.00701904296875,4.09943151473999,4.252665996551514,4.120481491088867,4.184871673583984,4.2893452644348145
2010-09-06,2.1703221797943115,2.2297661304473877,2.3569517135620117,2.4252164363861084,2.469550371170044,2.564898729324341
2010-09-07,3.011425733566284,3.0636467933654785,3.1714863777160645,3.109260320663452,3.128509998321533,3.1929874420166016
2010-09-08,3.8343393802642822,3.8371593952178955,3.921718120574951,4.094367027282715,4.053674221038818,4.076773166656494
2010-09-09,3.3533976078033447,3.4203407764434814,3.534595489501953,3.4225738048553467,3.4635281562805176,3.5294275283813477
2010-09-10,1.488338828086853,1.4885640144348145,1.5012825727462769,1.4185799360275269,1.4012740850448608,1.378849983215332
2010-09-11,2.4316396713256836,2.628183364868164,2.909348964691162,2.4644644260406494,2.596853733062744,2.8077175617218018
2010-09-12,3.46559476852417,3.4706485271453857,3.437127113342285,3.48462176322937,3.4730613231658936,3.394076347351074
2010-09-13,3.057469606399536,3.014962673187256,2.9674830436706543,3.227393388748169,3.1629276275634766,3.0953786373138428
2010-09-14,3.888401508331299,3.9071035385131836,3.9371373653411865,3.935279369354248,3.9283342361450195,3.949481725692749
2010-09-15,2.5230019092559814,2.552950143814087,2.6017680168151855,2.413494825363159,2.4324700832366943,2.468883991241455
2010-09-16,1.5898633003234863,1.5547150373458862,1.494979739189148,1.3912259340286255,1.3380703926086426,1.2761815786361694
2010-09-17,3.0602447986602783,3.0904719829559326,3.197030782699585,3.2846550941467285,3.3145365715026855,3.4017493724823
2010-09-18,4.99901008605957,5.06372594833374,5.150749683380127,5.018856048583984,5.043782711029053,5.083117961883545
2010-09-19,5.790369033813477,5.960422992706299,6.139051914215088,5.84096097946167,5.966158390045166,6.084229946136475
2010-09-20,1.9463307857513428,1.9549717903137207,2.0458452701568604,2.0501837730407715,2.0250401496887207,2.059481620788574
2010-09-21,3.8053736686706543,3.8852672576904297,3.9873106479644775,3.8734543323516846,3.9376463890075684,4.023071765899658
2010-09-22,1.1670838594436646,1.2041157484054565,1.252994418144226,1.1196441650390625,1.150147795677185,1.2013036012649536
2010-09-23,3.2814722061157227,3.3078763484954834,3.3649778366088867,3.284130334854126,3.2855629920959473,3.292884349822998
2010-09-24,3.1491758823394775,3.2154481410980225,3.316117763519287,3.136594295501709,3.1877801418304443,3.268679618835449
2010-09-25,2.9411211013793945,2.964881181716919,3.022017240524292,3.0596375465393066,3.0771734714508057,3.1257078647613525
2010-09-26,3.4590108394622803,3.510093927383423,3.5720021724700928,3.470707654953003,3.5128793716430664,3.569676160812378
2010-09-27,2.790374517440796,2.8170039653778076,2.8924922943115234,2.620034694671631,2.617265462875366,2.6614153385162354
2010-09-28,4.531461238861084,4.683803558349609,4.90905237197876,4.477138042449951,4.592805862426758,4.771667957305908
2010-09-29,3.344740152359009,3.520704746246338,3.7806358337402344,3.395756959915161,3.543100357055664,3.7560641765594482
2010-09-30,2.573087453842163,2.695834159851074,2.8773810863494873,2.5637223720550537,2.6587038040161133,2.8022799491882324
2010-10-01,4.2300944328308105,4.194636821746826,4.167025566101074,4.191234588623047,4.120084285736084,4.066514492034912
2010-10-02,6.660893440246582,6.85608434677124,7.1196513175964355,6.816022872924805,6.9667181968688965,7.151426792144775
2010-10-03,5.563698768615723,5.725775241851807,5.932572364807129,5.71389627456665,5.831864356994629,5.960697650909424
2010-10-04,4.480450630187988,4.64232873916626,4.82228946685791,4.676472187042236,4.7785725593566895,4.874664306640625
2010-10-05,4.135079383850098,4.3369526863098145,4.585222244262695,4.116981506347656,4.284585475921631,4.481775283813477
2010-10-06,3.881906509399414,3.8903987407684326,3.9316904544830322,4.142745018005371,4.140831470489502,4.163829326629639
2010-10-07,3.9510152339935303,3.9982025623321533,4.064350605010986,4.088784694671631,4.1123199462890625,4.16012716293335
2010-10-08,4.039357662200928,4.127631664276123,4.252815246582031,4.094099044799805,4.171764373779297,4.274881839752197
2010-10-09,3.2681314945220947,3.342571496963501,3.487156867980957,3.4271955490112305,3.4800004959106445,3.5833964347839355
2010-10-10,3.3824572563171387,3.382819890975952,3.3973629474639893,3.3275303840637207,3.310012102127075,3.3043582439422607
2010-10-11,4.098919868469238,4.082085609436035,4.204702854156494,4.4301533699035645,4.372281551361084,4.426332950592041
2010-10-12,5.235051155090332,5.197755813598633,5.269051551818848,5.555179595947266,5.494500160217285,5.49428653717041
2010-10-13,5.399971008300781,5.4997429847717285,5.66154670715332,5.384915351867676,5.447669506072998,5.570090293884277
2010-10-14,4.756859302520752,4.825821399688721,4.934841156005859,4.879272937774658,4.91637659072876,4.9789886474609375
2010-10-15,2.208606719970703,2.2865958213806152,2.4115641117095947,2.4144155979156494,2.470172643661499,2.595700740814209
2010-10-16,6.149184226989746,6.257406234741211,6.475052833557129,6.273743152618408,6.341522216796875,6.487711429595947
2010-10-17,3.9594435691833496,4.072904586791992,4.215474605560303,4.0297064781188965,4.1113080978393555,4.209790229797363
2010-10-18,2.884977340698242,2.94803786277771,3.0270116329193115,3.046525716781616,3.1120996475219727,3.186565399169922
2010-10-19,3.725928544998169,3.76497483253479,3.870734453201294,3.8355605602264404,3.842135190963745,3.892986297607422
2010-10-20,4.586767196655273,4.629677772521973,4.686131000518799,4.647007465362549,4.670525074005127,4.707818508148193
2010-10-21,2.4766845703125,2.601862907409668,2.8016819953918457,2.5624849796295166,2.6720480918884277,2.847364902496338
2010-10-22,5.906278610229492,5.894719123840332,5.911471843719482,5.694610118865967,5.654769420623779,5.648555278778076
2010-10-23,5.516046524047852,5.626911163330078,5.7459588050842285,5.748749732971191,5.811583042144775,5.889717102050781
2010-10-24,5.990201950073242,6.265646457672119,6.57285213470459,6.056269645690918,6.268956661224365,6.510914325714111
2010-10-25,3.165266752243042,3.430377244949341,3.7608675956726074,3.1215548515319824,3.3611340522766113,3.6668264865875244
2010-10-26,2.684664487838745,2.7396206855773926,2.9150476455688477,2.53452205657959,2.5449154376983643,2.64618182182312
2010-10-27,5.143078327178955,5.461615562438965,5.964454174041748,4.782315254211426,5.019083023071289,5.424625396728516
2010-10-28,4.870695114135742,5.136266231536865,5.49951171875,4.729382038116455,4.9618072509765625,5.273327350616455
2010-10-29,3.401793956756592,3.3149802684783936,3.351827383041382,3.6093192100524902,3.49096941947937,3.455709218978882
2010-10-30,4.428544044494629,4.380646228790283,4.364521503448486,4.5999755859375,4.550203323364258,4.521378040313721
2010-10-31,3.941023588180542,3.909987688064575,3.912926197052002,3.91451358795166,3.8666694164276123,3.8468072414398193
2010-11-01,6.6044111251831055,6.764156341552734,6.9500732421875,6.619139671325684,6.718002796173096,6.8559064865112305
2010-11-02,6.848002910614014,7.031507968902588,7.3185601234436035,7.121275424957275,7.239366054534912,7.428286075592041
2010-11-03,4.5084547996521,4.8486199378967285,5.279428958892822,4.7438130378723145,5.042644023895264,5.398803234100342
2010-11-04,5.315494060516357,5.322758674621582,5.364299774169922,5.43384313583374,5.419010162353516,5.421126842498779
2010-11-05,5.260037899017334,5.367547035217285,5.488241195678711,5.113810062408447,5.215995788574219,5.313263893127441
2010-11-06,3.497321128845215,3.703761339187622,3.9289228916168213,3.212008476257324,3.3807966709136963,3.5584681034088135
2010-11-07,1.241028904914856,1.1976494789123535,1.212846279144287,1.586539626121521,1.5291602611541748,1.536698341369629
2010-11-08,4.9593658447265625,4.933232307434082,4.981823444366455,5.072427272796631,5.049627304077148,5.074245452880859
2010-11-09,6.977856636047363,7.067485332489014,7.210927486419678,6.997424125671387,7.050901889801025,7.1383185386657715
2010-11-10,5.650242328643799,5.881730556488037,6.127932548522949,5.644137382507324,5.836259365081787,6.062839031219482
2010-11-11,1.6193914413452148,1.7454792261123657,1.9274795055389404,1.5884966850280762,1.6806676387786865,1.8216044902801514
2010-11-12,4.039419651031494,4.308769226074219,4.710204601287842,3.812472105026245,4.02989387512207,4.341682434082031
2010-11-13,2.9549477100372314,3.1093971729278564,3.3942079544067383,2.8610587120056152,2.9634628295898438,3.1642887592315674
2010-11-14,3.540505886077881,3.657451868057251,3.836455821990967,3.4124584197998047,3.4929912090301514,3.632854700088501
2010-11-15,4.440330982208252,4.445863723754883,4.479328632354736,4.664036750793457,4.644957542419434,4.653715133666992
2010-11-16,4.7011237144470215,4.864658832550049,5.130692481994629,4.370584011077881,4.513660430908203,4.768264293670654
2010-11-17,2.70416522026062,2.725904941558838,2.7878289222717285,2.5595955848693848,2.5570170879364014,2.6058976650238037
2010-11-18,3.111572027206421,3.034391403198242,3.0005736351013184,3.292870044708252,3.2227704524993896,3.1973392963409424
2010-11-19,5.45135498046875,5.456564426422119,5.486698150634766,5.281072616577148,5.245700836181641,5.23806095123291
2010-11-20,6.784056186676025,7.043135643005371,7.333950996398926,6.682194709777832,6.899929046630859,7.12056303024292
2010-11-21,3.268077850341797,3.1509387493133545,3.1700644493103027,3.2143852710723877,3.0439679622650146,2.998924732208252
2010-11-22,5.593851089477539,5.902944564819336,6.23433780670166,5.408084392547607,5.692500591278076,5.988460540771484
2010-11-23,2.4831347465515137,2.5861449241638184,2.677149534225464,2.5062198638916016,2.6009111404418945,2.6818859577178955
2010-11-24,2.7742180824279785,2.932704210281372,3.164649486541748,2.6685280799865723,2.789884567260742,2.9755125045776367
2010-11-25,4.0823974609375,3.994675636291504,3.8943405151367188,4.181714057922363,4.079306602478027,3.9613471031188965
2010-11-26,6.622925281524658,6.539032936096191,6.5651421546936035,7.031949996948242,6.924333572387695,6.880581855773926
2010-11-27,6.051514625549316,6.190932750701904,6.399055004119873,5.97299337387085,6.076547145843506,6.232827663421631
2010-11-28,2.982128143310547,3.1530613899230957,3.4486382007598877,3.144591808319092,3.272570848464966,3.4962430000305176
2010-11-29,3.0482964515686035,3.036381244659424,3.086824655532837,3.179354190826416,3.1437556743621826,3.1462178230285645
2010-11-30,4.321660995483398,4.469761848449707,4.616558074951172,4.192977428436279,4.340822696685791,4.495429992675781
2010-12-01,3.131777286529541,3.148371934890747,3.160348415374756,3.010529041290283,3.009087085723877,3.0352861881256104
2010-12-02,5.360699653625488,5.402721405029297,5.4852495193481445,5.423783779144287,5.435131549835205,5.483524799346924
2010-12-03,5.199025630950928,5.330514430999756,5.514740943908691,5.207911014556885,5.323540210723877,5.492776870727539
2010-12-04,4.063414096832275,4.154553413391113,4.309298992156982,4.082681655883789,4.113068103790283,4.198562145233154
2010-12-05,3.820620536804199,3.98442006111145,4.33937406539917,4.192248821258545,4.34597635269165,4.626832485198975
2010-12-06,5.174299716949463,5.1881608963012695,5.121821880340576,5.2424635887146,5.250874042510986,5.197865962982178
2010-12-07,5.774454116821289,5.878833770751953,6.036135196685791,5.700194835662842,5.77829122543335,5.9005632400512695
2010-12-08,4.199711322784424,4.1982927322387695,4.209487438201904,4.28641414642334,4.26564359664917,4.246051788330078
2010-12-09,2.1906816959381104,2.288217067718506,2.4414522647857666,1.9979770183563232,2.07940936088562,2.212602376937866
2010-12-10,2.5024497509002686,2.5568692684173584,2.6222119331359863,2.7873809337615967,2.8526811599731445,2.9117777347564697
2010-12-11,3.866885185241699,3.953179359436035,4.157922744750977,4.1232523918151855,4.171297073364258,4.312071323394775
2010-12-12,5.766024589538574,5.8549346923828125,6.048493385314941,5.883190155029297,5.9569220542907715,6.1164326667785645
2010-12-13,7.846932888031006,7.989400386810303,8.211516380310059,7.758418083190918,7.862837791442871,8.056407928466797
2010-12-14,8.100529670715332,8.379952430725098,8.71954345703125,8.202717781066895,8.441279411315918,8.7239990234375
2010-12-15,2.9262759685516357,3.035923480987549,3.176443576812744,2.955385208129883,3.0486481189727783,3.1696536540985107
2010-12-16,3.5149505138397217,3.479227304458618,3.5072288513183594,3.364680528640747,3.2898595333099365,3.26979398727417
2010-12-17,8.539355278015137,8.663165092468262,8.81222915649414,8.620750427246094,8.711146354675293,8.807024955749512
2010-12-18,5.605164051055908,5.798098564147949,5.986530303955078,5.479747295379639,5.6468377113342285,5.8378400802612305
2010-12-19,3.0751700401306152,3.1549906730651855,3.308850049972534,3.161116361618042,3.1790554523468018,3.2741036415100098
2010-12-20,2.8563175201416016,3.1302640438079834,3.5264580249786377,2.7409539222717285,2.949917793273926,3.24560546875
2010-12-21,2.0126960277557373,2.084095001220703,2.2723474502563477,1.9242124557495117,1.9563112258911133,2.07749342918396
2010-12-22,5.691280364990234,5.859187602996826,6.078616142272949,5.348913192749023,5.4863481521606445,5.664361000061035
2010-12-23,5.9797797203063965,6.145836353302002,6.365481376647949,5.9545578956604,6.105358600616455,6.336693286895752
2010-12-24,7.271496295928955,7.437502861022949,7.65834379196167,7.396846294403076,7.540309906005859,7.724401473999023
2010-12-25,5.592681407928467,5.857590198516846,6.1634321212768555,5.061856746673584,5.3001532554626465,5.609572887420654
2010-12-26,4.942783832550049,5.0211381912231445,5.175623416900635,5.022119998931885,5.074948310852051,5.183709621429443
2010-12-27,3.11457896232605,3.255567789077759,3.5009331703186035,3.26424241065979,3.3741586208343506,3.5660240650177
2010-12-28,2.4871060848236084,2.5161349773406982,2.5968902111053467,2.6230387687683105,2.6433706283569336,2.691237688064575
2010-12-29,4.634305953979492,4.726234436035156,4.9081501960754395,4.633355617523193,4.683890342712402,4.803360939025879
2010-12-30,4.215847492218018,4.252277851104736,4.348321437835693,4.370542049407959,4.403359413146973,4.476613998413086
2010-12-31,5.6849799156188965,5.650824546813965,5.550891399383545,5.66424036026001,5.627173900604248,5.5391998291015625
2011-01-01,4.855312824249268,5.165152072906494,5.507322788238525,4.756229400634766,5.032920837402344,5.368296146392822
2011-01-02,3.5673742294311523,3.7047441005706787,4.023750305175781,3.4690396785736084,3.5711095333099365,3.8420939445495605
2011-01-03,3.4387052059173584,3.6521379947662354,3.956597089767456,3.3785574436187744,3.5526328086853027,3.815084457397461
2011-01-04,5.174787521362305,5.330190181732178,5.482125759124756,5.091721057891846,5.17339563369751,5.256163120269775
2011-01-05,4.894598484039307,4.953186511993408,5.0725579261779785,4.81218957901001,4.868310928344727,5.008763790130615
2011-01-06,5.068297386169434,5.074120044708252,5.08297061920166,5.074463367462158,5.059251308441162,5.058540344238281
2011-01-07,6.650850772857666,6.799513816833496,7.004040241241455,6.604191303253174,6.719727516174316,6.8868327140808105
2011-01-08,5.214212417602539,5.356586933135986,5.5685834884643555,5.3487420082092285,5.464949131011963,5.629045009613037
2011-01-09,2.9590532779693604,3.0448992252349854,3.1817452907562256,3.1231420040130615,3.188734531402588,3.2888340950012207
2011-01-10,1.6607680320739746,1.6823855638504028,1.7578027248382568,1.6827707290649414,1.6862848997116089,1.7275080680847168
2011-01-11,1.7467801570892334,1.7469053268432617,1.8364858627319336,1.7340738773345947,1.7459262609481812,1.84004545211792
2011-01-12,1.968612551689148,2.0154929161071777,2.1278438568115234,1.9777095317840576,1.9748538732528687,2.0203874111175537
2011-01-13,4.467581748962402,4.523340702056885,4.6112799644470215,4.725462436676025,4.77236795425415,4.842970371246338
2011-01-14,2.27546763420105,2.320429563522339,2.380481243133545,2.366255760192871,2.4131007194519043,2.4670000076293945
2011-01-15,6.181696891784668,6.20090913772583,6.279294013977051,6.309140682220459,6.310213088989258,6.361368656158447
2011-01-16,6.849157333374023,7.04152250289917,7.319925785064697,6.970448017120361,7.126353740692139,7.361189365386963
2011-01-17,7.011844158172607,7.165194988250732,7.400006294250488,7.1731977462768555,7.283070087432861,7.467169284820557
2011-01-18,3.913766860961914,4.152744293212891,4.451586723327637,4.0507636070251465,4.247409343719482,4.498200416564941
2011-01-19,3.249962091445923,3.5324747562408447,3.9195199012756348,3.068887948989868,3.2881016731262207,3.5979743003845215
2011-01-20,3.9880712032318115,4.024162769317627,4.085519790649414,4.06258487701416,4.081214904785156,4.124919891357422
2011-01-21,5.442744731903076,5.37033748626709,5.295112133026123,5.596983909606934,5.519480228424072,5.441712856292725
2011-01-22,2.5224766731262207,2.709420680999756,3.02911376953125,2.553140878677368,2.73310923576355,3.0379745960235596
2011-01-23,2.4680659770965576,2.598200559616089,2.8283627033233643,2.3056869506835938,2.40200138092041,2.5982632637023926
2011-01-24,4.488973140716553,4.443088054656982,4.439700126647949,4.717658042907715,4.628162384033203,4.567471504211426
2011-01-25,3.6347618103027344,3.655850887298584,3.685638904571533,3.7881522178649902,3.8144686222076416,3.852613925933838
2011-01-26,3.0157816410064697,3.096986770629883,3.228984832763672,3.063152551651001,3.12813401222229,3.2055556774139404
2011-01-27,2.2563552856445312,2.3376526832580566,2.4967803955078125,2.2083497047424316,2.275313138961792,2.4164891242980957
2011-01-28,5.782256603240967,5.797827243804932,5.906181335449219,6.041166305541992,6.037660598754883,6.093054294586182
2011-01-29,7.911866664886475,8.085074424743652,8.224538803100586,7.8644208908081055,8.027256965637207,8.149652481079102
2011-01-30,11.915131568908691,12.131722450256348,12.358209609985352,11.766918182373047,11.931510925292969,12.080892562866211
2011-01-31,5.44268274307251,5.772757530212402,6.168809413909912,5.227169036865234,5.535514831542969,5.887777805328369
2011-02-01,2.766291379928589,2.8008859157562256,2.7784535884857178,2.8489444255828857,2.8805932998657227,2.873258590698242
2011-02-02,5.028257846832275,5.153873443603516,5.27765417098999,4.856492519378662,4.9862141609191895,5.113000869750977
2011-02-03,6.099520683288574,6.344131946563721,6.581944942474365,5.872514724731445,6.144567966461182,6.401588439941406
2011-02-04,5.03456449508667,5.261050224304199,5.542227745056152,4.653305530548096,4.8729634284973145,5.1486639976501465
2011-02-05,4.0654296875,4.344442844390869,4.703775882720947,3.6749112606048584,3.9363863468170166,4.289394378662109
2011-02-06,3.5414273738861084,3.801849126815796,4.146015167236328,3.2318835258483887,3.4792072772979736,3.8039350509643555
2011-02-07,1.5602552890777588,1.7312076091766357,2.0327816009521484,1.4203702211380005,1.564074993133545,1.8281550407409668
2011-02-08,3.1433322429656982,3.137983560562134,3.1473140716552734,3.299513578414917,3.2802236080169678,3.239816665649414
2011-02-09,2.5449435710906982,2.491375207901001,2.601003885269165,2.405153751373291,2.3319942951202393,2.388667106628418
2011-02-10,6.399305820465088,6.480837345123291,6.617298603057861,6.321733474731445,6.385706901550293,6.482486724853516
2011-02-11,3.6744401454925537,3.9817540645599365,4.365031719207764,3.140838146209717,3.39689302444458,3.735856056213379
2011-02-12,2.368417978286743,2.3752214908599854,2.440800189971924,2.4115405082702637,2.3833680152893066,2.3864760398864746
2011-02-13,3.9534287452697754,3.9175679683685303,3.981492280960083,4.370342254638672,4.332244396209717,4.354067802429199
2011-02-14,2.620084047317505,2.606144905090332,2.6168642044067383,2.832660675048828,2.828669548034668,2.8294517993927
2011-02-15,4.0594329833984375,4.252257347106934,4.451355457305908,4.026166915893555,4.200029373168945,4.367627143859863
2011-02-16,4.874648571014404,4.9790778160095215,5.133275985717773,4.735777854919434,4.812291145324707,4.908621788024902
2011-02-17,7.412623405456543,7.443575859069824,7.53080415725708,7.631650447845459,7.634138107299805,7.678223609924316
2011-02-18,6.3555588722229,6.4725422859191895,6.633854866027832,6.804040431976318,6.884871482849121,6.992206573486328
2011-02-19,6.880486011505127,7.004637718200684,7.2029290199279785,7.14246940612793,7.231733322143555,7.353041648864746
2011-02-20,5.4186625480651855,5.72692346572876,6.069528579711914,5.32069206237793,5.600687503814697,5.879470348358154
2011-02-21,4.268008708953857,4.436331748962402,4.695777893066406,4.413501739501953,4.565754413604736,4.777884006500244
2011-02-22,3.220789670944214,3.3368000984191895,3.5129032135009766,3.1874570846557617,3.2830941677093506,3.433401107788086
2011-02-23,3.9638330936431885,4.0837860107421875,4.242623329162598,3.727750301361084,3.8464105129241943,4.002499103546143
2011-02-24,7.464633941650391,7.572065353393555,7.8009233474731445,7.687546253204346,7.764586448669434,7.915680408477783
2011-02-25,5.690197944641113,5.886885166168213,6.157271862030029,5.745595932006836,5.923910617828369,6.152336120605469
2011-02-26,2.394214391708374,2.4542014598846436,2.562854051589966,2.3920953273773193,2.4354684352874756,2.5201942920684814
2011-02-27,2.7756357192993164,2.834043264389038,2.9546573162078857,2.8030436038970947,2.8429620265960693,2.9309635162353516
2011-02-28,2.960374593734741,3.000352621078491,3.028614044189453,3.03759765625,3.0442872047424316,3.011155843734741
2011-03-01,3.413257122039795,3.5195794105529785,3.64595890045166,3.282369613647461,3.375765085220337,3.4807381629943848
2011-03-02,2.766890287399292,2.7408745288848877,2.838078260421753,2.7253825664520264,2.6830251216888428,2.7511863708496094
2011-03-03,4.4118971824646,4.415854454040527,4.5644211769104,4.61787748336792,4.611147880554199,4.7002482414245605
2011-03-04,4.246486663818359,4.205485820770264,4.339134693145752,4.166320323944092,4.1098527908325195,4.217440128326416
2011-03-05,6.3225274085998535,6.242334842681885,6.27485990524292,6.189901351928711,6.078182697296143,6.084102630615234
2011-03-06,7.332330226898193,7.419846534729004,7.569736957550049,7.212173938751221,7.255764484405518,7.35919713973999
2011-03-07,2.8989312648773193,2.935065507888794,3.029550790786743,2.890392780303955,2.918983221054077,3.006188154220581
2011-03-08,4.163933753967285,4.241973400115967,4.354555130004883,4.081631660461426,4.101705074310303,4.159282207489014
2011-03-09,4.874672889709473,4.902334213256836,4.994454860687256,4.58373498916626,4.5865159034729,4.65510368347168
2011-03-10,5.442930221557617,5.554755210876465,5.809642314910889,5.414037227630615,5.497668266296387,5.718399524688721
2011-03-11,4.653950214385986,4.657820701599121,4.731252193450928,4.521793365478516,4.503899574279785,4.5603742599487305
2011-03-12,4.110769271850586,4.09168004989624,4.183347225189209,3.996436357498169,3.963757038116455,4.038028240203857
2011-03-13,5.212196350097656,5.4427080154418945,5.73788595199585,5.34067440032959,5.560256004333496,5.823256969451904
2011-03-14,4.149306297302246,4.102910041809082,4.084563255310059,3.870469093322754,3.8367180824279785,3.850381851196289
2011-03-15,6.605489253997803,6.6969499588012695,6.912992000579834,6.64513635635376,6.722475528717041,6.919845104217529
2011-03-16,7.575040340423584,7.765504360198975,8.018327713012695,7.1217522621154785,7.262313365936279,7.454586029052734
2011-03-17,4.72821569442749,4.800628662109375,4.8342108726501465,4.540212631225586,4.586671352386475,4.623724937438965
2011-03-18,3.2919154167175293,3.343526601791382,3.4790072441101074,3.020190477371216,3.0428104400634766,3.142280340194702
2011-03-19,5.507944583892822,5.5448150634765625,5.678462982177734,5.6240553855896,5.662540435791016,5.783334255218506
2011-03-20,3.677036762237549,3.771749258041382,3.943333625793457,3.631082534790039,3.714195728302002,3.850008249282837
2011-03-21,4.964116096496582,5.013014793395996,5.153384208679199,4.935707092285156,4.97214937210083,5.093067169189453
2011-03-22,5.405850410461426,5.482962131500244,5.581528663635254,5.226302623748779,5.2986931800842285,5.399937152862549
2011-03-23,6.147026538848877,6.2736663818359375,6.456717014312744,6.062619209289551,6.1776533126831055,6.35162878036499
2011-03-24,6.4859795570373535,6.603395462036133,6.805759429931641,6.572141647338867,6.664441108703613,6.825950622558594
2011-03-25,3.8063743114471436,3.8761684894561768,4.020256996154785,3.861985206604004,3.8928439617156982,3.9879727363586426
2011-03-26,4.355715751647949,4.370360851287842,4.4407572746276855,4.457516193389893,4.472698211669922,4.526469707489014
2011-03-27,4.742606163024902,4.792830467224121,4.886896133422852,4.752813816070557,4.787724018096924,4.856195449829102
2011-03-28,7.055421352386475,7.146622657775879,7.322460651397705,7.144932746887207,7.220120906829834,7.371243000030518
2011-03-29,4.412101745605469,4.540563106536865,4.736153602600098,4.493258953094482,4.599164009094238,4.752078533172607
2011-03-30,2.6704258918762207,2.774059534072876,2.9800119400024414,2.548027515411377,2.6454646587371826,2.8383965492248535
2011-03-31,4.659584999084473,4.803945541381836,5.020330429077148,4.511083602905273,4.650761127471924,4.842564582824707
2011-04-01,3.7998597621917725,3.7730565071105957,3.8199644088745117,3.8106560707092285,3.7790558338165283,3.8054862022399902
2011-04-02,2.4020473957061768,2.4213292598724365,2.5025928020477295,2.4637978076934814,2.4840033054351807,2.5641286373138428
2011-04-03,4.8612060546875,4.871522426605225,4.932994365692139,4.807157039642334,4.849608898162842,4.944241046905518
2011-04-04,2.538140296936035,2.5821895599365234,2.579951763153076,2.472694158554077,2.511244773864746,2.519791841506958
2011-04-05,3.211531400680542,3.3078155517578125,3.409029006958008,3.1501893997192383,3.249103307723999,3.358485698699951
2011-04-06,6.650423526763916,6.776331424713135,6.964532375335693,6.723011493682861,6.832388877868652,6.997794151306152
2011-04-07,4.352168560028076,4.483853816986084,4.728494644165039,4.2359418869018555,4.360886096954346,4.607105731964111
2011-04-08,4.188117027282715,4.264442443847656,4.301556587219238,4.0579423904418945,4.132160186767578,4.164313316345215
2011-04-09,7.072102069854736,7.415675163269043,7.746679306030273,6.44955587387085,6.757856845855713,7.104398727416992
2011-04-10,7.39698600769043,7.791090965270996,8.40783977508545,6.981751918792725,7.301551818847656,7.8309245109558105
2011-04-11,5.1653361320495605,5.262990474700928,5.4131178855896,5.001293659210205,5.083615303039551,5.208522319793701
2011-04-12,3.517313241958618,3.5779831409454346,3.6553070545196533,3.4668397903442383,3.513258218765259,3.5744006633758545
2011-04-13,1.9867894649505615,2.019563674926758,2.120356798171997,1.9520928859710693,1.9802335500717163,2.0613417625427246
2011-04-14,3.022904396057129,3.0814707279205322,3.1670596599578857,2.927328586578369,2.98307728767395,3.076139450073242
2011-04-15,4.489077091217041,4.5241851806640625,4.572718620300293,4.261167049407959,4.294713973999023,4.364444255828857
2011-04-16,7.377793312072754,7.602321147918701,7.887950897216797,7.16395902633667,7.382692813873291,7.662064552307129
2011-04-17,3.504234790802002,3.5068633556365967,3.542423725128174,3.3600945472717285,3.3528661727905273,3.3787131309509277
2011-04-18,3.977081775665283,3.9155523777008057,3.9142370223999023,4.03883695602417,3.984081506729126,3.978301525115967
2011-04-19,5.654110431671143,5.723954677581787,5.8482537269592285,5.618423938751221,5.688673973083496,5.81414794921875
2011-04-20,2.921020269393921,2.9373743534088135,2.9968206882476807,2.6912765502929688,2.698815107345581,2.7517218589782715
2011-04-21,4.229544639587402,4.313873767852783,4.40242862701416,3.941277265548706,4.039580345153809,4.156652450561523
2011-04-22,1.620693564414978,1.7770540714263916,2.079761028289795,1.462417721748352,1.5786126852035522,1.8291869163513184
2011-04-23,3.200395107269287,3.2220242023468018,3.402968645095825,3.1939709186553955,3.2297885417938232,3.4016363620758057
2011-04-24,4.585679054260254,4.643731117248535,4.781954765319824,4.354899883270264,4.407235622406006,4.537998199462891
2011-04-25,4.7831854820251465,4.959075927734375,5.188607692718506,4.717895030975342,4.892216205596924,5.112629413604736
2011-04-26,3.248549461364746,3.27203369140625,3.316044330596924,2.962517261505127,2.976884365081787,3.0324244499206543
2011-04-27,2.4686930179595947,2.6337130069732666,2.7717537879943848,2.3081343173980713,2.4067461490631104,2.4801270961761475
2011-04-28,5.1717329025268555,5.183548927307129,5.1112189292907715,4.992003917694092,4.995500087738037,4.953975200653076
2011-04-29,5.616957187652588,5.669139385223389,5.759302616119385,5.450528144836426,5.50501012802124,5.610908508300781
2011-04-30,4.266304016113281,4.332936763763428,4.421408176422119,4.169418811798096,4.229933738708496,4.322691440582275
2011-05-01,2.0635359287261963,2.16841721534729,2.327416181564331,1.9546115398406982,2.0637803077697754,2.227245330810547
2011-05-02,5.143318176269531,5.213547706604004,5.335329055786133,4.927577972412109,4.983457565307617,5.089837551116943
2011-05-03,5.786704063415527,5.957932949066162,6.214870929718018,5.553125381469727,5.70297908782959,5.9323320388793945
2011-05-04,6.25601863861084,6.4374003410339355,6.6554083824157715,6.181308269500732,6.329280376434326,6.498879909515381
2011-05-05,4.043733596801758,4.148956775665283,4.264588356018066,3.9441866874694824,4.035989761352539,4.149555206298828
2011-05-06,3.48856782913208,3.701085090637207,3.913294553756714,3.0676815509796143,3.259305953979492,3.4784984588623047
2011-05-07,4.824377536773682,5.021496295928955,5.315608024597168,5.0673394203186035,5.1984968185424805,5.434595584869385
2011-05-08,5.906988620758057,5.8131818771362305,5.696840763092041,6.051675796508789,5.915556907653809,5.7073163986206055
2011-05-09,5.917667388916016,6.0777692794799805,6.320431709289551,6.031673431396484,6.159843444824219,6.327573299407959
2011-05-10,3.1768367290496826,3.0743792057037354,3.007059097290039,3.1691436767578125,3.0651721954345703,2.989165782928467
2011-05-11,2.0540499687194824,2.056546449661255,2.0344226360321045,2.096416711807251,2.0984792709350586,2.0817315578460693
2011-05-12,3.354423999786377,3.438365936279297,3.590839147567749,3.407653570175171,3.471242904663086,3.598308801651001
2011-05-13,4.3907670974731445,4.499589443206787,4.657782554626465,4.392787456512451,4.491116523742676,4.639373302459717
2011-05-14,1.709229588508606,1.7335935831069946,1.798682689666748,1.6832526922225952,1.7049682140350342,1.7702996730804443
2011-05-15,3.0813827514648438,2.9898996353149414,2.874892234802246,2.838531970977783,2.7423322200775146,2.6282882690429688
2011-05-16,4.887889385223389,4.9624481201171875,4.970094680786133,4.870711803436279,4.930596351623535,4.9253315925598145
2011-05-17,4.025658130645752,4.091107368469238,4.202581882476807,4.025053024291992,4.079360485076904,4.16797399520874
2011-05-18,2.425718069076538,2.502181053161621,2.600017547607422,2.6505322456359863,2.712515115737915,2.785975456237793
2011-05-19,3.5264999866485596,3.5036847591400146,3.4683897495269775,3.3659303188323975,3.317671775817871,3.2406232357025146
2011-05-20,4.434971332550049,4.622577667236328,4.826676845550537,4.335366725921631,4.5024309158325195,4.681170463562012
2011-05-21,2.8527848720550537,2.8239104747772217,2.8699944019317627,2.983287811279297,2.9327216148376465,2.9352245330810547
2011-05-22,2.960517644882202,3.072911262512207,3.1888155937194824,2.859894275665283,2.964725971221924,3.0739598274230957
2011-05-23,1.6490962505340576,1.693265438079834,1.7331095933914185,1.7209601402282715,1.7611353397369385,1.798537254333496
2011-05-24,2.3442933559417725,2.4603981971740723,2.5571093559265137,2.344433307647705,2.450029134750366,2.536179542541504
2011-05-25,2.669698715209961,2.7715017795562744,2.909374475479126,2.4156405925750732,2.4777698516845703,2.571378231048584
2011-05-26,4.184992790222168,4.19313907623291,4.237621307373047,4.30219841003418,4.302130222320557,4.3219146728515625
2011-05-27,5.087817668914795,5.0931396484375,5.133028030395508,5.172142505645752,5.161835670471191,5.178735733032227
2011-05-28,2.200415849685669,2.328634738922119,2.5066001415252686,2.058908700942993,2.1690139770507812,2.3252358436584473
2011-05-29,2.0680534839630127,2.1001744270324707,2.1423184871673584,1.934244155883789,1.953492522239685,1.9878900051116943
2011-05-30,3.132162570953369,3.2166755199432373,3.330386161804199,3.100277900695801,3.1737356185913086,3.276113271713257
2011-05-31,3.02748966217041,3.1246848106384277,3.2456932067871094,3.212933301925659,3.2988741397857666,3.403784990310669
2011-06-01,1.8024015426635742,1.8319485187530518,1.8649390935897827,1.7443082332611084,1.7654348611831665,1.7862211465835571
2011-06-02,2.130999803543091,2.1485755443573,2.216611385345459,2.191652536392212,2.2131707668304443,2.2685344219207764
2011-06-03,2.3695437908172607,2.405967950820923,2.4910237789154053,2.4018805027008057,2.421288251876831,2.4782238006591797
2011-06-04,2.1080081462860107,2.0384881496429443,1.9818836450576782,2.267475128173828,2.1996688842773438,2.1459784507751465
2011-06-05,3.0774238109588623,3.110837697982788,3.1721160411834717,3.104530096054077,3.1043596267700195,3.1165506839752197
2011-06-06,2.689706563949585,2.617677927017212,2.603750705718994,2.822622537612915,2.715564489364624,2.6433887481689453
2011-06-07,4.966688632965088,5.138411521911621,5.286791801452637,4.8847575187683105,5.038339138031006,5.154698371887207
2011-06-08,2.7922983169555664,2.8569085597991943,2.924677848815918,2.855048179626465,2.9056496620178223,2.9611918926239014
2011-06-09,3.0099942684173584,3.077016592025757,3.1377804279327393,3.0484983921051025,3.102456569671631,3.1547036170959473
2011-06-10,2.7546651363372803,2.7505788803100586,2.758378505706787,2.7125892639160156,2.694035768508911,2.6977853775024414
2011-06-11,2.6051955223083496,2.65171217918396,2.719280958175659,2.55849289894104,2.59657883644104,2.661289691925049
2011-06-12,1.7407726049423218,1.7547956705093384,1.733156442642212,1.6873546838760376,1.693117380142212,1.6668963432312012
2011-06-13,3.6069276332855225,3.7343063354492188,3.988558053970337,3.563480854034424,3.671231985092163,3.887219190597534
2011-06-14,4.866361141204834,5.012897491455078,5.139466285705566,4.786512851715088,4.890853404998779,4.986487865447998
2011-06-15,2.241903781890869,2.48520565032959,2.7691917419433594,2.1883609294891357,2.4175784587860107,2.7019171714782715
2011-06-16,2.896047592163086,2.7090578079223633,2.4864845275878906,3.0904436111450195,2.9404563903808594,2.749040365219116
2011-06-17,2.5987539291381836,2.6125457286834717,2.6252777576446533,2.5289063453674316,2.5423741340637207,2.5530762672424316
2011-06-18,2.8184397220611572,2.8712987899780273,2.996647596359253,2.8671529293060303,2.9049644470214844,3.0114176273345947
2011-06-19,3.7200052738189697,3.8514513969421387,3.984987735748291,3.572253465652466,3.6709649562835693,3.7776663303375244
2011-06-20,3.3439009189605713,3.5913631916046143,4.031918525695801,3.3438796997070312,3.548062562942505,3.905773639678955
2011-06-21,2.793487071990967,2.784818410873413,2.7859528064727783,2.7495105266571045,2.711618423461914,2.692086935043335
2011-06-22,3.2900025844573975,3.3791825771331787,3.445875883102417,3.4045937061309814,3.4812097549438477,3.514667272567749
2011-06-23,2.7572574615478516,2.832524299621582,2.8827829360961914,2.780855417251587,2.8472344875335693,2.8869588375091553
2011-06-24,1.6402454376220703,1.710251808166504,1.7950353622436523,1.5969403982162476,1.6464810371398926,1.7179896831512451
2011-06-25,3.2157504558563232,3.3132035732269287,3.4314448833465576,3.007291555404663,3.0881855487823486,3.1937692165374756
2011-06-26,1.6822664737701416,1.6898350715637207,1.6884369850158691,1.7009302377700806,1.7117493152618408,1.709140658378601
2011-06-27,2.844215154647827,2.934771776199341,2.9998412132263184,2.6593761444091797,2.7394859790802,2.8060998916625977
2011-06-28,2.590289831161499,2.612999677658081,2.6217002868652344,2.661454916000366,2.6948232650756836,2.7267253398895264
2011-06-29,1.3507379293441772,1.3477201461791992,1.3591505289077759,1.4981626272201538,1.5098357200622559,1.5304220914840698
2011-06-30,2.0568909645080566,2.197918653488159,2.4703354835510254,2.1028053760528564,2.210005283355713,2.4222922325134277
2011-07-01,4.729661464691162,4.8843607902526855,5.063766956329346,4.810888290405273,4.937949180603027,5.065737247467041
2011-07-02,4.558981418609619,4.636630058288574,4.705048561096191,4.558125019073486,4.6082634925842285,4.649003505706787
2011-07-03,2.379599094390869,2.448678731918335,2.5293405055999756,2.3069868087768555,2.3613884449005127,2.4211981296539307
2011-07-04,1.7169241905212402,1.7730060815811157,1.8968430757522583,1.9144729375839233,1.9654098749160767,2.063308000564575
2011-07-05,3.002506732940674,3.090559959411621,3.120983123779297,2.8771040439605713,2.9646432399749756,3.011444330215454
2011-07-06,1.9749866724014282,2.0550084114074707,2.180332899093628,1.8626703023910522,1.9235624074935913,2.0268564224243164
2011-07-07,4.068124771118164,4.150625705718994,4.258703708648682,4.1405744552612305,4.186355113983154,4.242699146270752
2011-07-08,3.170673370361328,3.1807825565338135,3.242839813232422,3.3438310623168945,3.327929735183716,3.3458762168884277
2011-07-09,4.455528259277344,4.459517955780029,4.5310187339782715,4.560495376586914,4.554563045501709,4.588127613067627
2011-07-10,4.319889068603516,4.413981914520264,4.500465393066406,4.4500412940979,4.511608123779297,4.559249401092529
2011-07-11,3.6182658672332764,3.7259862422943115,3.822874069213867,3.5457310676574707,3.642343759536743,3.737640142440796
2011-07-12,1.4591245651245117,1.520451307296753,1.596112608909607,1.3403067588806152,1.3920830488204956,1.460819125175476
2011-07-13,3.595313787460327,3.6860525608062744,3.836949586868286,3.625786304473877,3.6933434009552,3.8167724609375
2011-07-14,4.612168312072754,4.751118183135986,4.901799201965332,4.627732753753662,4.734556198120117,4.84335994720459
2011-07-15,2.3663432598114014,2.449854850769043,2.5674285888671875,2.565286159515381,2.644695997238159,2.7487423419952393
2011-07-16,3.646709680557251,3.7440338134765625,3.8435871601104736,3.451333999633789,3.512944221496582,3.577686071395874
2011-07-17,3.2102530002593994,3.3358824253082275,3.495152473449707,3.1809513568878174,3.2931456565856934,3.432224750518799
2011-07-18,1.6926262378692627,1.7271209955215454,1.7519075870513916,1.6377393007278442,1.6719810962677002,1.6933985948562622
2011-07-19,2.525153875350952,2.7394962310791016,3.151942014694214,2.5418708324432373,2.7164149284362793,3.0554022789001465
2011-07-20,3.540600061416626,3.904036521911621,4.415462970733643,3.3354122638702393,3.647143840789795,4.096789836883545
2011-07-21,1.7004261016845703,1.761139988899231,1.8216722011566162,1.6393764019012451,1.7012614011764526,1.751906394958496
2011-07-22,3.030484676361084,3.0394585132598877,3.0786690711975098,3.235987424850464,3.2267706394195557,3.228884220123291
2011-07-23,5.1893792152404785,5.317002296447754,5.4466094970703125,5.212911128997803,5.313608169555664,5.406476020812988
2011-07-24,2.543429136276245,2.622523069381714,2.7535133361816406,2.6340086460113525,2.696408987045288,2.807781934738159
2011-07-25,3.722447156906128,3.7517054080963135,3.821112871170044,3.776979684829712,3.7885501384735107,3.824904203414917
2011-07-26,3.4178366661071777,3.4237265586853027,3.451582193374634,3.448239803314209,3.4260222911834717,3.4292991161346436
2011-07-27,2.254033327102661,2.3308117389678955,2.414740800857544,2.217914342880249,2.280129909515381,2.353245258331299
2011-07-28,1.5610541105270386,1.5665652751922607,1.5981898307800293,1.6353908777236938,1.6299805641174316,1.6418324708938599
2011-07-29,2.584210157394409,2.652409791946411,2.802987813949585,2.57299542427063,2.610386848449707,2.725834608078003
2011-07-30,3.1274685859680176,3.265328884124756,3.414700984954834,3.119159698486328,3.2391693592071533,3.3645670413970947
2011-07-31,2.462881326675415,2.4527339935302734,2.4897985458374023,2.498880624771118,2.4635934829711914,2.46901535987854
2011-08-01,1.2097089290618896,1.2533375024795532,1.3069159984588623,1.4208799600601196,1.4532802104949951,1.493926763534546
2011-08-02,1.6056028604507446,1.646992564201355,1.6774314641952515,1.6535634994506836,1.6814427375793457,1.698088526725769
2011-08-03,2.608140468597412,2.706554889678955,2.7981936931610107,2.4944050312042236,2.569200277328491,2.631486654281616
2011-08-04,2.55202317237854,2.5837931632995605,2.590341091156006,2.495227575302124,2.5045902729034424,2.5001120567321777
2011-08-05,1.5491944551467896,1.5545669794082642,1.615490436553955,1.4939786195755005,1.496272325515747,1.533797264099121
2011-08-06,2.2561991214752197,2.322627305984497,2.3949341773986816,2.248828411102295,2.2944111824035645,2.3537211418151855
2011-08-07,2.7406227588653564,2.7539756298065186,2.75527024269104,2.781322479248047,2.7885541915893555,2.782252311706543
2011-08-08,1.5192316770553589,1.5771608352661133,1.6753746271133423,1.565530776977539,1.6151341199874878,1.7017395496368408
2011-08-09,2.5480217933654785,2.5940263271331787,2.6865785121917725,2.703808307647705,2.7284812927246094,2.784230947494507
2011-08-10,3.3034965991973877,3.440438985824585,3.625223159790039,3.4162333011627197,3.5275943279266357,3.6502177715301514
2011-08-11,2.5351438522338867,2.652728796005249,2.7820940017700195,2.5917396545410156,2.6944031715393066,2.808964729309082
2011-08-12,3.021622657775879,3.1520185470581055,3.3061153888702393,3.082416296005249,3.1957995891571045,3.3203299045562744
2011-08-13,2.2254302501678467,2.3505847454071045,2.4821722507476807,2.245560646057129,2.3625833988189697,2.483107089996338
2011-08-14,1.2821719646453857,1.2475264072418213,1.2810449600219727,1.3919695615768433,1.339734435081482,1.337075114250183
2011-08-15,4.2198052406311035,4.277462005615234,4.37357234954834,4.103229522705078,4.11631965637207,4.146030426025391
2011-08-16,3.4360129833221436,3.5350162982940674,3.677405834197998,3.3689773082733154,3.4528260231018066,3.563981056213379
2011-08-17,2.1155364513397217,2.2133705615997314,2.332787275314331,2.1238460540771484,2.211904525756836,2.3085525035858154
2011-08-18,0.8865740299224854,0.9537696242332458,1.1204698085784912,0.9252080917358398,0.9936469793319702,1.1462159156799316
2011-08-19,3.307509660720825,3.276984930038452,3.1690194606781006,3.192781925201416,3.1280417442321777,2.9952332973480225
2011-08-20,3.831237554550171,4.140092372894287,4.500042915344238,4.139652252197266,4.359601020812988,4.590722560882568
2011-08-21,3.667268753051758,3.720876932144165,3.729762554168701,3.856109857559204,3.871602773666382,3.812331438064575
2011-08-22,4.215466022491455,4.485584735870361,4.842975616455078,4.280955791473389,4.534865856170654,4.846604347229004
2011-08-23,2.3669302463531494,2.4887235164642334,2.6277916431427,2.366236925125122,2.464888334274292,2.5797500610351562
2011-08-24,2.8618783950805664,2.8913350105285645,2.945676326751709,2.7885005474090576,2.8026859760284424,2.831016778945923
2011-08-25,3.3578035831451416,3.4059159755706787,3.538153648376465,3.4469337463378906,3.467390775680542,3.5625152587890625
2011-08-26,3.5841023921966553,3.6172966957092285,3.6756181716918945,3.7740540504455566,3.784397840499878,3.80678391456604
2011-08-27,3.2485783100128174,3.4490737915039062,3.6808176040649414,3.0548481941223145,3.2386176586151123,3.4475183486938477
2011-08-28,1.464052438735962,1.528690218925476,1.6406930685043335,1.3709672689437866,1.4216234683990479,1.5089504718780518
2011-08-29,3.169114112854004,3.282134771347046,3.477435827255249,3.12900972366333,3.2178707122802734,3.3531389236450195
2011-08-30,5.237178325653076,5.420217990875244,5.5934672355651855,5.212357521057129,5.3755879402160645,5.5298004150390625
2011-08-31,3.728029251098633,3.9398913383483887,4.204453945159912,3.7553703784942627,3.947676181793213,4.177870750427246
2011-09-01,2.1171534061431885,2.252434015274048,2.3968191146850586,2.1333820819854736,2.245195150375366,2.358123779296875
2011-09-02,2.282217502593994,2.348278284072876,2.45941424369812,2.319424867630005,2.369427442550659,2.453390121459961
2011-09-03,1.6358269453048706,1.712640643119812,1.7937946319580078,1.7457197904586792,1.823228359222412,1.9017385244369507
2011-09-04,1.9420511722564697,1.9189192056655884,1.8553481101989746,2.1083333492279053,2.0981879234313965,2.0321595668792725
2011-09-05,3.5265464782714844,3.6684274673461914,3.8363659381866455,3.4150500297546387,3.537802219390869,3.676131248474121
2011-09-06,1.309922456741333,1.365598440170288,1.4412767887115479,1.2953625917434692,1.3297042846679688,1.3839337825775146
2011-09-07,2.354747772216797,2.4514989852905273,2.5784573554992676,2.4989960193634033,2.576950788497925,2.6768970489501953
2011-09-08,1.1950042247772217,1.2016100883483887,1.2389823198318481,1.2279260158538818,1.2378437519073486,1.2729058265686035
2011-09-09,1.4539612531661987,1.3935481309890747,1.349636197090149,1.521173357963562,1.4413942098617554,1.3735294342041016
2011-09-10,4.462993621826172,4.549487590789795,4.601424694061279,4.526614189147949,4.606576442718506,4.637208938598633
2011-09-11,3.597508192062378,3.6355953216552734,3.694859266281128,3.536384344100952,3.5497283935546875,3.5722036361694336
2011-09-12,3.3904671669006348,3.5480234622955322,3.744736671447754,3.3081789016723633,3.441951036453247,3.5981545448303223
2011-09-13,2.985218048095703,3.0993902683258057,3.237173318862915,2.959219455718994,3.0477607250213623,3.148198127746582
2011-09-14,2.0655598640441895,2.123056650161743,2.2129743099212646,2.101320505142212,2.135753870010376,2.194700241088867
2011-09-15,3.232836961746216,3.3297858238220215,3.4706308841705322,3.160482883453369,3.229508399963379,3.3315634727478027
2011-09-16,3.716153860092163,3.735772132873535,3.833008289337158,3.787968158721924,3.7869513034820557,3.867065906524658
2011-09-17,5.267434120178223,5.455588340759277,5.684422969818115,5.26521635055542,5.427750587463379,5.617248058319092
2011-09-18,2.81323504447937,2.9267687797546387,3.083503246307373,3.0242931842803955,3.1013922691345215,3.1940765380859375
2011-09-19,3.0629937648773193,3.138186454772949,3.2437822818756104,3.022085428237915,3.0668680667877197,3.1323156356811523
2011-09-20,4.289454460144043,4.431729793548584,4.557707786560059,4.312159061431885,4.446923732757568,4.567065238952637
2011-09-21,2.5980167388916016,2.7048351764678955,2.8648698329925537,2.802408456802368,2.8812947273254395,2.9939088821411133
2011-09-22,2.388150930404663,2.508262872695923,2.678541898727417,2.4017820358276367,2.5155019760131836,2.6757915019989014
2011-09-23,1.7464624643325806,1.7973581552505493,1.8858134746551514,1.7289689779281616,1.7394217252731323,1.7682218551635742
2011-09-24,3.9347269535064697,4.028482913970947,4.152302265167236,3.9013500213623047,3.979257822036743,4.096902370452881
2011-09-25,4.6081366539001465,4.673084735870361,4.80049991607666,4.641327381134033,4.6864237785339355,4.7825026512146
2011-09-26,5.22753381729126,5.371065139770508,5.5858235359191895,5.3741960525512695,5.491164207458496,5.65099573135376
2011-09-27,3.126891851425171,3.2921254634857178,3.5190622806549072,2.9627556800842285,3.1036715507507324,3.290126323699951
2011-09-28,1.4207874536514282,1.4586282968521118,1.5222359895706177,1.359890103340149,1.3792052268981934,1.425010085105896
2011-09-29,1.3193790912628174,1.27513587474823,1.2540522813796997,1.4382492303848267,1.397514820098877,1.3652489185333252
2011-09-30,1.1106358766555786,1.175169825553894,1.2266544103622437,1.1165008544921875,1.1688728332519531,1.2190580368041992
2011-10-01,2.0018393993377686,1.9023890495300293,1.8194957971572876,2.0524044036865234,1.9220129251480103,1.784523367881775
2011-10-02,2.101433038711548,2.043362855911255,2.018775463104248,2.186746835708618,2.1056675910949707,2.0558576583862305
2011-10-03,2.1502416133880615,2.1745083332061768,2.3624963760375977,2.2924861907958984,2.2794411182403564,2.390714168548584
2011-10-04,3.9371581077575684,3.949016809463501,3.992687225341797,4.177535057067871,4.180075168609619,4.218807697296143
2011-10-05,3.0424516201019287,3.1577842235565186,3.310136318206787,3.0071117877960205,3.1132733821868896,3.243009090423584
2011-10-06,4.642451286315918,4.719932556152344,4.84144926071167,4.755947589874268,4.791549205780029,4.851814270019531
2011-10-07,5.746946811676025,5.914291858673096,6.15369987487793,5.765978813171387,5.897914409637451,6.084668159484863
2011-10-08,1.9760149717330933,2.129869222640991,2.3646111488342285,2.0122175216674805,2.1420207023620605,2.3323616981506348
2011-10-09,1.8038032054901123,1.827911615371704,1.8968079090118408,1.9440808296203613,1.9602651596069336,2.006580352783203
2011-10-10,3.5862772464752197,3.6760966777801514,3.808570384979248,3.5919899940490723,3.662557363510132,3.76851224899292
2011-10-11,2.8748204708099365,2.947528600692749,3.0603106021881104,2.82059645652771,2.8766355514526367,2.9668452739715576
2011-10-12,3.8631436824798584,4.0245747566223145,4.1963605880737305,3.8899314403533936,4.005630016326904,4.118328094482422
2011-10-13,4.244751930236816,4.499078273773193,4.799586296081543,4.325527191162109,4.530444145202637,4.771535396575928
2011-10-14,1.7587535381317139,1.7853347063064575,1.8790122270584106,1.644249677658081,1.669015645980835,1.7702713012695312
2011-10-15,3.6412110328674316,3.6739723682403564,3.829502820968628,3.904770851135254,3.9083566665649414,3.992903470993042
2011-10-16,5.066738128662109,5.147144317626953,5.259903907775879,5.127436637878418,5.182053089141846,5.2573370933532715
2011-10-17,4.617008686065674,4.628887176513672,4.777085304260254,4.941137313842773,4.9232497215271,4.989282131195068
2011-10-18,6.239849090576172,6.412978649139404,6.657959461212158,6.042449951171875,6.165007591247559,6.377498149871826
2011-10-19,4.5919389724731445,4.819799900054932,5.254178047180176,4.221301555633545,4.408191680908203,4.766662120819092
2011-10-20,3.754574775695801,4.000576972961426,4.295288562774658,3.633852481842041,3.8194587230682373,4.037070274353027
2011-10-21,2.332594394683838,2.450956106185913,2.6149024963378906,2.2476046085357666,2.347529649734497,2.480238199234009
2011-10-22,1.9963312149047852,2.087722063064575,2.2067878246307373,1.8800097703933716,1.9616799354553223,2.0696659088134766
2011-10-23,2.3941454887390137,2.4645440578460693,2.5689167976379395,2.4791438579559326,2.5368239879608154,2.6266555786132812
2011-10-24,2.7513413429260254,2.8550000190734863,2.9931604862213135,2.6536526679992676,2.715996503829956,2.801896333694458
2011-10-25,1.9500374794006348,2.0168824195861816,2.1116762161254883,1.953090786933899,2.010331153869629,2.0849452018737793
2011-10-26,1.2658456563949585,1.3355872631072998,1.4171174764633179,1.1685380935668945,1.232197880744934,1.3073030710220337
2011-10-27,3.167808771133423,3.2221760749816895,3.249802827835083,3.244321823120117,3.2965755462646484,3.3228018283843994
2011-10-28,1.5141146183013916,1.5938783884048462,1.6921331882476807,1.5212832689285278,1.5905648469924927,1.6703356504440308
2011-10-29,2.304107904434204,2.3652169704437256,2.5036184787750244,2.3868017196655273,2.434748888015747,2.542663812637329
2011-10-30,3.2623236179351807,3.3309874534606934,3.3736140727996826,3.284097194671631,3.3332486152648926,3.354721784591675
2011-10-31,2.004768133163452,1.9792977571487427,1.9721885919570923,2.1370813846588135,2.1183953285217285,2.122303009033203
2011-11-01,5.9155378341674805,6.165830612182617,6.463987350463867,5.8150129318237305,6.022587299346924,6.265605449676514
2011-11-02,3.597243309020996,3.742312431335449,3.9006149768829346,3.5751938819885254,3.6997668743133545,3.839526653289795
2011-11-03,3.2778408527374268,3.2469615936279297,3.2679357528686523,3.6181085109710693,3.5855326652526855,3.5853664875030518
2011-11-04,3.571702003479004,3.613882541656494,3.6419131755828857,3.616363286972046,3.659848928451538,3.692984104156494
2011-11-05,2.5068612098693848,2.5366108417510986,2.6009159088134766,2.553781270980835,2.5709481239318848,2.613652229309082
2011-11-06,3.09566593170166,3.177205801010132,3.249743938446045,3.1005656719207764,3.171215295791626,3.2246036529541016
2011-11-07,2.494540214538574,2.707643747329712,2.9821181297302246,2.3354873657226562,2.510002613067627,2.73435378074646
2011-11-08,3.4630205631256104,3.335272789001465,3.2900264263153076,3.665656805038452,3.528078317642212,3.4526422023773193
2011-11-09,6.769798755645752,6.867199897766113,7.071727752685547,6.747127056121826,6.831377983093262,6.99133825302124
2011-11-10,3.8478314876556396,3.8774466514587402,3.9209213256835938,3.7999324798583984,3.804537057876587,3.8238890171051025
2011-11-11,4.894205093383789,4.960903644561768,5.035099983215332,4.913665294647217,4.967753887176514,5.033585071563721
2011-11-12,2.201059579849243,2.262798309326172,2.3747575283050537,2.1871988773345947,2.2372658252716064,2.3374669551849365
2011-11-13,5.183619022369385,5.434704303741455,5.779169082641602,4.771392822265625,4.977469444274902,5.268650054931641
2011-11-14,2.384451389312744,2.399310827255249,2.5188331604003906,2.5833284854888916,2.5534322261810303,2.597813129425049
2011-11-15,5.496675968170166,5.700284957885742,5.943845272064209,5.509923458099365,5.689465522766113,5.885930061340332
2011-11-16,3.63051438331604,3.988572120666504,4.470552921295166,3.6627423763275146,3.9858667850494385,4.413564682006836
2011-11-17,2.277263879776001,2.1598470211029053,2.105665922164917,2.5485916137695312,2.3949177265167236,2.271817684173584
2011-11-18,3.361694812774658,3.321054697036743,3.2723920345306396,3.470647096633911,3.433182954788208,3.3857741355895996
2011-11-19,3.407073736190796,3.3831450939178467,3.3326425552368164,3.440565824508667,3.4254515171051025,3.3798458576202393
2011-11-20,4.906946659088135,4.885024070739746,4.891219139099121,4.828246593475342,4.806849479675293,4.8079118728637695
2011-11-21,7.155186176300049,7.330924034118652,7.563571453094482,7.198570251464844,7.343348026275635,7.517568111419678
2011-11-22,2.064347267150879,2.007286310195923,1.9512929916381836,2.123429775238037,2.072559118270874,2.014289140701294
2011-11-23,4.119033336639404,4.4030256271362305,4.780533790588379,3.7745633125305176,4.032440662384033,4.356963634490967
2011-11-24,2.3061742782592773,2.356034994125366,2.541093349456787,2.3103466033935547,2.3304896354675293,2.4496562480926514
2011-11-25,5.206643581390381,5.279068470001221,5.3744683265686035,5.079619407653809,5.12107515335083,5.194475173950195
2011-11-26,5.9497857093811035,6.098319053649902,6.279626369476318,5.939833641052246,6.045773506164551,6.190532684326172
2011-11-27,5.6529412269592285,5.72159481048584,5.831180572509766,5.707964897155762,5.754937171936035,5.849205017089844
2011-11-28,3.0385549068450928,3.186094045639038,3.401529312133789,3.0505685806274414,3.1836321353912354,3.3735544681549072
2011-11-29,1.182925820350647,1.3052409887313843,1.5111171007156372,1.041005253791809,1.135133981704712,1.303488850593567
2011-11-30,2.82887864112854,2.8695530891418457,3.0147573947906494,2.969268560409546,2.9853687286376953,3.07930064201355
2011-12-01,4.353492259979248,4.527773857116699,4.664567470550537,3.937525510787964,4.08707332611084,4.2403059005737305
2011-12-02,7.8789448738098145,7.969166278839111,8.07276725769043,7.283924102783203,7.35611629486084,7.458554267883301
2011-12-03,6.20077657699585,6.3519606590271,6.547283172607422,6.319231033325195,6.4646196365356445,6.646817684173584
2011-12-04,4.209344863891602,4.366769790649414,4.597231864929199,4.061228275299072,4.211559772491455,4.423293590545654
2011-12-05,2.925419807434082,3.0566272735595703,3.267282009124756,2.922151803970337,3.0374069213867188,3.2105438709259033
2011-12-06,6.317306041717529,6.443866729736328,6.6635870933532715,6.335738182067871,6.42720890045166,6.599218368530273
2011-12-07,7.0268874168396,7.1609206199646,7.361142158508301,7.250415802001953,7.351625919342041,7.488627910614014
2011-12-08,3.2043230533599854,3.302696704864502,3.576324462890625,3.4852921962738037,3.5094175338745117,3.6490213871002197
2011-12-09,2.983710765838623,2.874495506286621,2.9092535972595215,3.4128806591033936,3.3185737133026123,3.330294609069824
2011-12-10,5.3403000831604,5.238532543182373,5.298903465270996,5.700588703155518,5.606907367706299,5.615443229675293
2011-12-11,3.8712406158447266,3.9396207332611084,3.973088026046753,4.0637383460998535,4.1209025382995605,4.150774955749512
2011-12-12,2.4441497325897217,2.371629238128662,2.3605082035064697,2.662456750869751,2.602207899093628,2.5861172676086426
2011-12-13,3.351372003555298,3.35115385055542,3.3396811485290527,3.5258214473724365,3.5114424228668213,3.4809744358062744
2011-12-14,2.792113780975342,3.089595317840576,3.5179316997528076,2.711146831512451,2.978297233581543,3.3594775199890137
2011-12-15,1.7965312004089355,1.7328599691390991,1.7299730777740479,1.8902251720428467,1.810390830039978,1.7766571044921875
2011-12-16,3.8595216274261475,3.8066723346710205,3.779238700866699,3.982125759124756,3.9226653575897217,3.889885663986206
2011-12-17,5.1147356033325195,5.158003807067871,5.160403728485107,5.202253818511963,5.219708442687988,5.205446243286133
2011-12-18,7.0281147956848145,7.137145519256592,7.269640922546387,7.146780490875244,7.22238302230835,7.322896480560303
2011-12-19,5.678649425506592,6.04137659072876,6.402449131011963,5.471600532531738,5.7897114753723145,6.101292133331299
2011-12-20,4.856002330780029,4.932509422302246,5.112436771392822,4.806564807891846,4.857955455780029,5.006342887878418
2011-12-21,7.753504276275635,7.965447425842285,8.357281684875488,7.488451957702637,7.642856121063232,7.960651397705078
2011-12-22,6.266557216644287,6.579578876495361,6.96975564956665,5.970425605773926,6.236930847167969,6.6032023429870605
2011-12-23,2.7233669757843018,2.639638662338257,2.6579842567443848,2.6739253997802734,2.599714517593384,2.598170042037964
2011-12-24,5.534916877746582,5.539480686187744,5.562397480010986,5.610130310058594,5.605674743652344,5.622759819030762
2011-12-25,5.4300537109375,5.580205917358398,5.804742813110352,5.4268479347229,5.557336330413818,5.7584547996521
2011-12-26,2.7525272369384766,2.772797107696533,2.890883207321167,2.9772844314575195,2.9749886989593506,3.0238020420074463
2011-12-27,3.411010265350342,3.4361464977264404,3.453104019165039,3.431706190109253,3.4678561687469482,3.4814541339874268
2011-12-28,2.1011688709259033,2.263184070587158,2.59844970703125,2.0566110610961914,2.1622021198272705,2.400311231613159
2011-12-29,6.139442443847656,6.351078510284424,6.633520603179932,6.183416843414307,6.359701633453369,6.589718341827393
2011-12-30,3.8979761600494385,4.211803913116455,4.685566425323486,3.7341723442077637,3.9992990493774414,4.418373107910156
2011-12-31,4.810299873352051,4.919422626495361,5.137184143066406,4.992568016052246,5.063129425048828,5.24137020111084
2012-01-01,2.547585964202881,2.546391487121582,2.6749985218048096,2.89180326461792,2.896062135696411,2.9793756008148193
2012-01-02,4.362813472747803,4.5875630378723145,4.8550519943237305,4.191152572631836,4.396587371826172,4.650846481323242
2012-01-03,3.3640458583831787,3.539607286453247,3.706174373626709,3.2477779388427734,3.375844955444336,3.522214889526367
2012-01-04,1.6577856540679932,1.745139718055725,1.9033970832824707,1.7218353748321533,1.7869795560836792,1.912856101989746
2012-01-05,6.6005754470825195,6.688640594482422,6.846156120300293,6.706942081451416,6.7676615715026855,6.878206253051758
2012-01-06,5.0542521476745605,5.252360820770264,5.483576774597168,5.315517425537109,5.483367919921875,5.708022117614746
2012-01-07,6.598614692687988,6.765228748321533,7.0331597328186035,6.751311302185059,6.892580032348633,7.102672576904297
2012-01-08,2.905327558517456,2.9240918159484863,3.019512176513672,3.031738519668579,3.0562937259674072,3.1409387588500977
2012-01-09,2.8472394943237305,2.7621989250183105,2.7308530807495117,2.9333207607269287,2.84030818939209,2.7887067794799805
2012-01-10,3.842324733734131,3.6948964595794678,3.644775152206421,4.280145168304443,4.155121803283691,4.076002597808838
2012-01-11,5.743372440338135,5.951719284057617,6.290533065795898,5.5548553466796875,5.718889236450195,5.9967546463012695
2012-01-12,6.97520637512207,7.068058967590332,7.213345050811768,7.053036689758301,7.1212005615234375,7.23906135559082
2012-01-13,6.072264194488525,6.306265354156494,6.513672828674316,6.018255233764648,6.203549861907959,6.421258449554443
2012-01-14,4.941440105438232,4.913819789886475,4.994214057922363,5.159249782562256,5.123137474060059,5.168735504150391
2012-01-15,5.648557186126709,5.634868144989014,5.684163570404053,5.787925720214844,5.767275810241699,5.800778388977051
2012-01-16,5.518134117126465,5.673721790313721,5.880290508270264,5.638969898223877,5.77526330947876,5.9284772872924805
2012-01-17,4.537780284881592,4.463181972503662,4.486994743347168,4.6270928382873535,4.550510406494141,4.533946514129639
2012-01-18,7.146730422973633,7.113025188446045,7.134945392608643,7.181303024291992,7.121118545532227,7.117924213409424
2012-01-19,6.676761627197266,6.846372604370117,7.125472545623779,6.725278854370117,6.866434574127197,7.096333026885986
2012-01-20,7.134085178375244,7.328338623046875,7.6514105796813965,7.113586902618408,7.287952899932861,7.567454814910889
2012-01-21,6.805461883544922,6.86704158782959,7.051321029663086,6.74011754989624,6.79718542098999,6.97280740737915
2012-01-22,6.616018772125244,6.6793341636657715,6.756739616394043,6.572458267211914,6.617300033569336,6.6947503089904785
2012-01-23,5.798004150390625,5.791073322296143,5.862246513366699,5.973244667053223,5.964181900024414,6.008842945098877
2012-01-24,6.565996170043945,6.613800048828125,6.692496299743652,6.663914680480957,6.666875839233398,6.7103447914123535
2012-01-25,4.303561210632324,4.692159175872803,5.140382289886475,4.164992809295654,4.4914870262146,4.880867958068848
2012-01-26,4.402822971343994,4.436049938201904,4.509790897369385,4.761315822601318,4.756032943725586,4.782717704772949
2012-01-27,3.4212613105773926,3.6393351554870605,3.982726573944092,3.5645973682403564,3.7455296516418457,4.028289794921875
2012-01-28,5.866300582885742,5.891994476318359,6.061246871948242,5.9821319580078125,5.965265274047852,6.052380084991455
2012-01-29,7.296719074249268,7.279236793518066,7.471278667449951,7.534332275390625,7.478309631347656,7.590578079223633
2012-01-30,8.377236366271973,8.572807312011719,8.908960342407227,8.2227783203125,8.395282745361328,8.695433616638184
2012-01-31,3.277848243713379,3.340660333633423,3.5471699237823486,3.2557778358459473,3.2538180351257324,3.3693430423736572
2012-02-01,2.7028305530548096,2.723928689956665,2.802457332611084,2.9155783653259277,2.9285035133361816,2.9864919185638428
2012-02-02,3.5531725883483887,3.604055881500244,3.6694531440734863,3.614532232284546,3.657341241836548,3.7227158546447754
2012-02-03,5.15254020690918,5.261570930480957,5.414361953735352,4.633220672607422,4.729861736297607,4.865916728973389
2012-02-04,4.031020164489746,4.1999006271362305,4.445063591003418,4.02949333190918,4.187788486480713,4.420590400695801
2012-02-05,2.1490561962127686,2.344533920288086,2.6419594287872314,2.214494228363037,2.3869175910949707,2.6619720458984375
2012-02-06,4.541078567504883,4.518524169921875,4.5391435623168945,4.593722343444824,4.555248260498047,4.565317153930664
2012-02-07,8.971970558166504,9.048690795898438,9.276975631713867,8.929089546203613,8.972074508666992,9.14525318145752
2012-02-08,8.291112899780273,8.529930114746094,8.856390953063965,8.104430198669434,8.288535118103027,8.558963775634766
2012-02-09,3.8008553981781006,3.967275381088257,4.237636566162109,3.9168994426727295,4.058248519897461,4.248415470123291
2012-02-10,2.8194990158081055,3.002821922302246,3.243556261062622,2.8016767501831055,2.9662742614746094,3.150158166885376
2012-02-11,2.752936840057373,2.8486745357513428,2.9803590774536133,2.6950907707214355,2.780724287033081,2.8904435634613037
2012-02-12,2.1909916400909424,2.2896907329559326,2.465189218521118,2.060049295425415,2.145874261856079,2.299706220626831
2012-02-13,3.622587203979492,3.6646175384521484,3.74609375,3.2449612617492676,3.2763426303863525,3.3519363403320312
2012-02-14,4.825371265411377,4.947134494781494,5.150802135467529,4.4417500495910645,4.549905776977539,4.729553699493408
2012-02-15,5.2928466796875,5.503615856170654,5.785839080810547,5.316588878631592,5.515779972076416,5.769111156463623
2012-02-16,4.697669982910156,4.9177021980285645,5.198993682861328,4.413743019104004,4.618432521820068,4.8630523681640625
2012-02-17,2.7012319564819336,2.877230405807495,3.1646265983581543,2.6818482875823975,2.853170871734619,3.1233856678009033
2012-02-18,1.415737509727478,1.4825479984283447,1.6208035945892334,1.412232518196106,1.4579015970230103,1.5679285526275635
2012-02-19,1.403193712234497,1.4311338663101196,1.5250695943832397,1.3274047374725342,1.3326104879379272,1.4027587175369263
2012-02-20,4.0778093338012695,4.149135589599609,4.278929710388184,4.100282192230225,4.172335624694824,4.278404235839844
2012-02-21,3.3706536293029785,3.3982152938842773,3.4933013916015625,3.322326421737671,3.3556604385375977,3.4395487308502197
2012-02-22,4.054598808288574,4.419743537902832,4.862928867340088,4.171573162078857,4.531082630157471,4.944701194763184
2012-02-23,3.931549072265625,3.98230242729187,4.158211708068848,3.6680729389190674,3.7176263332366943,3.8717663288116455
2012-02-24,1.75996994972229,1.8808344602584839,2.0244252681732178,1.8925386667251587,2.0126922130584717,2.130089044570923
2012-02-25,2.0996291637420654,2.1477742195129395,2.255016803741455,2.2164063453674316,2.254274368286133,2.3393619060516357
2012-02-26,4.5091233253479,4.520164966583252,4.568521022796631,4.566760540008545,4.547966957092285,4.558810234069824
2012-02-27,2.789518117904663,2.922327995300293,3.0927021503448486,3.0467119216918945,3.172518730163574,3.3014235496520996
2012-02-28,6.481879711151123,6.577111721038818,6.783696174621582,6.428308486938477,6.493019104003906,6.655172348022461
2012-02-29,,,,,,
2012-03-01,7.096527099609375,7.173421382904053,7.384642601013184,7.113757133483887,7.160944938659668,7.312158584594727
2012-03-02,5.52424430847168,5.534367084503174,5.59429931640625,5.601449966430664,5.584275245666504,5.624000072479248
2012-03-03,5.366245746612549,5.401742935180664,5.483700752258301,5.531576633453369,5.5463666915893555,5.605300426483154
2012-03-04,4.280032157897949,4.4142303466796875,4.586930751800537,4.338512897491455,4.481966972351074,4.6560587882995605
2012-03-05,3.7343549728393555,3.8727829456329346,4.101534366607666,4.126603603363037,4.249654769897461,4.432389736175537
2012-03-06,4.728824138641357,4.839481830596924,5.064690589904785,4.743230819702148,4.823985576629639,4.99126672744751
2012-03-07,1.5795741081237793,1.6790885925292969,1.885791301727295,1.6080619096755981,1.685802698135376,1.873068928718567
2012-03-08,3.2003417015075684,3.2370505332946777,3.305142879486084,3.237100601196289,3.284548282623291,3.344953775405884
2012-03-09,3.8995234966278076,4.073129177093506,4.319066047668457,4.057482719421387,4.2287774085998535,4.441164970397949
2012-03-10,2.944586753845215,2.9476377964019775,3.0386548042297363,2.936734437942505,2.892071485519409,2.9437947273254395
2012-03-11,5.607238292694092,5.6261420249938965,5.810323715209961,5.991123676300049,5.980538845062256,6.094104290008545
2012-03-12,5.2351226806640625,5.431159973144531,5.742415428161621,5.13924503326416,5.311496734619141,5.56015682220459
2012-03-13,4.9611735343933105,5.251500129699707,5.600971221923828,4.6954803466796875,4.957272529602051,5.277714729309082
2012-03-14,5.220879554748535,5.153759002685547,5.127487659454346,5.231777191162109,5.138729095458984,5.054534435272217
2012-03-15,5.236339569091797,5.351748466491699,5.5779571533203125,5.419299602508545,5.5152692794799805,5.6836347579956055
2012-03-16,3.1191937923431396,3.1731669902801514,3.333080291748047,3.235069513320923,3.2859175205230713,3.4354920387268066
2012-03-17,6.004882335662842,6.102031707763672,6.273199081420898,6.186155796051025,6.259786605834961,6.384079933166504
2012-03-18,3.071906805038452,3.1252918243408203,3.1888067722320557,3.019894599914551,3.027930974960327,3.013383388519287
2012-03-19,3.1327762603759766,3.2714946269989014,3.4799866676330566,2.9808013439178467,3.089785099029541,3.257793426513672
2012-03-20,3.728205442428589,3.874039649963379,4.062192916870117,3.5424206256866455,3.647479295730591,3.7680037021636963
2012-03-21,1.7371327877044678,1.8229382038116455,1.9955288171768188,1.7031913995742798,1.7836337089538574,1.9473768472671509
2012-03-22,3.7965149879455566,3.826024055480957,3.9283554553985596,3.549457550048828,3.5586416721343994,3.618067979812622
2012-03-23,3.870854616165161,3.9379725456237793,4.025130271911621,3.486778974533081,3.523993730545044,3.592810869216919
2012-03-24,2.780092239379883,2.8481838703155518,2.9952199459075928,2.528233528137207,2.5837433338165283,2.703150749206543
2012-03-25,3.912313461303711,3.8946051597595215,3.8642923831939697,3.75970196723938,3.7251341342926025,3.669542074203491
2012-03-26,4.431884765625,4.561289310455322,4.799758434295654,4.345829486846924,4.441632270812988,4.633306980133057
2012-03-27,3.86995005607605,3.939289093017578,4.0395965576171875,3.9241654872894287,3.9824366569519043,4.062931060791016
2012-03-28,5.109351634979248,5.134199619293213,5.2150678634643555,4.852180004119873,4.855685234069824,4.916731357574463
2012-03-29,5.997734546661377,6.029809474945068,6.231205463409424,5.87224006652832,5.854450702667236,5.9692864418029785
2012-03-30,6.9450836181640625,7.0693817138671875,7.2680463790893555,6.6883625984191895,6.757869720458984,6.900335788726807
2012-03-31,6.87501335144043,7.041659832000732,7.2885518074035645,6.939881801605225,7.064408302307129,7.254643440246582
2012-04-01,5.056767463684082,5.094107151031494,5.164831638336182,4.921123504638672,4.939759254455566,4.977342128753662
2012-04-02,4.5186896324157715,4.6058831214904785,4.736075401306152,4.48194694519043,4.551486492156982,4.656399726867676
2012-04-03,5.4603071212768555,5.637638568878174,5.852536678314209,5.4524030685424805,5.618896007537842,5.809199333190918
2012-04-04,4.509960651397705,4.533735275268555,4.617615222930908,4.645129680633545,4.64813756942749,4.686924934387207
2012-04-05,5.861320495605469,5.918335914611816,6.018078327178955,5.934401035308838,5.96872091293335,6.035486221313477
2012-04-06,3.994905948638916,4.153203964233398,4.406656742095947,4.008279800415039,4.135751247406006,4.337467670440674
2012-04-07,3.658381223678589,3.6806838512420654,3.6522412300109863,3.610590696334839,3.613401412963867,3.5689001083374023
2012-04-08,4.031820774078369,4.085816383361816,4.144683361053467,4.082380771636963,4.113707065582275,4.144720554351807
2012-04-09,2.8748300075531006,2.9312222003936768,3.0197861194610596,2.8762388229370117,2.8871374130249023,2.9254252910614014
2012-04-10,2.635777473449707,2.659172296524048,2.7369258403778076,2.6198623180389404,2.6323626041412354,2.6878135204315186
2012-04-11,3.9718821048736572,4.166394233703613,4.396509170532227,4.012962818145752,4.1903886795043945,4.393808841705322
2012-04-12,2.9672927856445312,2.955482244491577,2.967594861984253,2.8131096363067627,2.7866673469543457,2.7666125297546387
2012-04-13,2.3470306396484375,2.319788694381714,2.3075850009918213,2.211484909057617,2.1747143268585205,2.1469881534576416
2012-04-14,5.806526184082031,5.792671203613281,5.823930263519287,5.81201696395874,5.7491679191589355,5.731659412384033
2012-04-15,7.603409290313721,7.713759422302246,7.936946392059326,7.589032173156738,7.646496295928955,7.777064800262451
2012-04-16,2.7448878288269043,2.9368739128112793,3.229840040206909,2.7825751304626465,2.963731050491333,3.2340123653411865
2012-04-17,4.909793376922607,4.904994010925293,4.9050984382629395,4.727065563201904,4.6963887214660645,4.6731414794921875
2012-04-18,5.58513879776001,5.782688140869141,6.040853023529053,5.323559761047363,5.474201202392578,5.671140193939209
2012-04-19,1.680068016052246,1.7115148305892944,1.7161860466003418,1.6417803764343262,1.671692132949829,1.6801024675369263
2012-04-20,3.337448835372925,3.451711654663086,3.6193761825561523,3.4082164764404297,3.506488800048828,3.6480345726013184
2012-04-21,3.5766568183898926,3.6849451065063477,3.8285961151123047,3.467052698135376,3.561161756515503,3.679250717163086
2012-04-22,2.5332858562469482,2.563568353652954,2.612346887588501,2.5393824577331543,2.558643102645874,2.5832464694976807
2012-04-23,1.8458926677703857,1.93017578125,2.038085699081421,1.8392215967178345,1.917208194732666,2.0080153942108154
2012-04-24,3.3972461223602295,3.3876729011535645,3.4082226753234863,3.2945635318756104,3.269862174987793,3.2623915672302246
2012-04-25,4.2735371589660645,4.411484718322754,4.536635875701904,4.314761161804199,4.451513767242432,4.567962646484375
2012-04-26,2.355363368988037,2.5007591247558594,2.7430219650268555,2.5005226135253906,2.6266469955444336,2.832073450088501
2012-04-27,6.126974582672119,6.205166816711426,6.296379566192627,6.10876989364624,6.18674373626709,6.260035037994385
2012-04-28,5.446131229400635,5.521770000457764,5.616456031799316,5.44508695602417,5.483792781829834,5.529709339141846
2012-04-29,4.582683563232422,4.636333465576172,4.747935771942139,4.606295585632324,4.626858711242676,4.686556816101074
2012-04-30,7.726145267486572,7.765840530395508,7.830605506896973,7.795219898223877,7.801675319671631,7.820725440979004
2012-05-01,5.715712070465088,5.9297308921813965,6.174736976623535,5.993557453155518,6.190382957458496,6.3920793533325195
2012-05-02,5.227859973907471,5.288020610809326,5.358861923217773,5.312826633453369,5.3476386070251465,5.388391971588135
2012-05-03,5.765822410583496,5.970505714416504,6.165799617767334,5.8972392082214355,6.083008766174316,6.25331449508667
2012-05-04,3.8126957416534424,3.9221103191375732,4.040535926818848,3.6993401050567627,3.773681402206421,3.854374647140503
2012-05-05,3.970191240310669,4.016745090484619,4.081300258636475,4.1414570808410645,4.17148494720459,4.219164848327637
2012-05-06,3.4676284790039062,3.5894157886505127,3.737464189529419,3.5573747158050537,3.677807569503784,3.834094285964966
2012-05-07,3.114924192428589,3.146390438079834,3.2051095962524414,3.1802501678466797,3.1964271068573,3.236696720123291
2012-05-08,2.4288320541381836,2.4428393840789795,2.480515718460083,2.3969380855560303,2.408437967300415,2.4502739906311035
2012-05-09,1.4924983978271484,1.5047985315322876,1.6019034385681152,1.5157355070114136,1.5115180015563965,1.5855666399002075
2012-05-10,3.405776023864746,3.4527359008789062,3.5706100463867188,3.4427192211151123,3.4754371643066406,3.5723414421081543
2012-05-11,2.481078863143921,2.5194907188415527,2.5645079612731934,2.609874963760376,2.6373658180236816,2.669905662536621
2012-05-12,1.9863287210464478,1.9803441762924194,2.0269315242767334,2.160104751586914,2.1315102577209473,2.1460225582122803
2012-05-13,2.186843156814575,2.3424453735351562,2.620119571685791,2.300370931625366,2.442356586456299,2.6940834522247314
2012-05-14,2.487727403640747,2.5188817977905273,2.5188493728637695,2.5104572772979736,2.547349691390991,2.5539298057556152
2012-05-15,1.6158602237701416,1.562628984451294,1.5763472318649292,1.5512210130691528,1.4905281066894531,1.4888454675674438
2012-05-16,3.538541316986084,3.643510103225708,3.8018460273742676,3.6009504795074463,3.6822891235351562,3.80385422706604
2012-05-17,4.231387615203857,4.34674596786499,4.5713958740234375,4.252626895904541,4.343515396118164,4.531685829162598
2012-05-18,3.9484853744506836,4.005355358123779,4.060242652893066,4.0209832191467285,4.055446624755859,4.094156265258789
2012-05-19,4.457965850830078,4.471017837524414,4.543337821960449,4.469924449920654,4.449569225311279,4.473050117492676
2012-05-20,4.130251407623291,4.237855434417725,4.3295087814331055,4.085196018218994,4.167901992797852,4.220827579498291
2012-05-21,2.6932156085968018,2.7492551803588867,2.73880934715271,2.649010419845581,2.6923601627349854,2.6855757236480713
2012-05-22,1.5620238780975342,1.5692617893218994,1.9267187118530273,1.550335168838501,1.5287708044052124,1.7915282249450684
2012-05-23,2.91571307182312,3.02874493598938,3.2786219120025635,2.534383773803711,2.615859031677246,2.840350389480591
2012-05-24,0.9653902053833008,0.9962869882583618,1.0065972805023193,1.0139797925949097,1.047183871269226,1.0484583377838135
2012-05-25,3.487623691558838,3.49581241607666,3.5193328857421875,3.433558702468872,3.415888547897339,3.3966987133026123
2012-05-26,3.9607954025268555,4.0426435470581055,4.096780776977539,3.9364750385284424,4.0252861976623535,4.0880303382873535
2012-05-27,3.1182260513305664,3.094810724258423,3.0380470752716064,3.05057430267334,3.040482997894287,3.0077199935913086
2012-05-28,3.938124656677246,3.8975565433502197,3.831303596496582,4.04804801940918,3.9954090118408203,3.9163782596588135
2012-05-29,5.148554801940918,5.251918792724609,5.370996475219727,5.056850433349609,5.126062870025635,5.207460403442383
2012-05-30,3.931148052215576,4.082950592041016,4.270370006561279,3.8861029148101807,4.017019271850586,4.178130149841309
2012-05-31,3.063910722732544,3.2848784923553467,3.5272114276885986,3.0483951568603516,3.2568717002868652,3.488154888153076
2012-06-01,2.4793105125427246,2.4743709564208984,2.513421058654785,2.5928821563720703,2.576700210571289,2.590536594390869
2012-06-02,3.884185314178467,3.965883493423462,4.058721542358398,3.8022704124450684,3.867471694946289,3.9468300342559814
2012-06-03,4.370791435241699,4.419495582580566,4.4629082679748535,4.364899635314941,4.401862621307373,4.430544853210449
2012-06-04,2.4129385948181152,2.486823081970215,2.568369150161743,2.4826014041900635,2.5444443225860596,2.609092950820923
2012-06-05,2.4860105514526367,2.5537590980529785,2.6058082580566406,2.519062042236328,2.5764153003692627,2.622498035430908
2012-06-06,2.5582950115203857,2.638134717941284,2.7127768993377686,2.5785722732543945,2.638183832168579,2.689028739929199
2012-06-07,2.93754243850708,3.0465970039367676,3.157639503479004,3.0346035957336426,3.1405670642852783,3.2466318607330322
2012-06-08,2.0818681716918945,2.1471633911132812,2.2031521797180176,2.1661784648895264,2.2434661388397217,2.314613103866577
2012-06-09,2.6870155334472656,2.751087188720703,2.8615827560424805,2.4600157737731934,2.484923839569092,2.5440118312835693
2012-06-10,2.9916329383850098,2.9615585803985596,3.002298355102539,2.9337546825408936,2.8880412578582764,2.8968732357025146
2012-06-11,3.555107355117798,3.8040640354156494,4.162121295928955,3.832533836364746,4.064974308013916,4.3402862548828125
2012-06-12,4.612903594970703,4.5898284912109375,4.481459617614746,4.690448760986328,4.641757965087891,4.508793830871582
2012-06-13,4.14021110534668,4.102330684661865,4.1296467781066895,4.146474838256836,4.093806266784668,4.101086616516113
2012-06-14,3.1189682483673096,3.160282611846924,3.1883208751678467,3.2456912994384766,3.291800022125244,3.3097052574157715
2012-06-15,1.9763256311416626,2.010706901550293,2.097388982772827,2.034369707107544,2.065751075744629,2.1427438259124756
2012-06-16,2.474370002746582,2.454028844833374,2.394181489944458,2.471524715423584,2.445538282394409,2.3829169273376465
2012-06-17,3.2272355556488037,3.3496313095092773,3.4842610359191895,3.1727635860443115,3.2786428928375244,3.392953872680664
2012-06-18,3.759373664855957,3.7686045169830322,3.7586591243743896,3.7041704654693604,3.706834554672241,3.6912124156951904
2012-06-19,2.5696299076080322,2.5744473934173584,2.578739643096924,2.6169188022613525,2.6223418712615967,2.6262383460998535
2012-06-20,2.4650766849517822,2.501049280166626,2.5327870845794678,2.4895570278167725,2.5136353969573975,2.530951976776123
2012-06-21,1.9695699214935303,1.9929940700531006,2.0201449394226074,1.9578052759170532,1.9775859117507935,2.0031635761260986
2012-06-22,1.6989513635635376,1.7247029542922974,1.7600029706954956,1.6594263315200806,1.6992051601409912,1.7394473552703857
2012-06-23,3.7861344814300537,3.7967216968536377,3.800985336303711,3.591830015182495,3.594106674194336,3.5811092853546143
2012-06-24,1.495809555053711,1.5483098030090332,1.5780597925186157,1.518066167831421,1.5718411207199097,1.6029398441314697
2012-06-25,1.399949312210083,1.5748573541641235,1.7976549863815308,1.192280888557434,1.3326048851013184,1.5279072523117065
2012-06-26,1.7183854579925537,1.7741550207138062,1.8672300577163696,1.6568958759307861,1.666221261024475,1.7083537578582764
2012-06-27,3.190540075302124,3.149137258529663,3.121281147003174,3.159400224685669,3.1223294734954834,3.085458278656006
2012-06-28,4.167135715484619,4.28106164932251,4.4019775390625,4.1435041427612305,4.249725818634033,4.358047008514404
2012-06-29,2.5009961128234863,2.5080831050872803,2.502207040786743,2.5009782314300537,2.5093321800231934,2.5061957836151123
2012-06-30,3.2185306549072266,3.235039472579956,3.284029960632324,3.1377668380737305,3.1413378715515137,3.1777734756469727
2012-07-01,3.8955233097076416,4.002859115600586,4.129977703094482,3.8503334522247314,3.934861898422241,4.033508777618408
2012-07-02,2.2659265995025635,2.3246612548828125,2.3919894695281982,2.2941763401031494,2.3387274742126465,2.38802170753479
2012-07-03,2.058206558227539,2.1508238315582275,2.258845329284668,2.109653949737549,2.1868560314178467,2.280073404312134
2012-07-04,2.8039512634277344,2.856299638748169,2.8696682453155518,2.805701971054077,2.851680040359497,2.8683388233184814
2012-07-05,2.93011212348938,3.02767276763916,3.1494524478912354,3.0040838718414307,3.0940420627593994,3.2053351402282715
2012-07-06,2.7250733375549316,2.782867431640625,2.8482797145843506,2.775496244430542,2.8252177238464355,2.877732992172241
2012-07-07,1.0294733047485352,1.044387936592102,1.0879406929016113,0.9544851779937744,0.9648788571357727,1.0085957050323486
2012-07-08,1.7364052534103394,1.6994245052337646,1.6844147443771362,1.850693702697754,1.8196061849594116,1.7930785417556763
2012-07-09,1.929908037185669,1.9976953268051147,2.075572967529297,1.9523749351501465,2.012767791748047,2.076059341430664
2012-07-10,1.8027691841125488,1.8141834735870361,1.8430917263031006,1.7558122873306274,1.7738850116729736,1.8051756620407104
2012-07-11,2.02443790435791,2.0893263816833496,2.212048053741455,1.9829891920089722,2.030452013015747,2.1181371212005615
2012-07-12,3.1671864986419678,3.2532541751861572,3.430885076522827,3.2579641342163086,3.3358054161071777,3.4752800464630127
2012-07-13,1.3753182888031006,1.4259930849075317,1.5364519357681274,1.5270599126815796,1.549074411392212,1.6083863973617554
2012-07-14,2.2652547359466553,2.1852433681488037,2.1284384727478027,2.300506353378296,2.256465196609497,2.2384181022644043
2012-07-15,2.9979958534240723,3.144798994064331,3.3627467155456543,2.8084490299224854,2.9123828411102295,3.062121629714966
2012-07-16,2.427562713623047,2.5473830699920654,2.717799425125122,2.4406309127807617,2.542569637298584,2.6829986572265625
2012-07-17,3.9182322025299072,3.928952217102051,3.909038543701172,3.850257635116577,3.8575968742370605,3.842172384262085
2012-07-18,2.7967846393585205,2.9333438873291016,3.1152760982513428,2.8335511684417725,2.9534454345703125,3.1065123081207275
2012-07-19,2.613081693649292,2.6528921127319336,2.727555990219116,2.683128595352173,2.6994142532348633,2.7502455711364746
2012-07-20,4.153473377227783,4.2840142250061035,4.425530433654785,4.010440349578857,4.1197614669799805,4.248353004455566
2012-07-21,1.9976592063903809,2.066175699234009,2.145057201385498,2.2149438858032227,2.2857367992401123,2.3663692474365234
2012-07-22,1.4114121198654175,1.4377779960632324,1.501512050628662,1.4179277420043945,1.4400049448013306,1.4903720617294312
2012-07-23,4.245850563049316,4.281604766845703,4.3657684326171875,4.2078094482421875,4.2158684730529785,4.276849746704102
2012-07-24,6.168147563934326,6.243505477905273,6.352075576782227,6.239318370819092,6.234748840332031,6.264481544494629
2012-07-25,3.472254991531372,3.6179275512695312,3.7729358673095703,3.574519395828247,3.7164413928985596,3.859003782272339
2012-07-26,1.1141855716705322,1.2466026544570923,1.4518135786056519,1.1427326202392578,1.2662650346755981,1.448549747467041
2012-07-27,2.204181671142578,2.1932318210601807,2.172431707382202,2.115100383758545,2.098719835281372,2.060915231704712
2012-07-28,3.32072114944458,3.3067514896392822,3.310934066772461,3.240251064300537,3.2086732387542725,3.18550443649292
2012-07-29,1.9626657962799072,2.118626832962036,2.3125991821289062,2.0144007205963135,2.1469526290893555,2.3112287521362305
2012-07-30,3.8990461826324463,4.014560699462891,4.180432319641113,3.8697474002838135,3.965519428253174,4.104076385498047
2012-07-31,2.9364519119262695,3.090179204940796,3.3361549377441406,2.824143886566162,2.9597132205963135,3.1582603454589844
2012-08-01,3.848158597946167,3.9354450702667236,4.010552883148193,3.704133987426758,3.785102367401123,3.8555996417999268
2012-08-02,2.703242778778076,2.842367172241211,3.0025784969329834,2.6506237983703613,2.7621264457702637,2.8894476890563965
2012-08-03,2.8558316230773926,2.9405417442321777,3.048945665359497,2.7815070152282715,2.8509726524353027,2.9374313354492188
2012-08-04,0.9253671765327454,0.9625527858734131,1.0495858192443848,0.8899314403533936,0.9067428112030029,0.9588851928710938
2012-08-05,4.833877086639404,4.912550449371338,5.0110602378845215,4.778421401977539,4.8288116455078125,4.880980968475342
2012-08-06,2.859156608581543,2.9989588260650635,3.147160768508911,2.833272933959961,2.9623453617095947,3.0926921367645264
2012-08-07,1.440527319908142,1.4810420274734497,1.5408469438552856,1.3113840818405151,1.3364338874816895,1.3768939971923828
2012-08-08,1.6242588758468628,1.6700067520141602,1.7499159574508667,1.7291539907455444,1.7711519002914429,1.850929856300354
2012-08-09,0.6980903744697571,0.7290191054344177,0.8006613254547119,0.7444119453430176,0.771689772605896,0.8337288498878479
2012-08-10,1.6491878032684326,1.6658354997634888,1.6901131868362427,1.7207603454589844,1.7235652208328247,1.7307369709014893
2012-08-11,1.7700979709625244,1.8261127471923828,1.8114181756973267,1.746374487876892,1.8094160556793213,1.805792212486267
2012-08-12,1.4425441026687622,1.3962713479995728,1.3670469522476196,1.3914918899536133,1.3293352127075195,1.2890475988388062
2012-08-13,3.9687533378601074,4.042437553405762,4.057370185852051,3.8922154903411865,3.963273286819458,3.9795470237731934
2012-08-14,1.3365641832351685,1.4100760221481323,1.507222294807434,1.2992076873779297,1.3705328702926636,1.4592671394348145
2012-08-15,2.871668815612793,2.9114346504211426,2.9324116706848145,2.827326774597168,2.8361406326293945,2.8137176036834717
2012-08-16,3.7110402584075928,3.773374080657959,3.8329131603240967,3.688565731048584,3.738126277923584,3.787351131439209
2012-08-17,1.6399013996124268,1.7934726476669312,2.012563705444336,1.6093294620513916,1.7455761432647705,1.9356609582901
2012-08-18,3.3070383071899414,3.4750046730041504,3.7020084857940674,3.3698811531066895,3.5324652194976807,3.7328813076019287
2012-08-19,3.1668200492858887,3.2787680625915527,3.4163925647735596,3.26472806930542,3.374197483062744,3.504929304122925
2012-08-20,4.404402256011963,4.593971252441406,4.829992771148682,4.260690689086914,4.423285007476807,4.62108039855957
2012-08-21,2.298572540283203,2.3391177654266357,2.4228551387786865,2.5696401596069336,2.578456401824951,2.6097028255462646
2012-08-22,2.920971393585205,2.9793813228607178,3.0490214824676514,2.886671304702759,2.9183831214904785,2.9535086154937744
2012-08-23,2.413921594619751,2.547917604446411,2.721923351287842,2.3402934074401855,2.451669931411743,2.598850727081299
2012-08-24,1.408113718032837,1.4569295644760132,1.596740961074829,1.5893813371658325,1.6295442581176758,1.7282662391662598
2012-08-25,2.4592442512512207,2.454212188720703,2.458376884460449,2.38490629196167,2.365922451019287,2.3454442024230957
2012-08-26,4.0109543800354,3.971428632736206,3.9499080181121826,4.009096145629883,3.9757273197174072,3.9385762214660645
2012-08-27,4.615584850311279,4.845961093902588,5.030316352844238,4.452388763427734,4.684723854064941,4.861260890960693
2012-08-28,2.5428037643432617,2.5685784816741943,2.5852413177490234,2.5918116569519043,2.6163036823272705,2.6335818767547607
2012-08-29,2.0007688999176025,1.9904550313949585,1.9416548013687134,1.936132550239563,1.9400850534439087,1.9146784543991089
2012-08-30,1.1420224905014038,1.1675031185150146,1.2045906782150269,1.1179563999176025,1.147067904472351,1.1875686645507812
2012-08-31,2.612151622772217,2.6880667209625244,2.82966685295105,2.612093448638916,2.669451951980591,2.77705454826355
2012-09-01,2.7713184356689453,2.8061535358428955,2.8725779056549072,2.8139455318450928,2.8398818969726562,2.8884525299072266
2012-09-02,2.316080093383789,2.3632845878601074,2.456296682357788,2.363440990447998,2.4055047035217285,2.477288246154785
2012-09-03,2.1518969535827637,2.1823718547821045,2.2080137729644775,2.1812796592712402,2.2132246494293213,2.242727756500244
2012-09-04,1.3001481294631958,1.309903860092163,1.3126016855239868,1.404070258140564,1.4171173572540283,1.4240666627883911
2012-09-05,1.688448429107666,1.7521175146102905,1.8938571214675903,1.8450031280517578,1.8869249820709229,1.9729796648025513
2012-09-06,2.942051649093628,3.004467725753784,3.1129844188690186,2.9884090423583984,3.0334136486053467,3.1138153076171875
2012-09-07,3.2714290618896484,3.3205041885375977,3.4265763759613037,3.398132085800171,3.4283783435821533,3.4969022274017334
2012-09-08,1.6545535326004028,1.6866899728775024,1.7312877178192139,1.759511947631836,1.7935519218444824,1.8337297439575195
2012-09-09,1.630151629447937,1.6186156272888184,1.5937060117721558,1.7946985960006714,1.7815523147583008,1.7456638813018799
2012-09-10,1.4434051513671875,1.5027658939361572,1.5766594409942627,1.3660849332809448,1.4111160039901733,1.4716145992279053
2012-09-11,1.9634875059127808,1.999233603477478,2.0398142337799072,2.1000943183898926,2.1436030864715576,2.1907482147216797
2012-09-12,2.1159818172454834,2.1541507244110107,2.2309303283691406,2.1651206016540527,2.1925737857818604,2.2517013549804688
2012-09-13,2.037858486175537,2.107577085494995,2.1998696327209473,2.0935308933258057,2.1549317836761475,2.2339699268341064
2012-09-14,1.5879157781600952,1.6058340072631836,1.672333836555481,1.6630357503890991,1.6656513214111328,1.7028132677078247
2012-09-15,1.8789238929748535,1.8687398433685303,1.9109023809432983,1.9430196285247803,1.9296478033065796,1.9523640871047974
2012-09-16,2.6220104694366455,2.5754384994506836,2.5122525691986084,2.8479456901550293,2.8039541244506836,2.737840414047241
2012-09-17,2.6475729942321777,2.665283441543579,2.7483978271484375,2.83793306350708,2.8341503143310547,2.8638129234313965
2012-09-18,3.4730405807495117,3.5660417079925537,3.6643149852752686,3.431849956512451,3.5129551887512207,3.601881742477417
2012-09-19,1.7390081882476807,1.887941598892212,2.0900936126708984,1.649580717086792,1.7763395309448242,1.9465587139129639
2012-09-20,2.847243309020996,2.740996837615967,2.616617202758789,3.0167789459228516,2.9010977745056152,2.752202033996582
2012-09-21,3.408747673034668,3.4166414737701416,3.4329655170440674,3.519528388977051,3.5149776935577393,3.510303258895874
2012-09-22,3.692643642425537,3.874359607696533,4.081116676330566,3.53470778465271,3.6913695335388184,3.8665735721588135
2012-09-23,1.6637089252471924,1.7020593881607056,1.7678325176239014,1.6717585325241089,1.6906206607818604,1.7303683757781982
2012-09-24,3.777263641357422,3.847829818725586,3.928429126739502,3.867262840270996,3.931281805038452,4.005228519439697
2012-09-25,2.983201265335083,3.0641822814941406,3.2115542888641357,2.9641709327697754,3.023524284362793,3.1461877822875977
2012-09-26,2.9546968936920166,3.081956148147583,3.226285219192505,2.9539706707000732,3.0700948238372803,3.195720911026001
2012-09-27,2.4073355197906494,2.4264280796051025,2.505624771118164,2.570760488510132,2.5647196769714355,2.5852112770080566
2012-09-28,5.379591941833496,5.515824317932129,5.694633483886719,5.394555568695068,5.5164690017700195,5.661914825439453
2012-09-29,1.893345832824707,1.9547574520111084,2.034976005554199,1.7055922746658325,1.7490403652191162,1.8088874816894531
2012-09-30,3.882619857788086,3.9426827430725098,4.1043901443481445,3.7030880451202393,3.7368297576904297,3.868161678314209
2012-10-01,5.7301859855651855,5.923527240753174,6.194974899291992,5.684738636016846,5.847577095031738,6.059548854827881
2012-10-02,3.972761392593384,4.151707649230957,4.388627529144287,4.065816402435303,4.228532791137695,4.421207904815674
2012-10-03,2.4289932250976562,2.503612756729126,2.610274076461792,2.4092395305633545,2.4650394916534424,2.543611764907837
2012-10-04,1.3422091007232666,1.3677325248718262,1.4395676851272583,1.5891207456588745,1.6049062013626099,1.6528308391571045
2012-10-05,1.7225881814956665,1.7376489639282227,1.8121960163116455,1.8111677169799805,1.8164812326431274,1.8746308088302612
2012-10-06,1.5795681476593018,1.5545929670333862,1.544683575630188,1.6334214210510254,1.6090174913406372,1.5922285318374634
2012-10-07,2.6236252784729004,2.6886677742004395,2.7822139263153076,2.7315196990966797,2.7910444736480713,2.871792793273926
2012-10-08,1.3899238109588623,1.3296462297439575,1.266792893409729,1.4589385986328125,1.4147281646728516,1.3591786623001099
2012-10-09,3.1045172214508057,3.1738367080688477,3.244385004043579,2.778123140335083,2.831061363220215,2.879249095916748
2012-10-10,1.360501766204834,1.3614641427993774,1.3739700317382812,1.3748430013656616,1.3645297288894653,1.361251950263977
2012-10-11,1.9431840181350708,1.9759851694107056,2.024332046508789,1.9644954204559326,1.9751496315002441,1.9887858629226685
2012-10-12,2.7066078186035156,2.705890417098999,2.7371878623962402,2.7912485599517822,2.7714226245880127,2.765775442123413
2012-10-13,3.9546685218811035,3.9590046405792236,4.013419151306152,4.076292037963867,4.070742130279541,4.089364051818848
2012-10-14,6.350992679595947,6.416473865509033,6.53326940536499,6.386337757110596,6.416457653045654,6.468608379364014
2012-10-15,2.471574306488037,2.5779576301574707,2.759382963180542,2.427769184112549,2.4977426528930664,2.6377549171447754
2012-10-16,2.761702299118042,2.7827820777893066,2.727776527404785,2.8812317848205566,2.907165765762329,2.8812148571014404
2012-10-17,2.3186051845550537,2.3342041969299316,2.4058189392089844,2.2774860858917236,2.2672226428985596,2.303359031677246
2012-10-18,3.6162173748016357,3.7512803077697754,4.023502826690674,3.7091686725616455,3.8106822967529297,4.043300151824951
2012-10-19,6.202741622924805,6.334490776062012,6.588995456695557,5.969226360321045,6.073408126831055,6.28372049331665
2012-10-20,6.075096130371094,6.33611536026001,6.703714370727539,6.090961456298828,6.322574138641357,6.634283065795898
2012-10-21,5.492603778839111,5.724663734436035,6.018047332763672,5.481430530548096,5.6760993003845215,5.907806873321533
2012-10-22,4.858570575714111,5.0570855140686035,5.320585250854492,4.8143510818481445,4.986324787139893,5.194223403930664
2012-10-23,3.0221054553985596,3.204899311065674,3.4816088676452637,2.922290563583374,3.075451374053955,3.2959442138671875
2012-10-24,2.7278189659118652,2.8969719409942627,3.0921459197998047,2.749041795730591,2.90321946144104,3.0675766468048096
2012-10-25,1.019601583480835,1.1035279035568237,1.275078296661377,0.9886425733566284,1.0453386306762695,1.1887400150299072
2012-10-26,2.6567554473876953,2.576428174972534,2.5410611629486084,2.693878173828125,2.6335573196411133,2.604471206665039
2012-10-27,3.7303407192230225,3.7322630882263184,3.757977247238159,3.817291259765625,3.8240435123443604,3.8513240814208984
2012-10-28,3.125424385070801,3.2854390144348145,3.491272449493408,3.170966386795044,3.323387384414673,3.5078558921813965
2012-10-29,2.812702178955078,2.919832468032837,3.076505184173584,2.7467634677886963,2.835350275039673,2.965219020843506
2012-10-30,4.886175155639648,4.981161594390869,5.128554344177246,5.078105449676514,5.151926517486572,5.246993064880371
2012-10-31,2.7890050411224365,2.919398069381714,3.117283821105957,2.7223968505859375,2.8282675743103027,3.0003151893615723
2012-11-01,4.92439079284668,5.091294765472412,5.323395252227783,5.161701679229736,5.2815327644348145,5.438600540161133
2012-11-02,3.8831441402435303,4.0516533851623535,4.238780975341797,3.730659246444702,3.8736345767974854,4.03269624710083
2012-11-03,3.7660934925079346,3.769895553588867,3.8303256034851074,3.6808440685272217,3.667294979095459,3.681098461151123
2012-11-04,4.197041988372803,4.294962406158447,4.452404975891113,4.114261627197266,4.192361354827881,4.316019058227539
2012-11-05,1.6272895336151123,1.8238375186920166,2.117882490158081,1.5429750680923462,1.7206828594207764,1.9843813180923462
2012-11-06,2.5956192016601562,2.4804511070251465,2.369318723678589,2.6693828105926514,2.5264649391174316,2.3518476486206055
2012-11-07,1.8546656370162964,1.8623453378677368,1.8875240087509155,1.993621826171875,2.017958402633667,2.0408034324645996
2012-11-08,4.116389751434326,4.080385684967041,4.084251403808594,4.281261920928955,4.220622539520264,4.170488357543945
2012-11-09,8.669707298278809,8.953180313110352,9.258207321166992,8.644208908081055,8.907000541687012,9.186164855957031
2012-11-10,7.080636978149414,7.363408088684082,7.725563049316406,7.091431140899658,7.339996337890625,7.645928859710693
2012-11-11,4.967071533203125,5.190090179443359,5.496128082275391,4.806118965148926,5.0153045654296875,5.293899059295654
2012-11-12,6.256142616271973,6.330074787139893,6.536472320556641,6.214202404022217,6.243179798126221,6.367932319641113
2012-11-13,3.1609230041503906,3.1443936824798584,3.2068521976470947,3.2503890991210938,3.20210337638855,3.1981217861175537
2012-11-14,5.944872856140137,5.946138858795166,5.962790489196777,5.9290690422058105,5.915428638458252,5.8925981521606445
2012-11-15,6.110658645629883,6.218553066253662,6.408059597015381,6.112222194671631,6.188054084777832,6.326253414154053
2012-11-16,3.9555203914642334,4.157633304595947,4.457812786102295,3.983696699142456,4.151891231536865,4.409341812133789
2012-11-17,2.9152700901031494,2.999216079711914,3.1072282791137695,2.8962345123291016,2.9543533325195312,3.0405426025390625
2012-11-18,2.9091525077819824,2.8096730709075928,2.852828025817871,3.0807950496673584,2.966165781021118,2.9275708198547363
2012-11-19,8.159196853637695,8.375872611999512,8.642614364624023,8.180904388427734,8.351605415344238,8.545721054077148
2012-11-20,4.412328243255615,4.390053749084473,4.439064979553223,4.617736339569092,4.570260047912598,4.559388637542725
2012-11-21,3.222669839859009,3.375559091567993,3.5756001472473145,2.920485258102417,3.036125659942627,3.2065377235412598
2012-11-22,5.968244552612305,6.287028789520264,6.822351932525635,5.615262985229492,5.8758463859558105,6.320720672607422
2012-11-23,6.837932109832764,7.1267595291137695,7.47406005859375,6.808989524841309,7.074348449707031,7.381209373474121
2012-11-24,4.0580644607543945,4.0507707595825195,4.097391605377197,4.562081336975098,4.567166328430176,4.566068649291992
2012-11-25,3.2546231746673584,3.3361856937408447,3.4193906784057617,3.191009759902954,3.2611935138702393,3.3378148078918457
2012-11-26,2.816227674484253,2.844956398010254,2.9493420124053955,2.9305498600006104,2.927173137664795,2.976524591445923
2012-11-27,4.515197277069092,4.584015369415283,4.66763162612915,4.53173828125,4.589451789855957,4.670082092285156
2012-11-28,4.1410088539123535,4.255721092224121,4.422074317932129,4.132824420928955,4.22666072845459,4.359194278717041
2012-11-29,4.176648139953613,4.272288799285889,4.3907060623168945,4.1106648445129395,4.1877593994140625,4.279755592346191
2012-11-30,6.420657157897949,6.544449806213379,6.741786479949951,6.352623462677002,6.449737071990967,6.604826927185059
2012-12-01,2.8940484523773193,3.0359082221984863,3.3487071990966797,3.0547986030578613,3.1559276580810547,3.390306234359741
2012-12-02,1.962125539779663,2.031550168991089,2.11668062210083,2.0530946254730225,2.1186792850494385,2.203552007675171
2012-12-03,5.142052173614502,5.1933698654174805,5.338954448699951,5.046741962432861,5.0730438232421875,5.180568218231201
2012-12-04,2.477797508239746,2.551690101623535,2.8124170303344727,2.4169998168945312,2.4748597145080566,2.690924644470215
2012-12-05,6.402727127075195,6.331193447113037,6.413490295410156,6.4167160987854,6.339822769165039,6.38065767288208
2012-12-06,6.143584251403809,6.221700668334961,6.413536071777344,6.15788459777832,6.198849201202393,6.333193778991699
2012-12-07,5.16783332824707,5.216389179229736,5.415043830871582,5.165216445922852,5.129923343658447,5.194301605224609
2012-12-08,4.088479518890381,4.13142204284668,4.139219284057617,4.0409979820251465,4.086184501647949,4.077844142913818
2012-12-09,3.087024450302124,3.1280975341796875,3.1505520343780518,3.091228723526001,3.1163077354431152,3.1175334453582764
2012-12-10,3.037574291229248,3.0559680461883545,3.15472412109375,3.3154077529907227,3.3305797576904297,3.3702125549316406
2012-12-11,2.773895263671875,2.7329766750335693,2.742795705795288,2.714980363845825,2.669605255126953,2.6645400524139404
2012-12-12,5.168824195861816,5.26831579208374,5.419791221618652,5.302401542663574,5.3778181076049805,5.477385520935059
2012-12-13,4.843449592590332,5.069815635681152,5.373882293701172,4.784346580505371,4.976706027984619,5.23552942276001
2012-12-14,4.800975322723389,5.066849231719971,5.47402286529541,5.2078962326049805,5.4746904373168945,5.811588764190674
2012-12-15,4.2322211265563965,4.217532634735107,4.160733699798584,4.400335788726807,4.421372890472412,4.38136625289917
2012-12-16,8.19885540008545,8.327174186706543,8.575990676879883,8.400224685668945,8.492171287536621,8.6657133102417
2012-12-17,4.921086311340332,5.160223007202148,5.549162864685059,5.108856201171875,5.325339317321777,5.669361591339111
2012-12-18,1.877861499786377,1.9362661838531494,2.0607659816741943,1.821677565574646,1.8693137168884277,1.9789007902145386
2012-12-19,2.337097406387329,2.5112998485565186,2.7565574645996094,2.3977835178375244,2.5276148319244385,2.7031424045562744
2012-12-20,1.781506061553955,2.110454559326172,2.610269069671631,1.6260806322097778,1.906423807144165,2.3147261142730713
2012-12-21,5.22470760345459,5.500302791595459,5.958675384521484,5.12652063369751,5.374375343322754,5.804744243621826
2012-12-22,3.216808557510376,3.2866110801696777,3.4186792373657227,3.3024466037750244,3.355098009109497,3.45043683052063
2012-12-23,1.7892705202102661,1.7236765623092651,1.686184287071228,1.8730500936508179,1.8072961568832397,1.7578564882278442
2012-12-24,6.388845443725586,6.431621074676514,6.549488544464111,6.456357479095459,6.471248149871826,6.536138534545898
2012-12-25,7.105469703674316,7.367751121520996,7.675514221191406,6.980534553527832,7.18996524810791,7.4280104637146
2012-12-26,3.187558174133301,3.3300819396972656,3.56827974319458,3.0357983112335205,3.154127597808838,3.376737356185913
2012-12-27,3.094080924987793,3.12056303024292,3.192296266555786,3.0326006412506104,3.0442864894866943,3.1061880588531494
2012-12-28,2.559887409210205,2.7261438369750977,2.934518575668335,2.506254196166992,2.630300521850586,2.792494535446167
2012-12-29,3.1530847549438477,3.171431064605713,3.2672691345214844,3.097043037414551,3.1179559230804443,3.193375587463379
2012-12-30,6.905850887298584,7.190875053405762,7.525065898895264,6.56680965423584,6.835301876068115,7.149904251098633
2012-12-31,3.9781293869018555,4.341500759124756,4.736220836639404,3.424884080886841,3.7315280437469482,4.107578277587891
2013-01-01,2.4384634494781494,2.417569398880005,2.4614856243133545,2.520749807357788,2.4646034240722656,2.4708962440490723
2013-01-02,3.297691822052002,3.3769006729125977,3.5196421146392822,3.343174457550049,3.4057936668395996,3.5311360359191895
2013-01-03,4.012058734893799,3.9423959255218506,3.825031042098999,3.913163423538208,3.8115618228912354,3.6644651889801025
2013-01-04,4.794975280761719,4.822810649871826,4.926441669464111,4.839390277862549,4.855593681335449,4.917316913604736
2013-01-05,9.534663200378418,9.759928703308105,10.087382316589355,9.508605003356934,9.695847511291504,9.991372108459473
2013-01-06,3.9499599933624268,4.099388122558594,4.451551914215088,3.9885711669921875,4.089951992034912,4.348367214202881
2013-01-07,5.8924784660339355,5.9628095626831055,6.060404300689697,5.985959053039551,6.036518096923828,6.115201950073242
2013-01-08,5.348992347717285,5.504768371582031,5.813508033752441,5.389735221862793,5.5119242668151855,5.789083003997803
2013-01-09,3.5474603176116943,3.815518617630005,4.1592488288879395,3.57922101020813,3.8279879093170166,4.140844821929932
2013-01-10,4.278085231781006,4.536448955535889,4.87663459777832,4.21032190322876,4.440199375152588,4.712314605712891
2013-01-11,4.048598289489746,4.053760051727295,4.103129863739014,4.1045613288879395,4.098774433135986,4.114715099334717
2013-01-12,2.452227830886841,2.469463348388672,2.480245590209961,2.5528624057769775,2.56903076171875,2.5782511234283447
2013-01-13,2.452603816986084,2.350924015045166,2.2728235721588135,2.523970365524292,2.456293821334839,2.394650459289551
2013-01-14,2.9458091259002686,2.94222092628479,3.026777505874634,3.0782339572906494,3.072270154953003,3.130805492401123
2013-01-15,6.125899791717529,6.1815876960754395,6.315314292907715,6.066987991333008,6.091614246368408,6.1779327392578125
2013-01-16,7.333277702331543,7.357025146484375,7.510107517242432,7.3919525146484375,7.408810138702393,7.53170108795166
2013-01-17,7.378145694732666,7.416696548461914,7.521720886230469,7.581762313842773,7.592710971832275,7.666171073913574
2013-01-18,4.888138294219971,5.011456489562988,5.228665828704834,5.076275825500488,5.164226531982422,5.335039138793945
2013-01-19,3.530156373977661,3.6864912509918213,3.8819544315338135,3.473557233810425,3.590914249420166,3.74713397026062
2013-01-20,4.359320640563965,4.513441562652588,4.704452037811279,4.172161102294922,4.305280685424805,4.4839372634887695
2013-01-21,2.3325142860412598,2.481978178024292,2.744443655014038,2.1967806816101074,2.3053951263427734,2.5006356239318848
2013-01-22,2.419647216796875,2.535665273666382,2.7425894737243652,2.2620158195495605,2.3234949111938477,2.4642112255096436
2013-01-23,5.441038131713867,5.5994439125061035,5.835100173950195,5.402062892913818,5.519488334655762,5.739833831787109
2013-01-24,4.438910961151123,4.536691188812256,4.707606315612793,4.401538372039795,4.468738079071045,4.611609935760498
2013-01-25,2.8553690910339355,2.901768207550049,3.0062546730041504,3.0884859561920166,3.114675998687744,3.1981818675994873
2013-01-26,3.4264543056488037,3.4735658168792725,3.5566768646240234,3.298787832260132,3.331608772277832,3.3929014205932617
2013-01-27,7.640589237213135,7.849753379821777,8.122597694396973,7.577617645263672,7.73958158493042,7.942347049713135
2013-01-28,5.148523807525635,5.317285060882568,5.5823750495910645,5.213357448577881,5.357598781585693,5.570702075958252
2013-01-29,3.9237520694732666,3.9001882076263428,3.9354822635650635,3.8719446659088135,3.848567485809326,3.8692450523376465
2013-01-30,2.495333433151245,2.4881088733673096,2.5408403873443604,2.638540267944336,2.6504509449005127,2.710601329803467
2013-01-31,3.326571226119995,3.360586166381836,3.4999685287475586,3.380521059036255,3.398707866668701,3.4845669269561768
2013-02-01,3.7732677459716797,4.012185096740723,4.323273181915283,3.7827770709991455,3.9957454204559326,4.271464824676514
2013-02-02,3.590099573135376,3.6201043128967285,3.733982563018799,3.17453932762146,3.1863620281219482,3.262239456176758
2013-02-03,2.374025821685791,2.432817220687866,2.5629570484161377,2.5245869159698486,2.547776460647583,2.617314577102661
2013-02-04,5.846556663513184,6.030713081359863,6.315996170043945,5.488767623901367,5.64311408996582,5.883140563964844
2013-02-05,7.162364959716797,7.358639240264893,7.6831488609313965,7.155625820159912,7.319368839263916,7.576591491699219
2013-02-06,5.303687572479248,5.3197784423828125,5.384452819824219,5.4894185066223145,5.472105979919434,5.496941089630127
2013-02-07,8.568924903869629,8.769561767578125,9.05115795135498,8.692717552185059,8.882890701293945,9.12256145477295
2013-02-08,4.173506259918213,4.3146748542785645,4.521442413330078,4.441763401031494,4.553380489349365,4.71669340133667
2013-02-09,4.312691688537598,4.342566967010498,4.420416355133057,4.319523811340332,4.346037864685059,4.4077467918396
2013-02-10,9.55595874786377,9.890992164611816,10.305839538574219,9.370564460754395,9.68026065826416,10.038436889648438
2013-02-11,6.818779945373535,7.264563083648682,7.776031970977783,6.493542194366455,6.897101879119873,7.355623722076416
2013-02-12,5.811347484588623,5.880959987640381,6.032675266265869,6.050889492034912,6.095078945159912,6.184968948364258
2013-02-13,4.899124622344971,4.971039295196533,5.066456317901611,5.158647537231445,5.208726406097412,5.275124549865723
2013-02-14,7.017819881439209,7.125059604644775,7.323814392089844,6.8831634521484375,6.981735706329346,7.130228042602539
2013-02-15,6.187669277191162,6.493375301361084,6.800186634063721,5.810190200805664,6.081172943115234,6.327700138092041
2013-02-16,5.914589881896973,6.179007053375244,6.49990177154541,5.562924861907959,5.7963433265686035,6.0593647956848145
2013-02-17,5.211580753326416,5.472742080688477,5.833928108215332,5.022093772888184,5.235372543334961,5.514726161956787
2013-02-18,5.988043785095215,6.165252208709717,6.409670352935791,5.829232215881348,5.997583866119385,6.208739757537842
2013-02-19,4.877701282501221,5.004080772399902,5.186504364013672,4.972386360168457,5.07483434677124,5.223536491394043
2013-02-20,5.28554630279541,5.52880334854126,5.834780216217041,5.362105846405029,5.586659908294678,5.843532085418701
2013-02-21,2.1700289249420166,2.2105658054351807,2.3015027046203613,2.3596227169036865,2.3879759311676025,2.432871103286743
2013-02-22,2.93557071685791,3.0061869621276855,3.090907335281372,2.974144220352173,3.043213367462158,3.120305061340332
2013-02-23,3.630098819732666,3.6162109375,3.6394450664520264,3.5577049255371094,3.5127575397491455,3.49969744682312
2013-02-24,6.9206953048706055,7.056877136230469,7.232102394104004,6.982779026031494,7.0940070152282715,7.239022731781006
2013-02-25,5.02471923828125,5.327436447143555,5.675978183746338,5.036431312561035,5.31471061706543,5.614384651184082
2013-02-26,3.5247890949249268,3.512169361114502,3.5693585872650146,3.542527198791504,3.509310722351074,3.5287399291992188
2013-02-27,4.252570629119873,4.251343727111816,4.322892665863037,4.5260329246521,4.5139994621276855,4.555871486663818
2013-02-28,10.508556365966797,10.703411102294922,11.049358367919922,10.87993049621582,10.994046211242676,11.21566104888916
2013-03-01,6.884344577789307,7.009967803955078,7.202768802642822,7.126375198364258,7.198246479034424,7.317203998565674
2013-03-02,6.559272766113281,6.632740497589111,6.769362449645996,6.605170249938965,6.625461101531982,6.675928115844727
2013-03-03,3.4147863388061523,3.5420403480529785,3.6823225021362305,3.2102768421173096,3.3101282119750977,3.403424024581909
2013-03-04,4.181951522827148,4.059027671813965,3.906083822250366,3.923766613006592,3.78625750541687,3.623997926712036
2013-03-05,7.935948371887207,7.929549694061279,8.025572776794434,7.960574150085449,7.941451072692871,7.999191761016846
2013-03-06,7.254231929779053,7.118558883666992,6.976970195770264,7.322239875793457,7.146424293518066,6.92871618270874
2013-03-07,6.435614109039307,6.642400741577148,6.836383819580078,6.341381549835205,6.538790225982666,6.72147798538208
2013-03-08,5.169140815734863,5.164193153381348,5.207030296325684,5.485525608062744,5.452826976776123,5.459284782409668
2013-03-09,8.30010986328125,8.651914596557617,9.036643981933594,8.181055068969727,8.519920349121094,8.862709999084473
2013-03-10,5.0316290855407715,5.343678951263428,5.620750427246094,4.52851676940918,4.795990943908691,5.04487419128418
2013-03-11,2.2064902782440186,2.190101146697998,2.255596160888672,2.503873586654663,2.4385263919830322,2.448577404022217
2013-03-12,2.653028726577759,2.764878034591675,2.9130218029022217,2.7166478633880615,2.7987654209136963,2.9078590869903564
2013-03-13,1.9480246305465698,2.0857651233673096,2.261348247528076,1.936976432800293,2.068650007247925,2.2407712936401367
2013-03-14,2.6222426891326904,2.6362340450286865,2.6507809162139893,2.555736780166626,2.565605878829956,2.585982084274292
2013-03-15,3.418552875518799,3.373663902282715,3.438354015350342,3.7484710216522217,3.693692207336426,3.716233968734741
2013-03-16,4.241910934448242,4.293482303619385,4.379434585571289,4.289150714874268,4.318240165710449,4.385671615600586
2013-03-17,1.7910736799240112,1.8493648767471313,1.9661401510238647,1.7877166271209717,1.8293730020523071,1.9133201837539673
2013-03-18,4.603672504425049,4.761043548583984,4.971731185913086,4.549292087554932,4.680035591125488,4.848956108093262
2013-03-19,3.5587732791900635,3.6957900524139404,3.872753143310547,3.5966055393218994,3.712545156478882,3.8445792198181152
2013-03-20,2.412302017211914,2.375511646270752,2.451655626296997,2.5017879009246826,2.4325673580169678,2.4676873683929443
2013-03-21,5.861305236816406,5.919031620025635,5.944953441619873,5.915297031402588,5.963326930999756,5.958348751068115
2013-03-22,6.538113594055176,6.721165657043457,6.949687480926514,6.346087455749512,6.494261741638184,6.644042491912842
2013-03-23,8.622687339782715,8.850966453552246,9.087719917297363,8.69145679473877,8.887787818908691,9.059464454650879
2013-03-24,2.697977304458618,2.8426003456115723,3.0202150344848633,3.0505876541137695,3.204564094543457,3.3647079467773438
2013-03-25,2.3350863456726074,2.446486711502075,2.580744504928589,2.3955166339874268,2.5117435455322266,2.638230085372925
2013-03-26,3.9718170166015625,3.983497381210327,4.020214080810547,4.076176643371582,4.092069149017334,4.084685802459717
2013-03-27,3.5954480171203613,3.6415843963623047,3.795719623565674,3.641221523284912,3.683171272277832,3.7988147735595703
2013-03-28,3.5392403602600098,3.644179582595825,3.7894480228424072,3.491678237915039,3.580458164215088,3.6840014457702637
2013-03-29,2.1131412982940674,2.059664726257324,2.0124833583831787,1.9645190238952637,1.9186400175094604,1.8904697895050049
2013-03-30,6.33414363861084,6.474705219268799,6.680764675140381,6.346551418304443,6.461452484130859,6.613386631011963
2013-03-31,6.002963066101074,6.119009017944336,6.319903373718262,5.922011852264404,6.0158233642578125,6.179049968719482
2013-04-01,3.5840957164764404,3.754774808883667,3.9321019649505615,3.4075965881347656,3.5675601959228516,3.737062931060791
2013-04-02,2.874850273132324,2.821913719177246,2.8281803131103516,2.9091217517852783,2.838885545730591,2.8123252391815186
2013-04-03,3.0427584648132324,3.0641674995422363,3.101400136947632,2.998668909072876,2.9982385635375977,3.004154682159424
2013-04-04,4.717807769775391,4.684983730316162,4.760564804077148,4.741589546203613,4.67336893081665,4.690141201019287
2013-04-05,7.732548713684082,7.740426063537598,7.753180027008057,7.877692699432373,7.867495536804199,7.853698253631592
2013-04-06,7.867054462432861,7.992213249206543,8.179373741149902,8.007064819335938,8.093341827392578,8.22066593170166
2013-04-07,7.148611068725586,7.258087158203125,7.52775764465332,7.482810020446777,7.551755905151367,7.72794246673584
2013-04-08,4.571621894836426,4.799292087554932,5.124790191650391,4.764378070831299,4.977110862731934,5.245767116546631
2013-04-09,3.8577425479888916,3.9155471324920654,4.025080680847168,4.072549343109131,4.111969470977783,4.164216995239258
2013-04-10,4.896287441253662,4.962774276733398,5.122093200683594,4.969029903411865,5.009662628173828,5.125059127807617
2013-04-11,5.699100494384766,5.786511421203613,5.922540664672852,5.699151992797852,5.762689590454102,5.850799083709717
2013-04-12,3.586899995803833,3.70558762550354,3.8559422492980957,3.426645278930664,3.5255308151245117,3.634716749191284
2013-04-13,5.557286739349365,5.674546241760254,5.807140827178955,5.5153303146362305,5.60030460357666,5.693150997161865
2013-04-14,1.500617265701294,1.4479843378067017,1.435991883277893,1.621832251548767,1.5633001327514648,1.53610098361969
2013-04-15,5.514463901519775,5.5553412437438965,5.521964073181152,5.251849174499512,5.296760082244873,5.27628755569458
2013-04-16,2.745879888534546,2.8242287635803223,2.929896831512451,2.7653634548187256,2.828782081604004,2.9099459648132324
2013-04-17,2.993785858154297,2.9829936027526855,2.9792933464050293,2.9727516174316406,2.954482316970825,2.938656806945801
2013-04-18,3.0956056118011475,3.1582863330841064,3.2631545066833496,2.99652099609375,3.0326335430145264,3.1037933826446533
2013-04-19,5.792513370513916,5.7706685066223145,5.795249938964844,5.777566432952881,5.7271809577941895,5.680230140686035
2013-04-20,7.6280975341796875,7.805575370788574,7.981382369995117,7.469928741455078,7.5853590965271,7.680984973907471
2013-04-21,3.897968053817749,4.0640363693237305,4.129272937774658,3.9350826740264893,4.06274938583374,4.059813022613525
2013-04-22,2.4090938568115234,2.379044532775879,2.3512866497039795,2.417487621307373,2.364858865737915,2.316185235977173
2013-04-23,4.120023727416992,4.267788887023926,4.367587566375732,4.240257263183594,4.341238021850586,4.4032487869262695
2013-04-24,5.228074073791504,5.2950119972229,5.3806986808776855,5.084558010101318,5.128715991973877,5.191168785095215
2013-04-25,3.3458058834075928,3.5944933891296387,3.869128942489624,3.3869259357452393,3.562563180923462,3.7499887943267822
2013-04-26,3.152869462966919,3.2455856800079346,3.276075601577759,3.0542855262756348,3.131291389465332,3.136228561401367
2013-04-27,5.405235290527344,5.445660591125488,5.544715404510498,5.478837490081787,5.4985575675964355,5.544801235198975
2013-04-28,7.114227771759033,7.181021213531494,7.301835060119629,7.313615322113037,7.354630947113037,7.425284385681152
2013-04-29,6.0587310791015625,6.171939373016357,6.282299995422363,6.090212821960449,6.19146728515625,6.278297424316406
2013-04-30,4.603048324584961,4.685764789581299,4.821580410003662,4.511789798736572,4.584365367889404,4.70335578918457
2013-05-01,4.624629497528076,4.653630256652832,4.685146331787109,4.449955940246582,4.432358264923096,4.4211812019348145
2013-05-02,5.871665954589844,6.023646831512451,6.2013068199157715,5.955959320068359,6.086331844329834,6.22566032409668
2013-05-03,3.793271541595459,3.975961446762085,4.220166206359863,3.5327582359313965,3.7187962532043457,3.9945411682128906
2013-05-04,3.6053237915039062,3.659564256668091,3.7562973499298096,3.5369112491607666,3.569700002670288,3.634441614151001
2013-05-05,5.807436466217041,5.857028961181641,5.911559104919434,5.851818561553955,5.885730266571045,5.901130676269531
2013-05-06,4.800872802734375,4.930863857269287,5.115392684936523,4.7020416259765625,4.798468112945557,4.923219680786133
2013-05-07,5.960346698760986,6.065647125244141,6.217800617218018,5.927569389343262,5.997190952301025,6.086573600769043
2013-05-08,6.665821552276611,6.734722137451172,6.787238597869873,6.697256565093994,6.759140491485596,6.793789386749268
2013-05-09,2.963162899017334,3.204524517059326,3.5077810287475586,3.089270830154419,3.318905830383301,3.589498996734619
2013-05-10,4.467923641204834,4.526635646820068,4.61793851852417,4.384735584259033,4.429203510284424,4.488168239593506
2013-05-11,6.214503288269043,6.246484279632568,6.309202671051025,6.234126567840576,6.244386196136475,6.255286693572998
2013-05-12,6.728424549102783,6.74507999420166,6.735733509063721,6.736955642700195,6.733823299407959,6.70360803604126
2013-05-13,6.337100982666016,6.531838417053223,6.75248908996582,6.427996635437012,6.599174499511719,6.777987003326416
2013-05-14,2.4630095958709717,2.5378639698028564,2.642029285430908,2.488535165786743,2.563164710998535,2.6518588066101074
2013-05-15,6.211049556732178,6.301996231079102,6.324878215789795,5.975650310516357,6.065181732177734,6.0943074226379395
2013-05-16,2.6760523319244385,2.8005688190460205,2.8994641304016113,2.6650445461273193,2.7809417247772217,2.8845407962799072
2013-05-17,2.931892156600952,3.112074375152588,3.3246164321899414,2.8083553314208984,2.962493658065796,3.1533448696136475
2013-05-18,5.594263553619385,5.774926662445068,5.999502182006836,5.434730052947998,5.593569278717041,5.796755790710449
2013-05-19,5.304449558258057,5.472621917724609,5.733321666717529,5.310351848602295,5.438319683074951,5.641559600830078
2013-05-20,2.512286424636841,2.577253580093384,2.7060749530792236,2.672102928161621,2.7373805046081543,2.85870623588562
2013-05-21,2.6813666820526123,2.6504757404327393,2.6546688079833984,2.790438175201416,2.7589187622070312,2.7470407485961914
2013-05-22,3.4995079040527344,3.5635361671447754,3.634646415710449,3.357354164123535,3.4199562072753906,3.485403060913086
2013-05-23,2.6929683685302734,2.72231125831604,2.7616488933563232,2.704374313354492,2.7140681743621826,2.7372703552246094
2013-05-24,2.6750080585479736,2.7104194164276123,2.763827085494995,2.4634509086608887,2.4850094318389893,2.5271074771881104
2013-05-25,3.1453471183776855,3.2490384578704834,3.3544461727142334,3.0239944458007812,3.110543966293335,3.2047767639160156
2013-05-26,3.1420717239379883,3.284290313720703,3.613767147064209,3.168370485305786,3.2792563438415527,3.5279505252838135
2013-05-27,3.142782211303711,3.191988468170166,3.1940743923187256,3.1532421112060547,3.1916637420654297,3.182511568069458
2013-05-28,2.5245747566223145,2.5767762660980225,2.64241623878479,2.568087577819824,2.603637218475342,2.643332004547119
2013-05-29,2.955482244491577,2.9348204135894775,2.9123620986938477,2.8617475032806396,2.8392691612243652,2.8100059032440186
2013-05-30,1.22343111038208,1.2956620454788208,1.370490550994873,1.250601053237915,1.322644591331482,1.3972599506378174
2013-05-31,1.6397892236709595,1.7353134155273438,1.93681800365448,2.192502737045288,2.2439258098602295,2.362603187561035
2013-06-01,5.273800849914551,5.395718097686768,5.482577323913574,5.448179721832275,5.538359642028809,5.602397441864014
2013-06-02,4.37109375,4.5317702293396,4.731454372406006,4.140312671661377,4.273845195770264,4.465306282043457
2013-06-03,2.208972454071045,2.281273603439331,2.3800623416900635,2.0868606567382812,2.150953531265259,2.233442544937134
2013-06-04,2.7315988540649414,2.8125734329223633,2.8972129821777344,2.676992654800415,2.7429039478302,2.8003089427948
2013-06-05,3.2506213188171387,3.3598906993865967,3.445263147354126,3.1237101554870605,3.229607582092285,3.323129892349243
2013-06-06,2.188852310180664,2.292694091796875,2.3941268920898438,2.0115585327148438,2.0989785194396973,2.19545841217041
2013-06-07,1.4404505491256714,1.497344732284546,1.5740978717803955,1.489404559135437,1.5356786251068115,1.5985816717147827
2013-06-08,1.3674792051315308,1.4669878482818604,1.5849089622497559,1.3887194395065308,1.4865186214447021,1.6002544164657593
2013-06-09,1.4390828609466553,1.4521421194076538,1.5013575553894043,1.5966130495071411,1.6044036149978638,1.6386059522628784
2013-06-10,3.458179473876953,3.4892032146453857,3.469963312149048,3.364184617996216,3.397909164428711,3.4000937938690186
2013-06-11,2.571523427963257,2.65570330619812,2.755855083465576,2.5421507358551025,2.6085708141326904,2.6799538135528564
2013-06-12,1.3968970775604248,1.4236576557159424,1.4529979228973389,1.4268782138824463,1.4261062145233154,1.414954423904419
2013-06-13,3.0868310928344727,3.1882505416870117,3.2784814834594727,2.9896697998046875,3.1024250984191895,3.2015130519866943
2013-06-14,3.135019063949585,3.251347780227661,3.347261667251587,3.10200572013855,3.2190322875976562,3.3199334144592285
2013-06-15,2.674571990966797,2.6874024868011475,2.7392396926879883,2.6990528106689453,2.7088685035705566,2.7480573654174805
2013-06-16,2.6254611015319824,2.6725850105285645,2.7682044506073,2.5007219314575195,2.5424516201019287,2.6149590015411377
2013-06-17,3.5055952072143555,3.759974956512451,4.042507648468018,3.3236424922943115,3.542689800262451,3.7889063358306885
2013-06-18,2.607374906539917,2.6188600063323975,2.68403959274292,2.8494434356689453,2.85520339012146,2.890700101852417
2013-06-19,3.9849891662597656,4.062409400939941,4.106313228607178,4.023981094360352,4.099663257598877,4.141407012939453
2013-06-20,1.6261411905288696,1.6865900754928589,1.743812084197998,1.5054831504821777,1.563552737236023,1.6198753118515015
2013-06-21,3.7003273963928223,3.8485028743743896,4.013691425323486,3.6497371196746826,3.7791426181793213,3.9306416511535645
2013-06-22,3.3030505180358887,3.3906195163726807,3.517087697982788,3.231464147567749,3.3101518154144287,3.4217283725738525
2013-06-23,1.1712504625320435,1.234971046447754,1.3457624912261963,1.1323133707046509,1.1620724201202393,1.242313027381897
2013-06-24,1.2598916292190552,1.2871843576431274,1.3399826288223267,1.3143891096115112,1.3353132009506226,1.3735817670822144
2013-06-25,2.870760679244995,2.8925065994262695,2.9007620811462402,2.874667167663574,2.898827075958252,2.910573720932007
2013-06-26,4.113842487335205,4.1862616539001465,4.258706092834473,4.138120174407959,4.201952934265137,4.260197639465332
2013-06-27,1.8888940811157227,2.012949228286743,2.1557726860046387,1.7883251905441284,1.887682318687439,1.9997955560684204
2013-06-28,1.987383246421814,2.0283219814300537,2.100987195968628,1.8725104331970215,1.9044561386108398,1.9680441617965698
2013-06-29,2.6786882877349854,2.707815647125244,2.774567127227783,2.634049415588379,2.654264450073242,2.70711088180542
2013-06-30,3.419891357421875,3.4389569759368896,3.482170343399048,3.5867557525634766,3.592846155166626,3.611542224884033
2013-07-01,4.545966148376465,4.642803192138672,4.708863258361816,4.617494583129883,4.70030403137207,4.753352642059326
2013-07-02,2.215137243270874,2.30822491645813,2.4470794200897217,2.1770498752593994,2.2442734241485596,2.356740713119507
2013-07-03,2.5331509113311768,2.628424882888794,2.7621512413024902,2.332942485809326,2.4278738498687744,2.552485466003418
2013-07-04,2.927393913269043,2.850766658782959,2.7355575561523438,3.043661117553711,2.9647939205169678,2.871525526046753
2013-07-05,3.4878015518188477,3.6070594787597656,3.724172830581665,3.4043407440185547,3.515207529067993,3.6225509643554688
2013-07-06,1.568578839302063,1.6037228107452393,1.6534452438354492,1.4770389795303345,1.504715085029602,1.5380748510360718
2013-07-07,3.6258387565612793,3.744331121444702,3.8428826332092285,3.51993727684021,3.62127423286438,3.704179048538208
2013-07-08,3.7704930305480957,3.7276782989501953,3.730323076248169,3.9223473072052,3.8806235790252686,3.87068247795105
2013-07-09,4.647332668304443,4.709359645843506,4.766205787658691,4.731930255889893,4.7792277336120605,4.813769340515137
2013-07-10,3.4707233905792236,3.586996555328369,3.6654677391052246,3.589319944381714,3.695631504058838,3.757750988006592
2013-07-11,1.6016902923583984,1.6319265365600586,1.6542270183563232,1.6556973457336426,1.689523458480835,1.7165343761444092
2013-07-12,2.5863139629364014,2.6654281616210938,2.7253310680389404,2.541614532470703,2.611362934112549,2.657871723175049
2013-07-13,2.9243452548980713,2.9760653972625732,2.9932374954223633,2.8379640579223633,2.8847999572753906,2.9090540409088135
2013-07-14,2.602043628692627,2.5975711345672607,2.6158323287963867,2.401503801345825,2.3989529609680176,2.4183154106140137
2013-07-15,1.7039716243743896,1.8009982109069824,1.898676872253418,1.6950268745422363,1.77811861038208,1.8555251359939575
2013-07-16,3.1650447845458984,3.2017533779144287,3.216952323913574,3.1947004795074463,3.217209815979004,3.214768171310425
2013-07-17,3.267260789871216,3.374285936355591,3.480963706970215,3.2031896114349365,3.2904257774353027,3.3678853511810303
2013-07-18,3.274111270904541,3.384159564971924,3.5321969985961914,3.260089635848999,3.3414535522460938,3.441739320755005
2013-07-19,3.351635694503784,3.4795196056365967,3.6868603229522705,3.408114194869995,3.52182936668396,3.6898117065429688
2013-07-20,3.913686752319336,3.9475390911102295,3.9524505138397217,3.935941219329834,3.9729111194610596,3.9660544395446777
2013-07-21,1.8341667652130127,1.905113935470581,2.01617431640625,1.8872207403182983,1.9423149824142456,2.0303215980529785
2013-07-22,4.4127516746521,4.509169101715088,4.642065525054932,4.380250453948975,4.4515204429626465,4.554573059082031
2013-07-23,2.6883738040924072,2.767902135848999,2.8661253452301025,2.7335972785949707,2.8081042766571045,2.897397756576538
2013-07-24,2.7440311908721924,2.7667224407196045,2.7867531776428223,2.7374181747436523,2.7585506439208984,2.7764196395874023
2013-07-25,3.5154900550842285,3.6180758476257324,3.733299970626831,3.5104665756225586,3.6027028560638428,3.706045150756836
2013-07-26,1.68226158618927,1.612686038017273,1.5552119016647339,1.5449187755584717,1.4967739582061768,1.4631329774856567
2013-07-27,4.397852897644043,4.469130039215088,4.519303798675537,3.7952589988708496,3.8619813919067383,3.924560546875
2013-07-28,1.9927922487258911,2.018158435821533,2.058799982070923,1.8828731775283813,1.8925832509994507,1.9072366952896118
2013-07-29,2.2851548194885254,2.246066093444824,2.243530511856079,2.5029473304748535,2.4513423442840576,2.415745258331299
2013-07-30,3.2148687839508057,3.278688430786133,3.2850944995880127,3.2700140476226807,3.3273468017578125,3.3326101303100586
2013-07-31,1.627606987953186,1.6306055784225464,1.6995147466659546,1.689253807067871,1.6793136596679688,1.7088042497634888
2013-08-01,4.079643726348877,4.077030181884766,4.158919334411621,4.238746643066406,4.207928657531738,4.222743511199951
2013-08-02,2.935353994369507,3.105815887451172,3.3100061416625977,2.8817970752716064,3.01857590675354,3.178292989730835
2013-08-03,1.9431889057159424,1.8772693872451782,1.8632643222808838,2.1983084678649902,2.095181465148926,2.0077733993530273
2013-08-04,2.290774345397949,2.421035051345825,2.5558018684387207,2.2833316326141357,2.4094862937927246,2.5417752265930176
2013-08-05,1.51639986038208,1.5589476823806763,1.7041617631912231,1.5624066591262817,1.5947848558425903,1.7126013040542603
2013-08-06,2.7080190181732178,2.740077018737793,2.8032238483428955,2.737593650817871,2.764089822769165,2.8105313777923584
2013-08-07,2.7254233360290527,2.7771098613739014,2.8465170860290527,2.7149932384490967,2.7564871311187744,2.8043341636657715
2013-08-08,2.595529794692993,2.65873646736145,2.697380304336548,2.5902678966522217,2.6410973072052,2.6641790866851807
2013-08-09,4.878223419189453,4.896673679351807,4.90452766418457,4.925198078155518,4.956175327301025,4.962285995483398
2013-08-10,2.6506922245025635,2.789440870285034,2.933882474899292,2.500582456588745,2.62450909614563,2.755300521850586
2013-08-11,1.6571599245071411,1.6743608713150024,1.6989872455596924,1.638890266418457,1.6515649557113647,1.6685107946395874
2013-08-12,1.9266400337219238,1.9530788660049438,2.013564348220825,1.9124115705490112,1.9348350763320923,1.9800927639007568
2013-08-13,1.0901492834091187,1.0531184673309326,1.0485388040542603,1.1284191608428955,1.0912872552871704,1.071535587310791
2013-08-14,1.6425899267196655,1.7066607475280762,1.7784968614578247,1.7973172664642334,1.8570901155471802,1.9155378341674805
2013-08-15,1.5237492322921753,1.6177419424057007,1.7499496936798096,1.5348652601242065,1.6044797897338867,1.7009919881820679
2013-08-16,1.4437912702560425,1.445286512374878,1.4487224817276,1.5182536840438843,1.5120495557785034,1.4937063455581665
2013-08-17,2.244922637939453,2.26308274269104,2.3305695056915283,2.3630764484405518,2.3669087886810303,2.4103920459747314
2013-08-18,2.4151930809020996,2.484956741333008,2.563072919845581,2.438619375228882,2.5002968311309814,2.566164016723633
2013-08-19,2.3032569885253906,2.33963942527771,2.3841605186462402,2.32289719581604,2.3487131595611572,2.3799421787261963
2013-08-20,2.8013195991516113,2.8128232955932617,2.8422555923461914,2.7648611068725586,2.7588987350463867,2.7758569717407227
2013-08-21,1.5070829391479492,1.5643596649169922,1.6227589845657349,1.466546654701233,1.5050296783447266,1.5409281253814697
2013-08-22,2.781738519668579,2.6748456954956055,2.5669329166412354,2.7886314392089844,2.6710362434387207,2.5507454872131348
2013-08-23,3.557448625564575,3.6589267253875732,3.794065475463867,3.5008156299591064,3.5854456424713135,3.6928513050079346
2013-08-24,1.383154273033142,1.4516257047653198,1.5615208148956299,1.393285870552063,1.4490326642990112,1.5376940965652466
2013-08-25,2.4812099933624268,2.5670833587646484,2.717580556869507,2.4472122192382812,2.509209156036377,2.6107704639434814
2013-08-26,1.878899097442627,1.9054473638534546,1.946973204612732,1.911515712738037,1.912609338760376,1.9220305681228638
2013-08-27,1.5134769678115845,1.621377944946289,1.735658049583435,1.507073998451233,1.6042699813842773,1.7067303657531738
2013-08-28,1.5960431098937988,1.6734099388122559,1.7997770309448242,1.6676138639450073,1.7162771224975586,1.8136080503463745
2013-08-29,2.6690478324890137,2.6984682083129883,2.726637363433838,2.6782634258270264,2.6926381587982178,2.7079083919525146
2013-08-30,2.2594094276428223,2.3216946125030518,2.406163454055786,2.283907175064087,2.337740182876587,2.4009947776794434
2013-08-31,1.9368597269058228,2.0111758708953857,2.0957422256469727,2.0012900829315186,2.0571815967559814,2.118337392807007
2013-09-01,2.161320686340332,2.232379674911499,2.309420108795166,2.0326972007751465,2.096574306488037,2.1738057136535645
2013-09-02,1.7579727172851562,1.879911184310913,2.040605306625366,1.8392385244369507,1.93661367893219,2.066354990005493
2013-09-03,3.3685879707336426,3.3328943252563477,3.2990188598632812,3.5597150325775146,3.5235681533813477,3.4628987312316895
2013-09-04,4.161486625671387,4.213559150695801,4.243127346038818,4.191074371337891,4.238448619842529,4.27200984954834
2013-09-05,2.7555599212646484,2.92537522315979,3.1278038024902344,2.7213871479034424,2.874138355255127,3.0434165000915527
2013-09-06,1.1901450157165527,1.2642130851745605,1.3822956085205078,1.240686297416687,1.2782410383224487,1.3466821908950806
2013-09-07,2.221364974975586,2.2499940395355225,2.331686496734619,2.234391927719116,2.251706123352051,2.313753843307495
2013-09-08,2.2361412048339844,2.2887582778930664,2.352598190307617,2.2569899559020996,2.302095890045166,2.3575832843780518
2013-09-09,1.9096007347106934,1.9530587196350098,2.010164976119995,1.920059084892273,1.9524117708206177,1.9951910972595215
2013-09-10,1.6455408334732056,1.6728060245513916,1.718072772026062,1.664225459098816,1.6766504049301147,1.6953791379928589
2013-09-11,2.2178549766540527,2.1914522647857666,2.184161424636841,2.341413736343384,2.315133571624756,2.3009469509124756
2013-09-12,2.9410345554351807,2.9957990646362305,3.0740323066711426,2.9546635150909424,3.0026519298553467,3.0647635459899902
2013-09-13,3.0752925872802734,3.1169629096984863,3.155052661895752,3.1477744579315186,3.178295612335205,3.197556734085083
2013-09-14,2.845510244369507,2.9439620971679688,3.073762893676758,2.895587205886841,2.9750730991363525,3.0713589191436768
2013-09-15,2.193312883377075,2.294719934463501,2.4009010791778564,2.226172685623169,2.3176159858703613,2.411996841430664
2013-09-16,1.293806791305542,1.3268181085586548,1.4193178415298462,1.4618353843688965,1.4713997840881348,1.5242805480957031
2013-09-17,2.0356173515319824,2.0100502967834473,1.9973758459091187,2.0046563148498535,1.9756847620010376,1.944838047027588
2013-09-18,2.1246752738952637,2.1182799339294434,2.127312660217285,2.196059226989746,2.2075493335723877,2.230815887451172
2013-09-19,1.7521947622299194,1.8249645233154297,1.9365407228469849,1.6198158264160156,1.6817234754562378,1.776877760887146
2013-09-20,4.7262749671936035,4.724676132202148,4.7533745765686035,4.880093574523926,4.842490196228027,4.817720890045166
2013-09-21,4.38718318939209,4.557021141052246,4.761432647705078,4.1972246170043945,4.347624778747559,4.522423267364502
2013-09-22,2.007568597793579,2.072681427001953,2.17834734916687,1.8925992250442505,1.9366700649261475,2.0128777027130127
2013-09-23,3.292581796646118,3.308697462081909,3.3890132904052734,3.4831314086914062,3.495715379714966,3.549518346786499
2013-09-24,3.2148847579956055,3.240077018737793,3.2705585956573486,3.3455092906951904,3.363482713699341,3.3804523944854736
2013-09-25,3.8888039588928223,3.981762170791626,4.102996349334717,3.835839033126831,3.921064615249634,4.030299186706543
2013-09-26,5.180487155914307,5.32017183303833,5.489870071411133,5.0943145751953125,5.213565826416016,5.345176696777344
2013-09-27,2.8034651279449463,3.023210048675537,3.310732364654541,2.6474945545196533,2.838231086730957,3.092707633972168
2013-09-28,4.102055072784424,4.19171142578125,4.328754901885986,4.098388195037842,4.148230075836182,4.227706432342529
2013-09-29,4.73483943939209,4.8429670333862305,4.964659214019775,4.726147651672363,4.814041614532471,4.909934043884277
2013-09-30,5.5389556884765625,5.683950901031494,5.899111747741699,5.49013090133667,5.604109764099121,5.780033111572266
2013-10-01,4.864567756652832,5.071216106414795,5.331413269042969,4.787542343139648,4.958154201507568,5.165654182434082
2013-10-02,1.426166296005249,1.5451948642730713,1.8096718788146973,1.6924550533294678,1.7931458950042725,2.004915475845337
2013-10-03,3.284062147140503,3.253162145614624,3.2240889072418213,3.2646420001983643,3.2182254791259766,3.1661524772644043
2013-10-04,1.303405523300171,1.3642243146896362,1.480670690536499,1.2651047706604004,1.308469295501709,1.394524335861206
2013-10-05,4.490086555480957,4.609760761260986,4.723224639892578,4.508363246917725,4.6112542152404785,4.694362163543701
2013-10-06,3.0576493740081787,3.0466880798339844,3.094755172729492,3.1529009342193604,3.112739324569702,3.0998754501342773
2013-10-07,4.536916732788086,4.672573566436768,4.858992576599121,4.299429893493652,4.43584680557251,4.607102394104004
2013-10-08,4.561431884765625,4.619076251983643,4.7026238441467285,4.409201145172119,4.430426120758057,4.475210189819336
2013-10-09,4.736382484436035,5.029308795928955,5.329806804656982,4.453344821929932,4.726968765258789,4.99865198135376
2013-10-10,4.988899230957031,4.954121112823486,4.903603553771973,5.028074741363525,4.978719234466553,4.880363941192627
2013-10-11,4.72566556930542,4.796501159667969,4.931400299072266,4.710394859313965,4.762684345245361,4.84915828704834
2013-10-12,4.764554977416992,4.657166481018066,4.596869945526123,4.999321937561035,4.875397682189941,4.773609638214111
2013-10-13,6.505123615264893,6.585475921630859,6.697105407714844,6.656165599822998,6.723580837249756,6.791809558868408
2013-10-14,3.6485671997070312,3.7849783897399902,3.966952085494995,3.656240940093994,3.7538235187530518,3.8802335262298584
2013-10-15,5.01381254196167,5.034872531890869,5.092134475708008,5.206204891204834,5.214365482330322,5.2503886222839355
2013-10-16,4.2823686599731445,4.323787689208984,4.354394435882568,4.408902645111084,4.451056003570557,4.477686405181885
2013-10-17,3.6664395332336426,3.8687500953674316,4.148092746734619,3.6420607566833496,3.81308913230896,4.0378007888793945
2013-10-18,3.7520413398742676,3.725125312805176,3.6924822330474854,3.8380630016326904,3.785670280456543,3.703500509262085
2013-10-19,3.34904146194458,3.3547539710998535,3.4550681114196777,3.5488433837890625,3.5329835414886475,3.585202932357788
2013-10-20,3.2490732669830322,3.24955677986145,3.34291672706604,3.263514518737793,3.236236095428467,3.272327184677124
2013-10-21,5.196150779724121,5.180467128753662,5.1995368003845215,5.346617221832275,5.299704074859619,5.252137660980225
2013-10-22,6.826138496398926,6.9365081787109375,7.144186973571777,7.07821798324585,7.178459167480469,7.295838832855225
2013-10-23,2.7922492027282715,2.9409241676330566,3.1041479110717773,2.689906597137451,2.804807662963867,2.9491732120513916
2013-10-24,2.223339796066284,2.2383406162261963,2.276451349258423,2.315368175506592,2.3260796070098877,2.341313123703003
2013-10-25,3.6157069206237793,3.545963764190674,3.471339225769043,3.69460391998291,3.6179826259613037,3.5186703205108643
2013-10-26,2.852285146713257,2.8448326587677,2.8141496181488037,2.8558692932128906,2.8674380779266357,2.846525192260742
2013-10-27,3.2936973571777344,3.273831367492676,3.2924141883850098,3.2996304035186768,3.2833518981933594,3.2766647338867188
2013-10-28,7.814899444580078,7.914281368255615,8.07406234741211,7.874039173126221,7.91571044921875,7.992735862731934
2013-10-29,6.334619045257568,6.56247615814209,6.9329423904418945,6.192076206207275,6.386721611022949,6.716494560241699
2013-10-30,4.5405659675598145,4.663064002990723,4.882136821746826,4.333736419677734,4.403416633605957,4.556056022644043
2013-10-31,4.377356052398682,4.498245716094971,4.655958652496338,4.3245062828063965,4.419339656829834,4.550677299499512
2013-11-01,2.99897837638855,3.1471853256225586,3.3254072666168213,2.786482572555542,2.917309284210205,3.0807416439056396
2013-11-02,3.2073521614074707,3.2373299598693848,3.3140478134155273,2.9654595851898193,2.971942663192749,2.9987287521362305
2013-11-03,5.462596416473389,5.478811740875244,5.533395767211914,5.46721076965332,5.478433132171631,5.518572807312012
2013-11-04,6.786747932434082,6.863006591796875,7.047070503234863,6.878452777862549,6.914927959442139,7.00977087020874
2013-11-05,6.888329029083252,7.067233562469482,7.3122358322143555,7.1057562828063965,7.266206741333008,7.4708452224731445
2013-11-06,3.8228983879089355,3.746295213699341,3.701727867126465,4.02872371673584,3.952389717102051,3.884718179702759
2013-11-07,3.08443546295166,3.1831088066101074,3.2364816665649414,3.122023820877075,3.2219760417938232,3.2833402156829834
2013-11-08,2.8927371501922607,2.9386181831359863,3.063265085220337,2.970905303955078,2.9997713565826416,3.0901272296905518
2013-11-09,2.0681498050689697,2.1165108680725098,2.2416365146636963,1.943007230758667,1.991193175315857,2.102118492126465
2013-11-10,5.739719867706299,5.742732048034668,5.8939948081970215,5.822558879852295,5.775707721710205,5.829967498779297
2013-11-11,9.214082717895508,9.204132080078125,9.31730842590332,9.34718132019043,9.306867599487305,9.346672058105469
2013-11-12,2.7855782508850098,2.9361460208892822,3.1817586421966553,2.81998610496521,2.934631586074829,3.129941701889038
2013-11-13,2.657705545425415,2.6839914321899414,2.7796132564544678,2.5890684127807617,2.5824692249298096,2.621758222579956
2013-11-14,2.698434591293335,2.61033296585083,2.5361132621765137,2.990114688873291,2.8972256183624268,2.824847936630249
2013-11-15,7.085513114929199,7.232568740844727,7.5228681564331055,6.853168964385986,6.982264995574951,7.232128620147705
2013-11-16,4.695466041564941,4.9812493324279785,5.532594203948975,4.56101655960083,4.821168899536133,5.293205261230469
2013-11-17,3.471952438354492,3.564375877380371,3.6943249702453613,3.4433746337890625,3.527350425720215,3.636993885040283
2013-11-18,4.3777031898498535,4.538897514343262,4.771512031555176,4.3565473556518555,4.474735260009766,4.65180778503418
2013-11-19,2.4434549808502197,2.7269625663757324,3.0421862602233887,2.419106960296631,2.6526975631713867,2.904484987258911
2013-11-20,4.596375465393066,4.683765411376953,4.835641860961914,4.509250164031982,4.5911431312561035,4.7252960205078125
2013-11-21,5.528338432312012,5.790754318237305,6.105404853820801,5.570634365081787,5.8203935623168945,6.059410095214844
2013-11-22,3.80989933013916,4.11784029006958,4.528786659240723,3.697613000869751,3.992622137069702,4.365631103515625
2013-11-23,2.4637062549591064,2.692779302597046,3.0238969326019287,2.399953603744507,2.612489700317383,2.8934359550476074
2013-11-24,2.8488352298736572,2.84362530708313,2.879093885421753,2.737253189086914,2.716916084289551,2.7249841690063477
2013-11-25,6.036328315734863,6.202801704406738,6.504673480987549,6.143335342407227,6.280449867248535,6.520907878875732
2013-11-26,5.366949081420898,5.42025089263916,5.51740837097168,5.096677303314209,5.122344970703125,5.203241348266602
2013-11-27,5.88383150100708,6.05932092666626,6.247230052947998,5.628546237945557,5.763039588928223,5.942960739135742
2013-11-28,3.225102663040161,3.2423954010009766,3.287064790725708,3.028937578201294,3.0740299224853516,3.1545307636260986
2013-11-29,2.977276086807251,3.128971815109253,3.379513740539551,2.8855066299438477,3.013134479522705,3.235985279083252
2013-11-30,2.2772321701049805,2.4288313388824463,2.710247755050659,2.0778303146362305,2.2281227111816406,2.5026004314422607
2013-12-01,3.506821632385254,3.4134910106658936,3.4377071857452393,3.478696584701538,3.3536503314971924,3.350292921066284
2013-12-02,4.478972434997559,4.427052974700928,4.365062713623047,4.560666561126709,4.516696929931641,4.467225074768066
2013-12-03,7.420419692993164,7.363064289093018,7.443938255310059,7.421950817108154,7.365869998931885,7.448625087738037
2013-12-04,9.412819862365723,9.746191024780273,10.276297569274902,9.151352882385254,9.433143615722656,9.948844909667969
2013-12-05,4.103570461273193,4.0736613273620605,4.180233955383301,3.946587085723877,3.918268918991089,4.031672477722168
2013-12-06,5.191177845001221,5.342813968658447,5.622474670410156,5.227334976196289,5.353156089782715,5.588171005249023
2013-12-07,6.110930919647217,6.364267826080322,6.791656017303467,6.04347038269043,6.281089782714844,6.662611484527588
2013-12-08,2.3001770973205566,2.4564545154571533,2.786726951599121,2.191049575805664,2.332855701446533,2.6297719478607178
2013-12-09,3.8978302478790283,3.901376247406006,3.985769510269165,4.030455112457275,4.033150672912598,4.088291168212891
2013-12-10,2.8838181495666504,2.929515838623047,2.9956557750701904,2.687875747680664,2.693885326385498,2.7132182121276855
2013-12-11,6.143534183502197,6.350052833557129,6.654228687286377,6.240147590637207,6.408158779144287,6.641907691955566
2013-12-12,4.051405429840088,4.090465545654297,4.187366485595703,4.154591083526611,4.144270420074463,4.174198150634766
2013-12-13,5.221019268035889,5.2319159507751465,5.25342321395874,5.349830627441406,5.348001003265381,5.346344947814941
2013-12-14,5.51669454574585,5.650060653686523,5.774672985076904,5.468906402587891,5.529592990875244,5.572402000427246
2013-12-15,3.2551159858703613,3.437558174133301,3.6811344623565674,3.336446523666382,3.48441743850708,3.67690372467041
2013-12-16,6.547078609466553,6.528312683105469,6.607060432434082,6.906052112579346,6.845008373260498,6.840841293334961
2013-12-17,9.347696304321289,9.439103126525879,9.671890258789062,9.391423225402832,9.459287643432617,9.64666748046875
2013-12-18,8.51084041595459,8.733906745910645,9.07523250579834,8.517623901367188,8.713516235351562,8.978248596191406
2013-12-19,3.1408934593200684,3.1979737281799316,3.405679702758789,3.3010671138763428,3.3035404682159424,3.39831280708313
2013-12-20,6.586592674255371,6.609487056732178,6.627685546875,6.596665382385254,6.601468563079834,6.616760730743408
2013-12-21,9.011082649230957,9.20474624633789,9.512457847595215,8.881946563720703,9.050171852111816,9.307230949401855
2013-12-22,3.3851723670959473,3.535587787628174,3.7871077060699463,3.465597629547119,3.603003740310669,3.8292734622955322
2013-12-23,4.01283597946167,4.076510906219482,4.205748081207275,4.128904819488525,4.171313762664795,4.2675981521606445
2013-12-24,5.726165771484375,5.75411319732666,5.832142353057861,5.756049156188965,5.772268295288086,5.8454437255859375
2013-12-25,5.648384094238281,5.764852523803711,5.944210052490234,5.627635478973389,5.732079982757568,5.881174564361572
2013-12-26,3.0439863204956055,2.994809627532959,2.972759246826172,3.1070339679718018,3.0565712451934814,3.0202953815460205
2013-12-27,5.416895866394043,5.540266513824463,5.711788177490234,5.299037456512451,5.368969917297363,5.472234725952148
2013-12-28,2.392416000366211,2.763737678527832,3.3179187774658203,2.2912538051605225,2.646588087081909,3.1864140033721924
2013-12-29,2.428081750869751,2.555516481399536,2.7384300231933594,2.3529117107391357,2.452760696411133,2.605771064758301
2013-12-30,2.505492925643921,2.544264316558838,2.6563639640808105,2.561485767364502,2.5843870639801025,2.664842367172241
2013-12-31,2.4214115142822266,2.4603123664855957,2.4828717708587646,2.3818702697753906,2.4198334217071533,2.448627471923828
2014-01-01,2.974487066268921,2.9416542053222656,3.010261058807373,2.923785924911499,2.859607696533203,2.9039855003356934
2014-01-02,3.207726240158081,3.1844303607940674,3.285050868988037,3.4267823696136475,3.400672435760498,3.4606947898864746
2014-01-03,4.187330722808838,4.5134148597717285,4.935395240783691,3.551048517227173,3.852137565612793,4.27944278717041
2014-01-04,7.370048999786377,7.66316556930542,8.080684661865234,7.3220534324646,7.587719440460205,7.958009243011475
2014-01-05,5.773364543914795,5.91776704788208,6.079304218292236,5.697885036468506,5.813836574554443,5.956295490264893
2014-01-06,4.597200393676758,4.5947346687316895,4.564966678619385,4.555904865264893,4.54990816116333,4.536014556884766
2014-01-07,3.1503255367279053,3.036517381668091,2.990356922149658,3.33689546585083,3.225947856903076,3.1611289978027344
2014-01-08,5.756544589996338,5.642680644989014,5.509699821472168,5.712733268737793,5.579306602478027,5.422374725341797
2014-01-09,6.273626804351807,6.412177562713623,6.647995471954346,6.261656284332275,6.362326145172119,6.560458660125732
2014-01-10,7.0309576988220215,7.0955657958984375,7.161026477813721,7.113285064697266,7.164512634277344,7.223852157592773
2014-01-11,4.733438014984131,4.934626579284668,5.183401107788086,4.737030029296875,4.893204212188721,5.072120666503906
2014-01-12,5.051676273345947,5.116220951080322,5.2412943840026855,5.078193664550781,5.144870758056641,5.249953269958496
2014-01-13,7.7480340003967285,7.833256244659424,8.066657066345215,7.806431770324707,7.873307704925537,8.067305564880371
2014-01-14,3.986301898956299,3.9892618656158447,4.034367561340332,4.090764999389648,4.104452610015869,4.143597602844238
2014-01-15,4.1604509353637695,4.121732711791992,4.119131565093994,4.285764217376709,4.235280990600586,4.215419769287109
2014-01-16,2.414238214492798,2.4114699363708496,2.4593825340270996,2.453032970428467,2.4535887241363525,2.489471197128296
2014-01-17,3.928276538848877,3.9408717155456543,4.005298137664795,3.914316177368164,3.914637565612793,3.9561069011688232
2014-01-18,3.054673910140991,3.055635690689087,3.163222312927246,3.2032198905944824,3.1874332427978516,3.2593204975128174
2014-01-19,7.694330215454102,7.661258220672607,7.723423004150391,7.971708297729492,7.916933059692383,7.927731037139893
2014-01-20,8.463338851928711,8.657151222229004,8.841617584228516,8.537962913513184,8.700181007385254,8.861238479614258
2014-01-21,2.8268086910247803,2.965977668762207,3.3586747646331787,2.712233543395996,2.8566343784332275,3.205369234085083
2014-01-22,5.322399139404297,5.255563259124756,5.331506729125977,5.67839241027832,5.620967388153076,5.634699821472168
2014-01-23,4.492730140686035,4.668193817138672,4.936794757843018,4.390431880950928,4.574391841888428,4.8109450340271
2014-01-24,2.419663190841675,2.437901735305786,2.5741755962371826,2.5560896396636963,2.5751001834869385,2.687563180923462
2014-01-25,3.321277379989624,3.4121294021606445,3.547685146331787,3.4497859477996826,3.5235536098480225,3.62837290763855
2014-01-26,2.5402772426605225,2.540107250213623,2.541684627532959,2.5985872745513916,2.5882065296173096,2.5880699157714844
2014-01-27,5.087942123413086,5.167805194854736,5.39483642578125,5.2593488693237305,5.3070783615112305,5.462863445281982
2014-01-28,8.082435607910156,8.110437393188477,8.233564376831055,8.175084114074707,8.180994033813477,8.264892578125
2014-01-29,6.60329008102417,6.8000569343566895,7.1136884689331055,6.439719200134277,6.660515785217285,6.978479862213135
2014-01-30,2.8936057090759277,2.906481981277466,2.951284170150757,3.0451042652130127,3.037001609802246,3.033308982849121
2014-01-31,4.500104904174805,4.717828750610352,4.957253932952881,4.551571369171143,4.763177871704102,5.001260280609131
2014-02-01,7.307455539703369,7.481807231903076,7.697247505187988,7.370306015014648,7.519229412078857,7.692716598510742
2014-02-02,3.89176082611084,4.195413112640381,4.742773532867432,3.868014335632324,4.088576793670654,4.548734664916992
2014-02-03,3.559904098510742,3.64676570892334,3.839263677597046,3.915262460708618,3.9817919731140137,4.120567321777344
2014-02-04,6.922783374786377,7.005749225616455,7.2306060791015625,7.034731388092041,7.095762729644775,7.261904716491699
2014-02-05,6.040903091430664,6.234471797943115,6.501873970031738,5.4906229972839355,5.620940208435059,5.808392524719238
2014-02-06,3.0587997436523438,3.1890928745269775,3.5450074672698975,2.8306221961975098,2.9141814708709717,3.166940689086914
2014-02-07,2.4346060752868652,2.523376226425171,2.678919553756714,2.51538348197937,2.557957649230957,2.61942458152771
2014-02-08,2.935029983520508,3.0280606746673584,3.0967905521392822,2.7293224334716797,2.768671751022339,2.8132591247558594
2014-02-09,2.779855728149414,3.105187177658081,3.5605902671813965,2.4173805713653564,2.6935126781463623,3.1086337566375732
2014-02-10,3.3372044563293457,3.2717034816741943,3.2027370929718018,3.5132970809936523,3.4417693614959717,3.360729932785034
2014-02-11,2.505596399307251,2.741199016571045,3.180176258087158,2.5598883628845215,2.7605040073394775,3.1214420795440674
2014-02-12,3.4207167625427246,3.4152798652648926,3.400089740753174,3.754807949066162,3.763761043548584,3.7298648357391357
2014-02-13,5.824551105499268,5.818100452423096,5.855212211608887,5.90890645980835,5.891490459442139,5.917770862579346
2014-02-14,7.042465686798096,7.28315544128418,7.639505863189697,7.070079326629639,7.280799865722656,7.573812961578369
2014-02-15,6.8723835945129395,6.956883430480957,7.167943954467773,6.701995372772217,6.738123416900635,6.898073673248291
2014-02-16,5.266340255737305,5.344277381896973,5.476621150970459,5.399083614349365,5.47000789642334,5.581483364105225
2014-02-17,2.618250608444214,2.6168394088745117,2.6321861743927,2.696248769760132,2.7074391841888428,2.726044178009033
2014-02-18,3.2808234691619873,3.26088809967041,3.2730777263641357,3.1963865756988525,3.170811891555786,3.1823008060455322
2014-02-19,5.595959663391113,5.5593061447143555,5.647251129150391,5.652872562408447,5.615486145019531,5.6812262535095215
2014-02-20,3.503166437149048,3.5201478004455566,3.566220998764038,3.492213487625122,3.5292563438415527,3.5906920433044434
2014-02-21,4.600132942199707,4.697744846343994,4.838130950927734,4.571829795837402,4.675838470458984,4.818173408508301
2014-02-22,4.98000955581665,5.042080402374268,5.105953216552734,5.09419584274292,5.138859272003174,5.1553263664245605
2014-02-23,3.3839199542999268,3.413360595703125,3.503056049346924,3.726071357727051,3.7387239933013916,3.7966368198394775
2014-02-24,3.7698233127593994,3.908729076385498,4.1209330558776855,3.5622262954711914,3.7071361541748047,3.9208643436431885
2014-02-25,6.390869140625,6.564823150634766,6.87040901184082,6.370551586151123,6.53140115737915,6.791399002075195
2014-02-26,5.249918460845947,5.5031938552856445,5.871658802032471,5.197662353515625,5.469259738922119,5.843662738800049
2014-02-27,3.1826181411743164,3.3844995498657227,3.6562612056732178,3.007141590118408,3.192812919616699,3.433340549468994
2014-02-28,3.0126194953918457,3.0490589141845703,3.142129421234131,3.240471124649048,3.2829906940460205,3.3657360076904297
2014-03-01,2.559511661529541,2.589296817779541,2.663499593734741,2.5868773460388184,2.625924587249756,2.706275701522827
2014-03-02,2.88816499710083,2.918759346008301,2.9580419063568115,2.756688117980957,2.7845096588134766,2.8291356563568115
2014-03-03,3.5921425819396973,3.5294651985168457,3.4814703464508057,3.4996376037597656,3.4272825717926025,3.368074655532837
2014-03-04,4.035574436187744,4.153499603271484,4.274329662322998,4.071775436401367,4.1883344650268555,4.293646335601807
2014-03-05,4.425230026245117,4.4236555099487305,4.475505828857422,4.360353946685791,4.360616207122803,4.391839981079102
2014-03-06,6.670227527618408,6.760379791259766,6.875800609588623,6.666722774505615,6.738389492034912,6.8251729011535645
2014-03-07,5.805507659912109,5.8686137199401855,6.0291242599487305,6.0002946853637695,6.0501813888549805,6.1813483238220215
2014-03-08,6.735087871551514,6.823192596435547,7.005253791809082,6.891261577606201,6.948002815246582,7.077895641326904
2014-03-09,5.456846714019775,5.544297695159912,5.698549270629883,5.743793487548828,5.809371471405029,5.923904895782471
2014-03-10,3.9331676959991455,4.086091041564941,4.317716598510742,4.209765434265137,4.355095386505127,4.55112361907959
2014-03-11,4.721207618713379,4.891334533691406,5.110815048217773,4.913113594055176,5.070990085601807,5.263162612915039
2014-03-12,5.368630409240723,5.430380344390869,5.525624752044678,5.339371681213379,5.385079860687256,5.4518866539001465
2014-03-13,5.475572109222412,5.6299333572387695,5.816787242889404,5.390867710113525,5.528426647186279,5.691146373748779
2014-03-14,3.133779764175415,3.3892312049865723,3.745046615600586,2.954540967941284,3.1847527027130127,3.5198135375976562
2014-03-15,4.196102142333984,4.193206310272217,4.297609806060791,4.213632583618164,4.167496681213379,4.190525054931641
2014-03-16,6.788233757019043,6.845086097717285,6.963291168212891,6.876379489898682,6.9074554443359375,6.9863810539245605
2014-03-17,8.47643756866455,8.600215911865234,8.837742805480957,8.597719192504883,8.674578666687012,8.836424827575684
2014-03-18,7.969867706298828,8.196067810058594,8.538392066955566,8.17660903930664,8.339107513427734,8.614863395690918
2014-03-19,6.203478813171387,6.400778770446777,6.690189361572266,6.300690650939941,6.485260963439941,6.797041893005371
2014-03-20,5.120737075805664,5.347516059875488,5.666255474090576,5.115324974060059,5.339256763458252,5.670548439025879
2014-03-21,2.6998329162597656,2.888768196105957,3.1252052783966064,2.660754442214966,2.8385229110717773,3.0648858547210693
2014-03-22,4.000369548797607,3.981147527694702,4.011043548583984,4.254024028778076,4.217188358306885,4.2166876792907715
2014-03-23,4.900754928588867,4.831214427947998,4.811742782592773,4.838954925537109,4.775862216949463,4.750519275665283
2014-03-24,7.802717208862305,7.848264694213867,8.004807472229004,7.92650032043457,7.960404872894287,8.073022842407227
2014-03-25,4.517027854919434,4.551944732666016,4.61037540435791,4.486900329589844,4.501014709472656,4.544599533081055
2014-03-26,5.268266677856445,5.28158712387085,5.377965450286865,5.357473850250244,5.382784366607666,5.46531343460083
2014-03-27,7.1078782081604,7.259681701660156,7.464437961578369,7.078897953033447,7.2079877853393555,7.369731903076172
2014-03-28,4.150444507598877,4.147111415863037,4.241526126861572,4.251368045806885,4.237825393676758,4.289052963256836
2014-03-29,8.211377143859863,8.238913536071777,8.330720901489258,8.093596458435059,8.096288681030273,8.144617080688477
2014-03-30,4.586056232452393,4.7069478034973145,4.927701473236084,4.752242088317871,4.84835958480835,5.042686462402344
2014-03-31,5.849581241607666,6.0255913734436035,6.229223728179932,5.9522905349731445,6.1091413497924805,6.2792792320251465
2014-04-01,3.0743331909179688,3.2582054138183594,3.568972587585449,3.3308563232421875,3.514404058456421,3.8150506019592285
2014-04-02,4.699494361877441,4.669323444366455,4.658166408538818,4.660991668701172,4.6402692794799805,4.6451334953308105
2014-04-03,4.44069766998291,4.639615058898926,4.882809638977051,4.1669602394104,4.354501247406006,4.596418380737305
2014-04-04,4.794552803039551,4.753366470336914,4.734997749328613,4.743648052215576,4.678462982177734,4.61257266998291
2014-04-05,6.442137241363525,6.379697322845459,6.385685443878174,6.426435470581055,6.332287311553955,6.270480155944824
2014-04-06,6.091609954833984,6.209615230560303,6.363368034362793,6.066488265991211,6.159265995025635,6.275681972503662
2014-04-07,4.128825664520264,4.235894203186035,4.347882270812988,4.337517738342285,4.4403767585754395,4.5376296043396
2014-04-08,3.380366563796997,3.384230136871338,3.372309684753418,3.276357650756836,3.279064655303955,3.2717485427856445
2014-04-09,2.476501226425171,2.5891671180725098,2.725109100341797,2.468061923980713,2.5801022052764893,2.716207981109619
2014-04-10,4.654810905456543,4.703827857971191,4.817561149597168,4.6781535148620605,4.706783771514893,4.786397933959961
2014-04-11,4.861654758453369,4.876430511474609,4.867752552032471,4.886780261993408,4.888025760650635,4.866816997528076
2014-04-12,5.089071750640869,5.210651874542236,5.341597557067871,5.168966770172119,5.275146484375,5.394969463348389
2014-04-13,6.0084404945373535,6.0310211181640625,6.0728759765625,5.813061237335205,5.810452938079834,5.814917087554932
2014-04-14,2.9528863430023193,3.0842716693878174,3.2544467449188232,2.9547886848449707,3.083682060241699,3.2466530799865723
2014-04-15,4.152686595916748,4.1328959465026855,4.163381099700928,4.2549967765808105,4.2268595695495605,4.234445571899414
2014-04-16,7.296455383300781,7.355182647705078,7.450356483459473,7.40209436416626,7.440887928009033,7.507966995239258
2014-04-17,3.713223695755005,3.8736326694488525,4.080904006958008,3.61517333984375,3.7658491134643555,3.9656548500061035
2014-04-18,2.9863686561584473,3.006998300552368,3.023024559020996,2.9887962341308594,3.003843307495117,3.0240628719329834
2014-04-19,1.9794621467590332,1.883882999420166,1.7481645345687866,2.0093352794647217,1.9363377094268799,1.8145896196365356
2014-04-20,3.265406847000122,3.20469331741333,3.171999454498291,3.363311529159546,3.279238700866699,3.2006301879882812
2014-04-21,4.341623783111572,4.370001316070557,4.36753511428833,4.335982322692871,4.353119373321533,4.350274085998535
2014-04-22,4.1335062980651855,4.073578834533691,3.996629238128662,4.271454334259033,4.233065605163574,4.1681227684021
2014-04-23,5.308644771575928,5.470208644866943,5.607986927032471,5.286350250244141,5.434030055999756,5.56543493270874
2014-04-24,3.8423609733581543,3.8147709369659424,3.760014772415161,3.5384693145751953,3.4868228435516357,3.4089834690093994
2014-04-25,3.526230573654175,3.5119516849517822,3.500598192214966,3.135138511657715,3.0948312282562256,3.0656275749206543
2014-04-26,3.52378511428833,3.5389108657836914,3.4626359939575195,3.5537822246551514,3.574470043182373,3.505764961242676
2014-04-27,3.3318865299224854,3.3420965671539307,3.3821587562561035,3.478240966796875,3.472822904586792,3.490797519683838
2014-04-28,4.816971778869629,4.858054161071777,4.907166481018066,4.762157440185547,4.779693126678467,4.826299667358398
2014-04-29,6.405847549438477,6.599051475524902,6.744461536407471,6.380828857421875,6.554177284240723,6.679698467254639
2014-04-30,5.032105445861816,5.297454357147217,5.52304220199585,5.103793144226074,5.341784954071045,5.546558380126953
2014-05-01,3.7028985023498535,3.768760919570923,3.846437931060791,3.671182155609131,3.7021148204803467,3.728123664855957
2014-05-02,3.857814311981201,4.06151008605957,4.277050018310547,3.956643581390381,4.132959842681885,4.31371545791626
2014-05-03,3.8865084648132324,3.904785394668579,3.9957470893859863,3.8522629737854004,3.840278387069702,3.8845314979553223
2014-05-04,3.6250805854797363,3.673069715499878,3.8001797199249268,3.6346113681793213,3.6640634536743164,3.763059377670288
2014-05-05,2.722385883331299,2.804363250732422,2.973163366317749,2.92205548286438,3.009457588195801,3.1814374923706055
2014-05-06,2.3733882904052734,2.3981916904449463,2.4674925804138184,2.4832324981689453,2.5146305561065674,2.585996627807617
2014-05-07,5.066210746765137,5.095879554748535,5.158854007720947,5.152049541473389,5.165215492248535,5.197173118591309
2014-05-08,4.730842113494873,4.81595516204834,4.95065450668335,4.883472442626953,4.948116302490234,5.051482200622559
2014-05-09,1.8132067918777466,1.8161647319793701,1.8618580102920532,1.661812663078308,1.655229091644287,1.6982403993606567
2014-05-10,1.4154040813446045,1.4331436157226562,1.4520326852798462,1.4526153802871704,1.4922677278518677,1.5239982604980469
2014-05-11,3.2249562740325928,3.1825473308563232,3.1188056468963623,3.22704815864563,3.1752209663391113,3.0955255031585693
2014-05-12,4.633453845977783,4.692774772644043,4.737725257873535,4.615868091583252,4.670085430145264,4.706653118133545
2014-05-13,1.7571402788162231,1.8480263948440552,1.9656171798706055,1.7075791358947754,1.7949830293655396,1.8932594060897827
2014-05-14,2.686075210571289,2.7309916019439697,2.7861390113830566,2.6882030963897705,2.7313449382781982,2.7815518379211426
2014-05-15,2.4138379096984863,2.3535566329956055,2.3527064323425293,2.261340856552124,2.199770927429199,2.1981866359710693
2014-05-16,1.6800141334533691,1.7583389282226562,1.8225950002670288,1.699228048324585,1.7648358345031738,1.8162448406219482
2014-05-17,3.717022180557251,3.7933926582336426,3.942533493041992,3.6730740070343018,3.739837408065796,3.860119104385376
2014-05-18,3.4123098850250244,3.427405834197998,3.446932077407837,3.256974458694458,3.2560222148895264,3.2427124977111816
2014-05-19,3.95522141456604,4.050549507141113,4.172144412994385,3.9450926780700684,4.010425567626953,4.087228298187256
2014-05-20,4.9006476402282715,5.00394868850708,5.148115158081055,4.832113742828369,4.910109519958496,5.01371955871582
2014-05-21,4.908374786376953,5.042280197143555,5.216848373413086,4.893998146057129,5.006338119506836,5.145905017852783
2014-05-22,4.341312408447266,4.503402233123779,4.672759532928467,4.336624622344971,4.479629993438721,4.61639928817749
2014-05-23,2.486414909362793,2.526987314224243,2.585970878601074,2.388073682785034,2.402411937713623,2.4268996715545654
2014-05-24,4.856183052062988,5.098865032196045,5.349028587341309,4.40907621383667,4.622984409332275,4.8663835525512695
2014-05-25,1.167649269104004,1.1432719230651855,1.1651968955993652,1.068105697631836,1.0444732904434204,1.0654582977294922
2014-05-26,3.00160551071167,3.102703332901001,3.2519688606262207,2.859463691711426,2.9215304851531982,3.025224447250366
2014-05-27,1.7548218965530396,1.8247671127319336,1.9809209108352661,1.7316174507141113,1.7757827043533325,1.899286150932312
2014-05-28,2.977815866470337,3.0234625339508057,3.0542051792144775,2.870631694793701,2.896714210510254,2.910999059677124
2014-05-29,2.5691826343536377,2.650944709777832,2.7792415618896484,2.616166353225708,2.687103271484375,2.7957355976104736
2014-05-30,4.6304731369018555,4.657011032104492,4.678371906280518,4.644441604614258,4.647991180419922,4.632509231567383
2014-05-31,3.288455009460449,3.5333852767944336,3.7604050636291504,3.407866954803467,3.625373125076294,3.8182389736175537
2014-06-01,2.3848726749420166,2.4709484577178955,2.567042827606201,2.43255615234375,2.519021511077881,2.6058907508850098
2014-06-02,2.308255195617676,2.406343936920166,2.5047590732574463,2.3114776611328125,2.411219596862793,2.506554126739502
2014-06-03,2.1907312870025635,2.188563823699951,2.2585842609405518,2.145784378051758,2.130871295928955,2.160562038421631
2014-06-04,2.5902435779571533,2.498335123062134,2.4376814365386963,2.259143590927124,2.1603896617889404,2.0994887351989746
2014-06-05,1.52256441116333,1.515591025352478,1.59635591506958,1.4365758895874023,1.4392262697219849,1.5178862810134888
2014-06-06,5.061739921569824,5.046322345733643,5.019136428833008,5.191224575042725,5.1679887771606445,5.1251678466796875
2014-06-07,2.5281853675842285,2.637913227081299,2.764824628829956,2.4934475421905518,2.597959041595459,2.710864782333374
2014-06-08,2.5166404247283936,2.720604181289673,2.937380790710449,2.665797710418701,2.8360579013824463,3.031543731689453
2014-06-09,5.140540599822998,5.200456142425537,5.274631977081299,5.0293684005737305,5.058855056762695,5.09279203414917
2014-06-10,6.332848072052002,6.444651126861572,6.486298084259033,6.377148151397705,6.46968412399292,6.473560810089111
2014-06-11,2.4499881267547607,2.553011894226074,2.685271739959717,2.4738330841064453,2.557935953140259,2.6638195514678955
2014-06-12,1.3139944076538086,1.3563860654830933,1.4820891618728638,1.4031041860580444,1.4167933464050293,1.4979010820388794
2014-06-13,2.5417556762695312,2.3274528980255127,2.2742650508880615,2.4311084747314453,2.2124199867248535,2.1597654819488525
2014-06-14,2.183025360107422,2.2230224609375,2.2689709663391113,2.246594190597534,2.2692151069641113,2.299241781234741
2014-06-15,3.2889389991760254,3.3868889808654785,3.4316046237945557,3.2949025630950928,3.3882193565368652,3.434255599975586
2014-06-16,1.8440169095993042,1.9344549179077148,2.048956871032715,1.9807785749435425,2.0591630935668945,2.1490988731384277
2014-06-17,2.7921879291534424,2.8548777103424072,2.944162368774414,2.7305848598480225,2.7710680961608887,2.823106288909912
2014-06-18,3.376732110977173,3.443225145339966,3.592372179031372,3.309128522872925,3.354959487915039,3.462240695953369
2014-06-19,3.5071511268615723,3.6084742546081543,3.7477850914001465,3.5736937522888184,3.662321090698242,3.754384994506836
2014-06-20,2.1118128299713135,2.265193462371826,2.5263752937316895,2.1449854373931885,2.2650041580200195,2.465583324432373
2014-06-21,3.138552665710449,3.2559142112731934,3.3743033409118652,2.9095842838287354,3.0091500282287598,3.1106579303741455
2014-06-22,2.543346405029297,2.644818067550659,2.786118507385254,2.5003468990325928,2.5818796157836914,2.6807303428649902
2014-06-23,3.647033452987671,3.7503654956817627,3.9305715560913086,3.6508734226226807,3.731236696243286,3.860515832901001
2014-06-24,4.184555530548096,4.249083518981934,4.315379619598389,4.372069358825684,4.428002834320068,4.4633588790893555
2014-06-25,2.116584300994873,2.132992744445801,2.1346023082733154,2.0707030296325684,2.0888688564300537,2.0956056118011475
2014-06-26,1.8081125020980835,1.8706165552139282,1.908546805381775,1.6296707391738892,1.6819361448287964,1.7174627780914307
2014-06-27,1.3537627458572388,1.33594810962677,1.5353443622589111,1.5644975900650024,1.4993120431900024,1.6046050786972046
2014-06-28,3.425629138946533,3.4446628093719482,3.3937888145446777,3.3924527168273926,3.4221014976501465,3.3914682865142822
2014-06-29,2.1199474334716797,2.049421787261963,2.008937358856201,2.0303094387054443,1.9466899633407593,1.8750513792037964
2014-06-30,4.568232536315918,4.670239448547363,4.77838134765625,4.583364009857178,4.648056507110596,4.683207035064697
2014-07-01,3.2640507221221924,3.3925650119781494,3.5524368286132812,3.3614277839660645,3.479604959487915,3.6167078018188477
2014-07-02,2.23311448097229,2.3761909008026123,2.550464153289795,2.3149256706237793,2.43505859375,2.5745670795440674
2014-07-03,2.6736652851104736,2.826228380203247,3.0263545513153076,2.3146605491638184,2.4445950984954834,2.6319642066955566
2014-07-04,4.440598011016846,4.6621809005737305,4.902991771697998,4.267741680145264,4.456676483154297,4.6571526527404785
2014-07-05,2.100658655166626,2.239689350128174,2.3848392963409424,2.071974039077759,2.211700439453125,2.3525378704071045
2014-07-06,2.8845882415771484,2.918306589126587,3.046471118927002,2.921433448791504,2.9163601398468018,2.9822776317596436
2014-07-07,4.0345139503479,4.107834815979004,4.203154563903809,4.13037109375,4.2006964683532715,4.274946212768555
2014-07-08,4.0893378257751465,4.039625644683838,3.973142385482788,4.1755900382995605,4.114072799682617,4.030895233154297
2014-07-09,3.3090951442718506,3.4632370471954346,3.659749746322632,3.351407766342163,3.48683762550354,3.6438636779785156
2014-07-10,1.6949938535690308,1.7915006875991821,1.9143664836883545,1.7148349285125732,1.7887530326843262,1.8891838788986206
2014-07-11,2.8555715084075928,2.922753095626831,2.9587037563323975,2.82279372215271,2.8889880180358887,2.924947738647461
2014-07-12,2.4049394130706787,2.4388821125030518,2.509927988052368,2.494917392730713,2.507215976715088,2.5408945083618164
2014-07-13,2.1214230060577393,2.1555745601654053,2.234313488006592,2.205061674118042,2.2250802516937256,2.278224229812622
2014-07-14,2.831540584564209,2.8930282592773438,3.026150941848755,2.877962112426758,2.917656898498535,3.010634183883667
2014-07-15,4.530475616455078,4.608029365539551,4.693170070648193,4.47783088684082,4.529910087585449,4.581076622009277
2014-07-16,4.139565944671631,4.266124248504639,4.38135290145874,4.177702903747559,4.289045333862305,4.381577014923096
2014-07-17,1.6070457696914673,1.723183035850525,1.8625794649124146,1.539661169052124,1.6436411142349243,1.7606178522109985
2014-07-18,2.6064395904541016,2.757035255432129,3.002253293991089,2.559894323348999,2.6821417808532715,2.8832590579986572
2014-07-19,3.1528470516204834,3.2117702960968018,3.2760744094848633,3.158472776412964,3.200869083404541,3.243947744369507
2014-07-20,3.0773260593414307,3.0978713035583496,3.061318874359131,3.0795750617980957,3.114814519882202,3.0990219116210938
2014-07-21,1.8516452312469482,1.8757028579711914,1.8076226711273193,1.7158739566802979,1.747328281402588,1.7004808187484741
2014-07-22,1.7876904010772705,1.8213982582092285,1.8431867361068726,1.8441927433013916,1.883002519607544,1.915303111076355
2014-07-23,0.9392952919006348,0.9553447365760803,1.0047321319580078,0.9962180852890015,1.0075364112854004,1.0433740615844727
2014-07-24,3.0767180919647217,3.0020954608917236,2.9121804237365723,2.9320168495178223,2.852587938308716,2.7535171508789062
2014-07-25,1.7559242248535156,1.782633900642395,1.8279112577438354,1.7073012590408325,1.716554045677185,1.7387652397155762
2014-07-26,1.5486481189727783,1.5458085536956787,1.6062792539596558,1.6419202089309692,1.6314834356307983,1.6608867645263672
2014-07-27,2.224254608154297,2.187896251678467,2.198753833770752,2.2390828132629395,2.184321641921997,2.164757251739502
2014-07-28,1.0474482774734497,1.0674934387207031,1.1288976669311523,1.1416347026824951,1.1547964811325073,1.210029125213623
2014-07-29,2.7678184509277344,2.78466796875,2.793138265609741,2.7679624557495117,2.7683558464050293,2.7508275508880615
2014-07-30,3.351302146911621,3.3676908016204834,3.405102491378784,3.526951789855957,3.5263102054595947,3.5234580039978027
2014-07-31,1.4341185092926025,1.4732576608657837,1.501426100730896,1.369213342666626,1.408690094947815,1.453467845916748
2014-08-01,2.5452311038970947,2.475801467895508,2.261793375015259,2.528681516647339,2.4620273113250732,2.2673239707946777
2014-08-02,1.4636262655258179,1.5105434656143188,1.56410813331604,1.4125372171401978,1.4565894603729248,1.5019404888153076
2014-08-03,2.3605568408966064,2.3731117248535156,2.461113929748535,2.346731424331665,2.335834503173828,2.3782460689544678
2014-08-04,3.5410995483398438,3.6071560382843018,3.7283105850219727,3.440988540649414,3.4874892234802246,3.577375888824463
2014-08-05,3.972729206085205,4.142566204071045,4.366055488586426,3.897895574569702,4.040832996368408,4.224262714385986
2014-08-06,3.6125729084014893,3.7314882278442383,3.8827970027923584,3.598187208175659,3.7103288173675537,3.8572542667388916
2014-08-07,3.5941684246063232,3.718369960784912,3.853271245956421,3.6326816082000732,3.738089084625244,3.84334397315979
2014-08-08,1.9916962385177612,2.085188865661621,2.185515880584717,2.035555839538574,2.1055612564086914,2.1756834983825684
2014-08-09,3.8944473266601562,3.89039945602417,3.877535581588745,3.9566001892089844,3.970057725906372,3.9684503078460693
2014-08-10,3.626448154449463,3.7101340293884277,3.8319804668426514,3.5367040634155273,3.6195685863494873,3.724637031555176
2014-08-11,3.4690966606140137,3.495673894882202,3.5815582275390625,3.4794270992279053,3.5072896480560303,3.5719940662384033
2014-08-12,3.168027877807617,3.157325267791748,3.1590240001678467,3.3295531272888184,3.313671350479126,3.3018555641174316
2014-08-13,3.024451971054077,3.12396240234375,3.260432720184326,3.032297134399414,3.108157157897949,3.20267915725708
2014-08-14,1.6743773221969604,1.7811098098754883,1.9041194915771484,1.607794165611267,1.6953747272491455,1.798184871673584
2014-08-15,1.361419439315796,1.423825979232788,1.5140286684036255,1.4052793979644775,1.4573540687561035,1.5350315570831299
2014-08-16,0.9780114889144897,0.9651654958724976,0.9944344162940979,1.1434381008148193,1.1151540279388428,1.1168073415756226
2014-08-17,1.6093462705612183,1.5936871767044067,1.6194735765457153,1.7443488836288452,1.7233552932739258,1.7343518733978271
2014-08-18,2.748772621154785,2.7708780765533447,2.769779920578003,2.7809665203094482,2.791111469268799,2.7795190811157227
2014-08-19,2.6096880435943604,2.760688543319702,2.9262797832489014,2.609649896621704,2.748640537261963,2.8960630893707275
2014-08-20,2.7081942558288574,2.8109750747680664,2.9108126163482666,2.5661559104919434,2.6432535648345947,2.717010259628296
2014-08-21,3.6766180992126465,3.7509937286376953,3.888186454772949,3.6203293800354004,3.6702022552490234,3.76310133934021
2014-08-22,3.725764751434326,3.831310749053955,3.9625163078308105,3.936613082885742,4.029616832733154,4.121310710906982
2014-08-23,2.342468023300171,2.405674934387207,2.4831008911132812,2.3239548206329346,2.3760643005371094,2.4413554668426514
2014-08-24,2.0083212852478027,2.041154623031616,2.082479476928711,2.168182134628296,2.173837184906006,2.1857471466064453
2014-08-25,1.5976814031600952,1.6789947748184204,1.7670660018920898,1.5851784944534302,1.6758440732955933,1.7673321962356567
2014-08-26,1.7698752880096436,1.818108320236206,1.93271803855896,1.896690845489502,1.921581745147705,1.9903875589370728
2014-08-27,1.858245849609375,1.9681047201156616,2.0868306159973145,1.8043100833892822,1.9041913747787476,2.001461982727051
2014-08-28,1.15975022315979,1.1737642288208008,1.255927562713623,1.0847527980804443,1.095167636871338,1.186193823814392
2014-08-29,2.7126097679138184,2.810899019241333,2.9299089908599854,2.6607351303100586,2.7477569580078125,2.8527441024780273
2014-08-30,3.2342002391815186,3.420423746109009,3.6657042503356934,3.2767486572265625,3.4513182640075684,3.6710851192474365
2014-08-31,1.5834321975708008,1.6291707754135132,1.7041443586349487,1.5549664497375488,1.586681604385376,1.635553002357483
2014-09-01,1.5198380947113037,1.5846716165542603,1.6684602499008179,1.5765801668167114,1.6324970722198486,1.7069103717803955
2014-09-02,2.9933736324310303,3.085841417312622,3.1788530349731445,2.968585729598999,3.0407543182373047,3.1209356784820557
2014-09-03,4.376506328582764,4.534611225128174,4.731586456298828,4.358813285827637,4.494272708892822,4.658102989196777
2014-09-04,1.9583697319030762,2.0741045475006104,2.1897568702697754,1.8474992513656616,1.9428741931915283,2.0420982837677
2014-09-05,2.2170774936676025,2.255070924758911,2.369321584701538,2.180915355682373,2.1960949897766113,2.2644150257110596
2014-09-06,3.3905532360076904,3.5781102180480957,3.8433685302734375,3.5493650436401367,3.706936836242676,3.8919246196746826
2014-09-07,4.337265491485596,4.532392501831055,4.830056190490723,4.250715255737305,4.391432285308838,4.619202613830566
2014-09-08,2.1443445682525635,2.292675256729126,2.508497953414917,2.2391653060913086,2.3759405612945557,2.552821636199951
2014-09-09,4.361149787902832,4.409737586975098,4.450322151184082,4.183640003204346,4.200017929077148,4.195736885070801
2014-09-10,2.111729621887207,2.1591808795928955,2.276689052581787,2.1468286514282227,2.165337324142456,2.2295870780944824
2014-09-11,4.229676723480225,4.292803764343262,4.343404769897461,4.30467414855957,4.345092296600342,4.37415885925293
2014-09-12,1.7096275091171265,1.8238377571105957,1.9783215522766113,1.7126390933990479,1.8008848428726196,1.9114543199539185
2014-09-13,2.0858192443847656,2.1708884239196777,2.287440538406372,2.050043821334839,2.1331660747528076,2.235830068588257
2014-09-14,1.5245697498321533,1.6030956506729126,1.7085520029067993,1.4782158136367798,1.539104700088501,1.6136231422424316
2014-09-15,4.541116237640381,4.651548385620117,4.741802215576172,4.373302936553955,4.471329212188721,4.553282260894775
2014-09-16,5.142773151397705,5.331730842590332,5.560091018676758,5.027533531188965,5.187083721160889,5.368438720703125
2014-09-17,1.9757903814315796,1.978529453277588,2.005403518676758,1.9727531671524048,1.9513121843338013,1.9375669956207275
2014-09-18,4.103859901428223,4.1523823738098145,4.216675281524658,4.160318374633789,4.202175140380859,4.2433600425720215
2014-09-19,3.714015245437622,3.7872068881988525,3.892146348953247,3.842064619064331,3.9035372734069824,3.980613946914673
2014-09-20,3.966442584991455,4.135265350341797,4.3651509284973145,3.9687154293060303,4.119419574737549,4.317813873291016
2014-09-21,1.958071231842041,2.1274447441101074,2.351285934448242,1.9312009811401367,2.094085931777954,2.301827907562256
2014-09-22,3.3551971912384033,3.3005435466766357,3.2418415546417236,3.451355218887329,3.3923470973968506,3.307528018951416
2014-09-23,3.0660998821258545,3.133767604827881,3.240764617919922,3.1061618328094482,3.1627843379974365,3.2514357566833496
2014-09-24,2.789766550064087,2.8525962829589844,2.960505962371826,2.8930938243865967,2.939671754837036,3.005084276199341
2014-09-25,2.625603675842285,2.7059357166290283,2.828047037124634,2.473085403442383,2.5329623222351074,2.6242902278900146
2014-09-26,2.0864360332489014,2.1320183277130127,2.2563118934631348,2.0895323753356934,2.1037707328796387,2.1840157508850098
2014-09-27,1.6088874340057373,1.6961479187011719,1.9608728885650635,1.6430938243865967,1.7238428592681885,1.9624899625778198
2014-09-28,4.098206520080566,4.189833641052246,4.3765058517456055,4.071928977966309,4.142339706420898,4.280643939971924
2014-09-29,3.54152512550354,3.751042366027832,4.010117053985596,3.5065760612487793,3.6871225833892822,3.9052276611328125
2014-09-30,2.4357333183288574,2.3842673301696777,2.4149563312530518,2.465146780014038,2.3862998485565186,2.3673276901245117
2014-10-01,2.74531626701355,2.7838566303253174,2.876673936843872,2.857004404067993,2.889082670211792,2.965012311935425
2014-10-02,3.8642890453338623,3.9393205642700195,4.102384567260742,3.9992783069610596,4.0442609786987305,4.146559238433838
2014-10-03,1.7099623680114746,1.7654551267623901,1.8512235879898071,1.6204578876495361,1.6526951789855957,1.7038590908050537
2014-10-04,1.2714228630065918,1.2358577251434326,1.1975005865097046,1.332774043083191,1.3214374780654907,1.301842451095581
2014-10-05,4.070194721221924,4.077878475189209,4.1003570556640625,4.102102279663086,4.058629035949707,4.022393703460693
2014-10-06,4.880817413330078,4.933027267456055,4.990972995758057,4.60638952255249,4.637573719024658,4.677670478820801
2014-10-07,2.7456350326538086,2.8057479858398438,2.8919878005981445,2.5621562004089355,2.5964879989624023,2.6479077339172363
2014-10-08,2.666811943054199,2.6956112384796143,2.7002203464508057,2.4191830158233643,2.4334239959716797,2.4246392250061035
2014-10-09,2.766672372817993,2.84944224357605,2.9213712215423584,2.584996223449707,2.6517632007598877,2.7079074382781982
2014-10-10,2.611794948577881,2.7063238620758057,2.830303192138672,2.4633615016937256,2.531439781188965,2.6169397830963135
2014-10-11,3.6044492721557617,3.7868175506591797,3.9923946857452393,3.5193214416503906,3.6860060691833496,3.867464065551758
2014-10-12,2.3192014694213867,2.431598663330078,2.5907955169677734,2.368657350540161,2.45554780960083,2.5807511806488037
2014-10-13,1.979675531387329,1.9688432216644287,1.9575786590576172,1.9267523288726807,1.9090445041656494,1.8884246349334717
2014-10-14,2.4181931018829346,2.4704201221466064,2.616499900817871,2.5123870372772217,2.5600948333740234,2.683420419692993
2014-10-15,2.254453659057617,2.2145752906799316,2.2146270275115967,2.4552488327026367,2.413984537124634,2.405357599258423
2014-10-16,2.1924450397491455,2.202202320098877,2.243868350982666,2.272287368774414,2.2760207653045654,2.301905632019043
2014-10-17,1.356743335723877,1.3308275938034058,1.3217682838439941,1.4651356935501099,1.4374336004257202,1.4170457124710083
2014-10-18,2.604196071624756,2.5818309783935547,2.5398190021514893,2.7522377967834473,2.7347798347473145,2.6779263019561768
2014-10-19,2.4874470233917236,2.5029919147491455,2.525339365005493,2.5480899810791016,2.5686566829681396,2.5996060371398926
2014-10-20,3.008758306503296,3.0957424640655518,3.2083420753479004,2.8771839141845703,2.9521119594573975,3.03651762008667
2014-10-21,1.485754370689392,1.6218304634094238,1.8993357419967651,1.6246072053909302,1.7051818370819092,1.8814799785614014
2014-10-22,4.7567644119262695,5.124875068664551,5.592728614807129,4.098052501678467,4.373081207275391,4.755581855773926
2014-10-23,3.1484174728393555,3.3067216873168945,3.5836498737335205,3.128685474395752,3.2343194484710693,3.420931100845337
2014-10-24,4.353707313537598,4.357519626617432,4.361513137817383,4.473829746246338,4.468664169311523,4.464588165283203
2014-10-25,1.771802544593811,1.8146843910217285,1.924336314201355,1.7864887714385986,1.8078200817108154,1.8836140632629395
2014-10-26,4.493880271911621,4.497285842895508,4.562294006347656,4.5722503662109375,4.554096698760986,4.555066108703613
2014-10-27,5.0165300369262695,5.190238952636719,5.400355339050293,4.925022125244141,5.063427448272705,5.2153143882751465
2014-10-28,3.1887569427490234,3.378523111343384,3.645925998687744,3.2580180168151855,3.416106939315796,3.6145315170288086
2014-10-29,3.633021116256714,3.5405805110931396,3.4320247173309326,3.5215249061584473,3.4209039211273193,3.307656764984131
2014-10-30,1.5272881984710693,1.528320550918579,1.5711915493011475,1.4955579042434692,1.4890689849853516,1.5061386823654175
2014-10-31,11.246424674987793,11.289538383483887,11.182818412780762,11.08357048034668,11.125288963317871,11.016464233398438
2014-11-01,9.124238014221191,9.384591102600098,9.655134201049805,9.129323959350586,9.347991943359375,9.535136222839355
2014-11-02,3.1222221851348877,3.2790398597717285,3.5757157802581787,3.1117563247680664,3.242116689682007,3.498250961303711
2014-11-03,3.5514228343963623,3.681795597076416,3.832609176635742,3.3846192359924316,3.485008478164673,3.6082563400268555
2014-11-04,4.324872970581055,4.406691551208496,4.546050071716309,4.291190147399902,4.339692115783691,4.421802043914795
2014-11-05,4.351617813110352,4.427900314331055,4.510028839111328,4.255325794219971,4.315006256103516,4.388558387756348
2014-11-06,4.889908790588379,4.970231056213379,5.084186553955078,5.016501426696777,5.086684226989746,5.170284748077393
2014-11-07,3.598294258117676,3.6354801654815674,3.7531113624572754,3.4823997020721436,3.511737108230591,3.5905439853668213
2014-11-08,4.654413223266602,4.713974475860596,4.861650466918945,4.669673442840576,4.7160820960998535,4.840087890625
2014-11-09,5.4544243812561035,5.6652374267578125,5.917168617248535,5.5030694007873535,5.704514026641846,5.9206929206848145
2014-11-10,2.813413143157959,2.935967445373535,3.119776725769043,2.9131691455841064,3.0152487754821777,3.14894437789917
2014-11-11,2.8693668842315674,2.8962483406066895,2.9850380420684814,3.0375285148620605,3.0249500274658203,3.0433411598205566
2014-11-12,4.497867584228516,4.568149566650391,4.645564079284668,4.36329984664917,4.405515193939209,4.4566216468811035
2014-11-13,6.052455425262451,6.202854633331299,6.39081335067749,6.0484819412231445,6.161125183105469,6.3066816329956055
2014-11-14,4.647712707519531,4.68876314163208,4.772311687469482,4.6528778076171875,4.6635661125183105,4.70225715637207
2014-11-15,5.688006401062012,5.733208179473877,5.873955726623535,5.6720733642578125,5.671782493591309,5.745446681976318
2014-11-16,8.057600021362305,8.260457038879395,8.52700424194336,8.057558059692383,8.215483665466309,8.424278259277344
2014-11-17,4.492923259735107,4.53019905090332,4.609528541564941,4.687870979309082,4.710554599761963,4.682528495788574
2014-11-18,3.1976494789123535,3.2234671115875244,3.2312443256378174,3.085695743560791,3.1024973392486572,3.11753249168396
2014-11-19,3.8508107662200928,3.8491363525390625,3.9059290885925293,3.714905023574829,3.689643621444702,3.7188708782196045
2014-11-20,4.697702884674072,4.792520523071289,4.878045558929443,4.645259380340576,4.704470634460449,4.744660377502441
2014-11-21,4.007847309112549,4.104957103729248,4.203813076019287,3.987178325653076,4.076541423797607,4.161430358886719
2014-11-22,3.2960917949676514,3.26273512840271,3.217428684234619,3.486692428588867,3.4568464756011963,3.404784917831421
2014-11-23,2.688838243484497,2.774325132369995,2.897798538208008,2.7041618824005127,2.777799129486084,2.898334264755249
2014-11-24,3.2590396404266357,3.2405765056610107,3.2671620845794678,3.266920566558838,3.2286500930786133,3.223114013671875
2014-11-25,5.979137420654297,5.995253086090088,6.040425777435303,6.128756046295166,6.126817226409912,6.151044845581055
2014-11-26,3.8652451038360596,4.029116630554199,4.276788234710693,3.975720167160034,4.109127044677734,4.30936861038208
2014-11-27,1.5630755424499512,1.5966670513153076,1.7339513301849365,1.5037100315093994,1.5141085386276245,1.6247307062149048
2014-11-28,5.9503021240234375,6.041511058807373,6.205814361572266,6.0249924659729,6.088281631469727,6.199112415313721
2014-11-29,5.821229457855225,5.966142654418945,6.131804466247559,5.759714603424072,5.870532035827637,5.99562931060791
2014-11-30,6.155886173248291,6.24811315536499,6.376986980438232,6.130375385284424,6.201639175415039,6.299720764160156
2014-12-01,4.459837913513184,4.705745220184326,5.071264743804932,4.5346245765686035,4.740854263305664,5.036700248718262
2014-12-02,3.794055461883545,3.882707118988037,4.057060718536377,3.5778462886810303,3.6522529125213623,3.7932369709014893
2014-12-03,2.1499874591827393,2.217289447784424,2.4422359466552734,2.2066469192504883,2.238936424255371,2.3903090953826904
2014-12-04,8.857688903808594,8.920891761779785,9.069900512695312,9.067119598388672,9.083673477172852,9.138285636901855
2014-12-05,4.930240154266357,5.161121368408203,5.481068134307861,4.998030662536621,5.211177825927734,5.495462894439697
2014-12-06,4.977044105529785,5.043662071228027,5.147064208984375,5.1610002517700195,5.2445268630981445,5.32410192489624
2014-12-07,3.5524187088012695,3.5500552654266357,3.4915249347686768,3.4402217864990234,3.449115514755249,3.418733835220337
2014-12-08,6.6892242431640625,6.744331359863281,6.896039009094238,6.755420684814453,6.780127048492432,6.875879764556885
2014-12-09,5.912388801574707,6.229145526885986,6.646420478820801,5.479969024658203,5.758057117462158,6.111801624298096
2014-12-10,3.3512489795684814,3.327526092529297,3.260216236114502,3.5091729164123535,3.4932563304901123,3.432805061340332
2014-12-11,2.611825704574585,2.7229151725769043,2.841954469680786,2.4882421493530273,2.5746684074401855,2.668794870376587
2014-12-12,5.016911506652832,5.375093460083008,5.925168514251709,4.704533576965332,5.02968168258667,5.50924015045166
2014-12-13,3.3503201007843018,3.4270083904266357,3.6219840049743652,3.391618251800537,3.4469399452209473,3.5793402194976807
2014-12-14,5.3406291007995605,5.450290203094482,5.618123531341553,5.463146686553955,5.552016735076904,5.684670925140381
2014-12-15,3.9619059562683105,4.080545902252197,4.3510894775390625,3.8997554779052734,3.996368408203125,4.23559045791626
2014-12-16,5.006831645965576,5.034085750579834,5.055802822113037,5.036855697631836,5.043838024139404,5.054156303405762
2014-12-17,6.678380966186523,6.991505146026611,7.350955009460449,6.4990692138671875,6.7849273681640625,7.100114822387695
2014-12-18,4.836667537689209,4.816965103149414,4.836136817932129,5.008258819580078,4.990503787994385,4.998790740966797
2014-12-19,4.067298889160156,4.066586971282959,4.0355682373046875,4.129964828491211,4.122292518615723,4.075679302215576
2014-12-20,4.469891548156738,4.8126044273376465,5.251861572265625,4.300881385803223,4.628644943237305,5.048380374908447
2014-12-21,4.90889835357666,5.164725303649902,5.522815227508545,4.9452996253967285,5.188286304473877,5.513206958770752
2014-12-22,2.371969223022461,2.479635238647461,2.786691427230835,2.347294807434082,2.437058687210083,2.719393730163574
2014-12-23,4.577208995819092,4.616786479949951,4.571116924285889,4.364419937133789,4.387730121612549,4.354626655578613
2014-12-24,4.832738399505615,4.8987531661987305,4.910455703735352,4.678366661071777,4.714902877807617,4.70998477935791
2014-12-25,3.106984853744507,3.268158197402954,3.501112461090088,3.1379148960113525,3.261030673980713,3.4379594326019287
2014-12-26,4.206340312957764,4.430438995361328,4.691789150238037,4.132156848907471,4.34401798248291,4.569508075714111
2014-12-27,3.9785516262054443,4.321139335632324,4.749833583831787,3.9105734825134277,4.240037441253662,4.6307291984558105
2014-12-28,2.6336288452148438,2.8776073455810547,3.2553343772888184,2.4346539974212646,2.650390863418579,3.005781412124634
2014-12-29,2.748269557952881,2.9317681789398193,3.1801466941833496,2.7076327800750732,2.86728835105896,3.085744619369507
2014-12-30,3.3390636444091797,3.480506420135498,3.7004435062408447,3.4668939113616943,3.581789255142212,3.7665412425994873
2014-12-31,2.859147071838379,3.002410411834717,3.2104620933532715,3.118394613265991,3.2484018802642822,3.432335615158081
